Mes,Numero de pedido,Numero de tienda,_mes_ord
Octubre 2026,11888483,1004,2026-10
Octubre 2026,11888478,2998,2026-10
Octubre 2026,11888477,3601,2026-10
Octubre 2026,11888475,1024,2026-10
Octubre 2026,11888474,2998,2026-10
Octubre 2026,11888470,2998,2026-10
Octubre 2026,11888469,RTPU-FULLGM-S2S-1092,2026-10
Octubre 2026,11888467,3601,2026-10
Octubre 2026,11888466,3601,2026-10
Octubre 2026,11888463,1024,2026-10
Octubre 2026,11888460,3605,2026-10
Octubre 2026,11888458,1055,2026-10
Octubre 2026,11888456,1007,2026-10
Octubre 2026,11888455,1058,2026-10
Octubre 2026,11888454,3605,2026-10
Octubre 2026,11888453,1007,2026-10
Octubre 2026,11888452,2999,2026-10
Octubre 2026,11888451,1007,2026-10
Octubre 2026,11888449,3605,2026-10
Octubre 2026,11888447,3613,2026-10
Octubre 2026,11888446,2999,2026-10
Octubre 2026,11888445,3605,2026-10
Octubre 2026,11888444,1008,2026-10
Octubre 2026,11888443,wm-1012,2026-10
Octubre 2026,11888442,2997,2026-10
Octubre 2026,11888440,1020,2026-10
Octubre 2026,11888438,3605,2026-10
Octubre 2026,11888437,2997,2026-10
Octubre 2026,11888436,1080,2026-10
Octubre 2026,11888435,1006,2026-10
Octubre 2026,11888434,3605,2026-10
Octubre 2026,11888433,1024,2026-10
Octubre 2026,11888431,1057,2026-10
Octubre 2026,11888430,1004,2026-10
Octubre 2026,11888429,1080,2026-10
Octubre 2026,11888428,1057,2026-10
Octubre 2026,11888427,3605,2026-10
Octubre 2026,11888426,2997,2026-10
Octubre 2026,11888425,2997,2026-10
Octubre 2026,11888424,2999,2026-10
Octubre 2026,11888423,1008,2026-10
Octubre 2026,11888422,1058,2026-10
Octubre 2026,11888421,2997,2026-10
Octubre 2026,11888420,1006,2026-10
Octubre 2026,11888419,1024,2026-10
Octubre 2026,11888418,1057,2026-10
Octubre 2026,11888417,1080,2026-10
Octubre 2026,11888416,2999,2026-10
Octubre 2026,11888415,2997,2026-10
Octubre 2026,11888413,1031,2026-10
Octubre 2026,11888412,3605,2026-10
Octubre 2026,11888411,2999,2026-10
Octubre 2026,11888410,3605,2026-10
Octubre 2026,11888409,1011,2026-10
Octubre 2026,11888408,1076,2026-10
Octubre 2026,11888407,1080,2026-10
Octubre 2026,11888405,1004,2026-10
Octubre 2026,11888404,1038,2026-10
Octubre 2026,11888403,wm-1012,2026-10
Octubre 2026,11888402,3605,2026-10
Octubre 2026,11888401,1038,2026-10
Octubre 2026,11888400,1087,2026-10
Octubre 2026,11888399,3601,2026-10
Octubre 2026,11888397,1024,2026-10
Octubre 2026,11888396,2997,2026-10
Octubre 2026,11888395,1020,2026-10
Octubre 2026,11888394,3608,2026-10
Octubre 2026,11888391,2999,2026-10
Octubre 2026,11888390,1057,2026-10
Octubre 2026,11888389,1008,2026-10
Octubre 2026,11888387,2999,2026-10
Octubre 2026,11888386,2997,2026-10
Octubre 2026,11888384,2997,2026-10
Octubre 2026,11888383,3605,2026-10
Octubre 2026,11888382,1024,2026-10
Octubre 2026,11888381,3613,2026-10
Octubre 2026,11888379,2998,2026-10
Octubre 2026,11888376,1055,2026-10
Octubre 2026,11888375,1004,2026-10
Octubre 2026,11888373,1007,2026-10
Octubre 2026,11888372,1058,2026-10
Octubre 2026,11888368,1004,2026-10
Octubre 2026,11888367,3605,2026-10
Octubre 2026,11888366,1055,2026-10
Octubre 2026,11888365,1008,2026-10
Octubre 2026,11888364,2998,2026-10
Octubre 2026,11888363,3608,2026-10
Octubre 2026,11888362,1006,2026-10
Octubre 2026,11888361,1020,2026-10
Octubre 2026,11888360,1080,2026-10
Octubre 2026,11888359,3605,2026-10
Octubre 2026,11888357,1003,2026-10
Octubre 2026,11888356,1080,2026-10
Octubre 2026,11888355,1003,2026-10
Octubre 2026,11888354,1002,2026-10
Octubre 2026,11888352,1020,2026-10
Octubre 2026,11888350,1002,2026-10
Octubre 2026,11888348,1008,2026-10
Octubre 2026,11888347,1115,2026-10
Octubre 2026,11888346,3601,2026-10
Octubre 2026,11888345,1038,2026-10
Octubre 2026,11888344,1058,2026-10
Octubre 2026,11888343,3608,2026-10
Octubre 2026,11888341,1058,2026-10
Octubre 2026,11888340,3605,2026-10
Octubre 2026,11888339,1057,2026-10
Octubre 2026,11888337,1087,2026-10
Octubre 2026,11888336,3605,2026-10
Octubre 2026,11888335,1020,2026-10
Octubre 2026,11888334,1088,2026-10
Octubre 2026,11888332,3608,2026-10
Octubre 2026,11888331,1002,2026-10
Octubre 2026,11888329,1020,2026-10
Octubre 2026,11888327,1054,2026-10
Octubre 2026,11888326,3601,2026-10
Octubre 2026,11888325,1111,2026-10
Octubre 2026,11888324,1004,2026-10
Octubre 2026,11888320,1020,2026-10
Octubre 2026,11888318,3603,2026-10
Octubre 2026,11888316,1058,2026-10
Octubre 2026,11888315,2999,2026-10
Octubre 2026,11888312,2997,2026-10
Octubre 2026,11888311,3608,2026-10
Octubre 2026,11888310,2998,2026-10
Octubre 2026,11888309,1056,2026-10
Octubre 2026,11888308,2997,2026-10
Octubre 2026,11888307,3613,2026-10
Octubre 2026,11888306,3605,2026-10
Octubre 2026,11888305,1080,2026-10
Octubre 2026,11888304,3601,2026-10
Octubre 2026,11888301,1024,2026-10
Octubre 2026,11888300,1058,2026-10
Octubre 2026,11888299,3605,2026-10
Octubre 2026,11888298,3613,2026-10
Octubre 2026,11888297,1024,2026-10
Octubre 2026,11888296,1087,2026-10
Octubre 2026,11888295,2998,2026-10
Octubre 2026,11888293,2997,2026-10
Octubre 2026,11888292,1087,2026-10
Octubre 2026,11888289,3605,2026-10
Octubre 2026,11888287,1008,2026-10
Octubre 2026,11888286,1115,2026-10
Octubre 2026,11888285,1057,2026-10
Octubre 2026,11888284,3604,2026-10
Octubre 2026,11888283,1024,2026-10
Octubre 2026,11888282,3601,2026-10
Octubre 2026,11888277,1024,2026-10
Octubre 2026,11888275,1003,2026-10
Octubre 2026,11888270,1020,2026-10
Octubre 2026,11888269,3605,2026-10
Octubre 2026,11888268,3605,2026-10
Octubre 2026,11888267,2999,2026-10
Octubre 2026,11888266,1020,2026-10
Octubre 2026,11888265,1020,2026-10
Octubre 2026,11888264,3605,2026-10
Octubre 2026,11888263,3605,2026-10
Octubre 2026,11888262,1003,2026-10
Octubre 2026,11888260,3605,2026-10
Octubre 2026,11888258,3603,2026-10
Octubre 2026,11888257,3605,2026-10
Octubre 2026,11888254,2998,2026-10
Octubre 2026,11888252,1080,2026-10
Octubre 2026,11888247,1002,2026-10
Octubre 2026,11888246,1008,2026-10
Octubre 2026,11888242,2998,2026-10
Octubre 2026,11888241,3613,2026-10
Octubre 2026,11888240,3605,2026-10
Octubre 2026,11888239,3603,2026-10
Octubre 2026,11888238,3605,2026-10
Octubre 2026,11888237,3601,2026-10
Octubre 2026,11888235,1003,2026-10
Octubre 2026,11888234,2998,2026-10
Octubre 2026,11888232,2997,2026-10
Octubre 2026,11888231,2997,2026-10
Octubre 2026,11888227,3608,2026-10
Octubre 2026,11888226,3605,2026-10
Octubre 2026,11888224,1057,2026-10
Octubre 2026,11888223,2997,2026-10
Octubre 2026,11888222,1087,2026-10
Octubre 2026,11888220,1008,2026-10
Octubre 2026,11888219,1003,2026-10
Octubre 2026,11888218,1080,2026-10
Octubre 2026,11888216,1024,2026-10
Octubre 2026,11888215,1008,2026-10
Octubre 2026,11888214,2998,2026-10
Octubre 2026,11888212,2997,2026-10
Octubre 2026,11888211,1003,2026-10
Octubre 2026,11888210,3608,2026-10
Octubre 2026,11888209,3602,2026-10
Octubre 2026,11888208,2997,2026-10
Octubre 2026,11888207,3601,2026-10
Octubre 2026,11888206,1024,2026-10
Octubre 2026,11888205,2998,2026-10
Octubre 2026,11888204,2998,2026-10
Octubre 2026,11888203,1115,2026-10
Octubre 2026,11888199,2999,2026-10
Octubre 2026,11888198,2998,2026-10
Octubre 2026,11888195,1003,2026-10
Octubre 2026,11888192,1114,2026-10
Octubre 2026,11888190,2997,2026-10
Octubre 2026,11888188,1020,2026-10
Octubre 2026,11888187,1008,2026-10
Octubre 2026,11888186,1067,2026-10
Octubre 2026,11888183,3605,2026-10
Octubre 2026,11888182,3605,2026-10
Octubre 2026,11888179,2997,2026-10
Octubre 2026,11888178,wm-1012,2026-10
Octubre 2026,11888177,3604,2026-10
Octubre 2026,11888176,3602,2026-10
Octubre 2026,11888175,3604,2026-10
Octubre 2026,11888174,1080,2026-10
Octubre 2026,11888173,2997,2026-10
Octubre 2026,11888172,1011,2026-10
Octubre 2026,11888170,2997,2026-10
Octubre 2026,11888168,3605,2026-10
Octubre 2026,11888167,1057,2026-10
Octubre 2026,11888166,1004,2026-10
Octubre 2026,11888165,1024,2026-10
Octubre 2026,11888164,wm-1012,2026-10
Octubre 2026,11888163,3605,2026-10
Octubre 2026,11888157,3605,2026-10
Octubre 2026,11888156,3604,2026-10
Octubre 2026,11888154,2997,2026-10
Octubre 2026,11888152,2997,2026-10
Octubre 2026,11888151,1057,2026-10
Octubre 2026,11888148,2997,2026-10
Octubre 2026,11888147,3605,2026-10
Octubre 2026,11888143,1077,2026-10
Octubre 2026,11888142,3605,2026-10
Octubre 2026,11888141,3601,2026-10
Octubre 2026,11888140,3605,2026-10
Octubre 2026,11888139,2998,2026-10
Octubre 2026,11888137,3613,2026-10
Octubre 2026,11888136,1020,2026-10
Octubre 2026,11888134,1003,2026-10
Octubre 2026,11888132,2997,2026-10
Octubre 2026,11888131,1115,2026-10
Octubre 2026,11888130,1006,2026-10
Octubre 2026,11888129,1006,2026-10
Octubre 2026,11888128,3603,2026-10
Octubre 2026,11888126,3608,2026-10
Octubre 2026,11888124,3608,2026-10
Octubre 2026,11888122,1087,2026-10
Octubre 2026,11888121,3601,2026-10
Octubre 2026,11888119,1003,2026-10
Octubre 2026,11888118,3605,2026-10
Octubre 2026,11888117,1053,2026-10
Octubre 2026,11888116,3602,2026-10
Octubre 2026,11888115,1024,2026-10
Octubre 2026,11888114,3603,2026-10
Octubre 2026,11888113,3601,2026-10
Octubre 2026,11888112,3605,2026-10
Octubre 2026,11888110,1024,2026-10
Octubre 2026,11888108,3605,2026-10
Octubre 2026,11888107,3601,2026-10
Octubre 2026,11888104,3605,2026-10
Octubre 2026,11888103,3605,2026-10
Octubre 2026,11888102,1054,2026-10
Octubre 2026,11888100,3602,2026-10
Octubre 2026,11888099,1024,2026-10
Octubre 2026,11888098,3605,2026-10
Octubre 2026,11888097,3602,2026-10
Octubre 2026,11888096,1051,2026-10
Octubre 2026,11888095,3602,2026-10
Octubre 2026,11888094,1004,2026-10
Octubre 2026,11888093,1087,2026-10
Octubre 2026,11888092,2999,2026-10
Octubre 2026,11888089,1004,2026-10
Octubre 2026,11888088,1055,2026-10
Octubre 2026,11888087,3601,2026-10
Octubre 2026,11888086,3605,2026-10
Octubre 2026,11888083,1008,2026-10
Octubre 2026,11888082,1080,2026-10
Octubre 2026,11888080,3603,2026-10
Octubre 2026,11888079,3605,2026-10
Octubre 2026,11888076,1024,2026-10
Octubre 2026,11888074,3604,2026-10
Octubre 2026,11888073,3605,2026-10
Octubre 2026,11888072,2998,2026-10
Octubre 2026,11888071,1006,2026-10
Octubre 2026,11888070,3608,2026-10
Octubre 2026,11888069,1004,2026-10
Octubre 2026,11888068,2997,2026-10
Octubre 2026,11888067,3603,2026-10
Octubre 2026,11888065,3602,2026-10
Octubre 2026,11888064,2998,2026-10
Octubre 2026,11888062,1031,2026-10
Octubre 2026,11888058,3602,2026-10
Octubre 2026,11888057,2998,2026-10
Octubre 2026,11888056,3613,2026-10
Octubre 2026,11888055,1024,2026-10
Octubre 2026,11888054,1038,2026-10
Octubre 2026,11888053,1011,2026-10
Octubre 2026,11888052,3613,2026-10
Octubre 2026,11888051,3601,2026-10
Octubre 2026,11888049,1087,2026-10
Octubre 2026,11888048,1024,2026-10
Octubre 2026,11888047,1055,2026-10
Octubre 2026,11888046,1003,2026-10
Octubre 2026,11888045,1080,2026-10
Octubre 2026,11888044,2998,2026-10
Octubre 2026,11888043,3604,2026-10
Octubre 2026,11888042,2998,2026-10
Octubre 2026,11888041,1087,2026-10
Octubre 2026,11888040,2999,2026-10
Octubre 2026,11888039,3602,2026-10
Octubre 2026,11888038,2998,2026-10
Octubre 2026,11888036,2997,2026-10
Octubre 2026,11888035,1004,2026-10
Octubre 2026,11888033,3605,2026-10
Octubre 2026,11888031,3601,2026-10
Octubre 2026,11888030,3601,2026-10
Octubre 2026,11888029,3601,2026-10
Octubre 2026,11888028,3605,2026-10
Octubre 2026,11888027,3604,2026-10
Octubre 2026,11888026,1008,2026-10
Octubre 2026,11888024,3613,2026-10
Octubre 2026,11888023,3601,2026-10
Octubre 2026,11888022,3603,2026-10
Octubre 2026,11888021,2997,2026-10
Octubre 2026,11888020,2997,2026-10
Octubre 2026,11888019,1087,2026-10
Octubre 2026,11888018,1061,2026-10
Octubre 2026,11888015,1108,2026-10
Octubre 2026,11888014,1115,2026-10
Octubre 2026,11888013,1024,2026-10
Octubre 2026,11888011,1024,2026-10
Octubre 2026,11888010,1057,2026-10
Octubre 2026,11888009,2998,2026-10
Octubre 2026,11888008,3603,2026-10
Octubre 2026,11888007,1057,2026-10
Octubre 2026,11888006,3603,2026-10
Octubre 2026,11888005,1002,2026-10
Octubre 2026,11888004,3605,2026-10
Octubre 2026,11888003,2997,2026-10
Octubre 2026,11888002,3608,2026-10
Octubre 2026,11888001,3601,2026-10
Octubre 2026,11887999,3613,2026-10
Octubre 2026,11887996,1003,2026-10
Octubre 2026,11887994,1020,2026-10
Octubre 2026,11887992,1087,2026-10
Octubre 2026,11887990,2998,2026-10
Octubre 2026,11887989,1006,2026-10
Octubre 2026,11887988,2998,2026-10
Octubre 2026,11887987,2997,2026-10
Octubre 2026,11887986,2998,2026-10
Octubre 2026,11887985,1003,2026-10
Octubre 2026,11887984,2999,2026-10
Octubre 2026,11887982,3603,2026-10
Octubre 2026,11887981,3603,2026-10
Octubre 2026,11887980,1051,2026-10
Octubre 2026,11887979,3604,2026-10
Octubre 2026,11887978,3602,2026-10
Octubre 2026,11887976,2998,2026-10
Octubre 2026,11887975,1002,2026-10
Octubre 2026,11887973,1038,2026-10
Octubre 2026,11887969,3604,2026-10
Octubre 2026,11887968,3605,2026-10
Octubre 2026,11887966,2999,2026-10
Octubre 2026,11887965,2997,2026-10
Octubre 2026,11887960,3613,2026-10
Octubre 2026,11887958,1058,2026-10
Octubre 2026,11887957,1011,2026-10
Octubre 2026,11887956,2998,2026-10
Octubre 2026,11887952,3605,2026-10
Octubre 2026,11887951,3613,2026-10
Octubre 2026,11887950,3613,2026-10
Octubre 2026,11887949,3603,2026-10
Octubre 2026,11887946,1087,2026-10
Octubre 2026,11887942,2997,2026-10
Octubre 2026,11887941,2997,2026-10
Octubre 2026,11887940,3613,2026-10
Octubre 2026,11887937,3605,2026-10
Octubre 2026,11887935,1080,2026-10
Octubre 2026,11887934,3604,2026-10
Octubre 2026,11887933,3608,2026-10
Octubre 2026,11887931,1031,2026-10
Octubre 2026,11887929,1080,2026-10
Octubre 2026,11887922,1002,2026-10
Octubre 2026,11887921,1024,2026-10
Octubre 2026,11887919,3605,2026-10
Octubre 2026,11887917,2997,2026-10
Octubre 2026,11887916,3601,2026-10
Octubre 2026,11887914,1020,2026-10
Octubre 2026,11887913,3605,2026-10
Octubre 2026,11887912,1020,2026-10
Octubre 2026,11887911,3604,2026-10
Octubre 2026,11887910,1087,2026-10
Octubre 2026,11887909,1056,2026-10
Octubre 2026,11887908,1002,2026-10
Octubre 2026,11887905,2999,2026-10
Octubre 2026,11887903,2998,2026-10
Octubre 2026,11887902,1057,2026-10
Octubre 2026,11887898,1031,2026-10
Octubre 2026,11887897,1031,2026-10
Octubre 2026,11887896,2999,2026-10
Octubre 2026,11887895,1058,2026-10
Octubre 2026,11887894,3605,2026-10
Octubre 2026,11887893,2997,2026-10
Octubre 2026,11887892,3605,2026-10
Octubre 2026,11887891,2998,2026-10
Octubre 2026,11887890,3605,2026-10
Octubre 2026,11887887,1087,2026-10
Octubre 2026,11887886,2999,2026-10
Octubre 2026,11887885,3605,2026-10
Octubre 2026,11887884,3604,2026-10
Octubre 2026,11887883,1058,2026-10
Octubre 2026,11887882,1020,2026-10
Octubre 2026,11887881,1008,2026-10
Octubre 2026,11887880,1026,2026-10
Octubre 2026,11887878,1087,2026-10
Octubre 2026,11887877,1087,2026-10
Octubre 2026,11887876,3602,2026-10
Octubre 2026,11887875,1011,2026-10
Octubre 2026,11887874,3605,2026-10
Octubre 2026,11887873,1024,2026-10
Octubre 2026,11887872,3605,2026-10
Octubre 2026,11887870,1080,2026-10
Octubre 2026,11887868,3605,2026-10
Octubre 2026,11887867,3601,2026-10
Octubre 2026,11887864,2998,2026-10
Octubre 2026,11887862,1031,2026-10
Octubre 2026,11887860,2999,2026-10
Octubre 2026,11887859,2999,2026-10
Octubre 2026,11887858,1004,2026-10
Octubre 2026,11887857,2999,2026-10
Octubre 2026,11887855,2997,2026-10
Octubre 2026,11887854,3613,2026-10
Octubre 2026,11887853,1024,2026-10
Octubre 2026,11887852,1020,2026-10
Octubre 2026,11887849,2997,2026-10
Octubre 2026,11887848,3605,2026-10
Octubre 2026,11887847,2997,2026-10
Octubre 2026,11887846,1057,2026-10
Octubre 2026,11887845,wm-1012,2026-10
Octubre 2026,11887844,3605,2026-10
Octubre 2026,11887843,2997,2026-10
Octubre 2026,11887842,1002,2026-10
Octubre 2026,11887841,wm-1012,2026-10
Octubre 2026,11887840,3601,2026-10
Octubre 2026,11887839,RTPU-FULLGM-1082,2026-10
Octubre 2026,11887838,1003,2026-10
Octubre 2026,11887836,1087,2026-10
Octubre 2026,11887835,1058,2026-10
Octubre 2026,11887833,2998,2026-10
Octubre 2026,11887832,2998,2026-10
Octubre 2026,11887831,1002,2026-10
Octubre 2026,11887830,2999,2026-10
Octubre 2026,11887827,3605,2026-10
Octubre 2026,11887826,1026,2026-10
Octubre 2026,11887825,1078,2026-10
Octubre 2026,11887824,1003,2026-10
Octubre 2026,11887822,1054,2026-10
Octubre 2026,11887821,1108,2026-10
Octubre 2026,11887820,2999,2026-10
Octubre 2026,11887819,2999,2026-10
Octubre 2026,11887816,1080,2026-10
Octubre 2026,11887814,2998,2026-10
Octubre 2026,11887813,1054,2026-10
Octubre 2026,11887812,1042,2026-10
Octubre 2026,11887811,1058,2026-10
Octubre 2026,11887809,1055,2026-10
Octubre 2026,11887808,1057,2026-10
Octubre 2026,11887806,1024,2026-10
Octubre 2026,11887805,1004,2026-10
Octubre 2026,11887797,2997,2026-10
Octubre 2026,11887796,1087,2026-10
Octubre 2026,11887794,1054,2026-10
Octubre 2026,11887793,3602,2026-10
Octubre 2026,11887791,3601,2026-10
Octubre 2026,11887789,2997,2026-10
Octubre 2026,11887788,2997,2026-10
Octubre 2026,11887787,3601,2026-10
Octubre 2026,11887786,2997,2026-10
Octubre 2026,11887784,1008,2026-10
Octubre 2026,11887783,3605,2026-10
Octubre 2026,11887782,1006,2026-10
Octubre 2026,11887779,3601,2026-10
Octubre 2026,11887778,2997,2026-10
Octubre 2026,11887777,2998,2026-10
Octubre 2026,11887776,1020,2026-10
Octubre 2026,11887774,1003,2026-10
Octubre 2026,11887773,1087,2026-10
Octubre 2026,11887767,3601,2026-10
Octubre 2026,11887766,1020,2026-10
Octubre 2026,11887764,2999,2026-10
Octubre 2026,11887763,3603,2026-10
Octubre 2026,11887762,1087,2026-10
Octubre 2026,11887761,3601,2026-10
Octubre 2026,11887760,3608,2026-10
Octubre 2026,11887758,3605,2026-10
Octubre 2026,11887753,2999,2026-10
Octubre 2026,11887752,3605,2026-10
Octubre 2026,11887751,1087,2026-10
Octubre 2026,11887749,1057,2026-10
Octubre 2026,11887748,1004,2026-10
Octubre 2026,11887747,3604,2026-10
Octubre 2026,11887746,1108,2026-10
Octubre 2026,11887745,1087,2026-10
Octubre 2026,11887743,2997,2026-10
Octubre 2026,11887742,2998,2026-10
Octubre 2026,11887741,3605,2026-10
Octubre 2026,11887738,1031,2026-10
Octubre 2026,11887737,1058,2026-10
Octubre 2026,11887736,1002,2026-10
Octubre 2026,11887735,1004,2026-10
Octubre 2026,11887734,1024,2026-10
Octubre 2026,11887732,3603,2026-10
Octubre 2026,11887728,1006,2026-10
Octubre 2026,11887727,1108,2026-10
Octubre 2026,11887723,3608,2026-10
Octubre 2026,11887720,1038,2026-10
Octubre 2026,11887719,3605,2026-10
Octubre 2026,11887717,1024,2026-10
Octubre 2026,11887716,3605,2026-10
Octubre 2026,11887715,3605,2026-10
Octubre 2026,11887714,2998,2026-10
Octubre 2026,11887712,3608,2026-10
Octubre 2026,11887711,1057,2026-10
Octubre 2026,11887710,3605,2026-10
Octubre 2026,11887709,2997,2026-10
Octubre 2026,11887708,2998,2026-10
Octubre 2026,11887707,1057,2026-10
Octubre 2026,11887706,3601,2026-10
Octubre 2026,11887705,2998,2026-10
Octubre 2026,11887704,1108,2026-10
Octubre 2026,11887703,1003,2026-10
Octubre 2026,11887702,1004,2026-10
Octubre 2026,11887701,3604,2026-10
Octubre 2026,11887700,3601,2026-10
Octubre 2026,11887699,1087,2026-10
Octubre 2026,11887698,3603,2026-10
Octubre 2026,11887696,2999,2026-10
Octubre 2026,11887695,1002,2026-10
Octubre 2026,11887694,1006,2026-10
Octubre 2026,11887690,3604,2026-10
Octubre 2026,11887688,3605,2026-10
Octubre 2026,11887685,1054,2026-10
Octubre 2026,11887683,3602,2026-10
Octubre 2026,11887682,1003,2026-10
Octubre 2026,11887679,3613,2026-10
Octubre 2026,11887677,1087,2026-10
Octubre 2026,11887676,2997,2026-10
Octubre 2026,11887675,1057,2026-10
Octubre 2026,11887674,1053,2026-10
Octubre 2026,11887673,2998,2026-10
Octubre 2026,11887672,2999,2026-10
Octubre 2026,11887671,3605,2026-10
Octubre 2026,11887669,2997,2026-10
Octubre 2026,11887668,3601,2026-10
Octubre 2026,11887666,3602,2026-10
Octubre 2026,11887662,1008,2026-10
Octubre 2026,11887661,1038,2026-10
Octubre 2026,11887660,3603,2026-10
Octubre 2026,11887658,1024,2026-10
Octubre 2026,11887657,2997,2026-10
Octubre 2026,11887656,1080,2026-10
Octubre 2026,11887655,3605,2026-10
Octubre 2026,11887652,3605,2026-10
Octubre 2026,11887651,2997,2026-10
Octubre 2026,11887650,1074,2026-10
Octubre 2026,11887649,3608,2026-10
Octubre 2026,11887648,3605,2026-10
Octubre 2026,11887646,1002,2026-10
Octubre 2026,11887645,1051,2026-10
Octubre 2026,11887642,1051,2026-10
Octubre 2026,11887641,3605,2026-10
Octubre 2026,11887640,1024,2026-10
Octubre 2026,11887639,1061,2026-10
Octubre 2026,11887637,1011,2026-10
Octubre 2026,11887636,2998,2026-10
Octubre 2026,11887635,1004,2026-10
Octubre 2026,11887634,1020,2026-10
Octubre 2026,11887633,3613,2026-10
Octubre 2026,11887632,3605,2026-10
Octubre 2026,11887630,3601,2026-10
Octubre 2026,11887629,3613,2026-10
Octubre 2026,11887628,2997,2026-10
Octubre 2026,11887627,1056,2026-10
Octubre 2026,11887624,1002,2026-10
Octubre 2026,11887623,3601,2026-10
Octubre 2026,11887622,1087,2026-10
Octubre 2026,11887621,3602,2026-10
Octubre 2026,11887620,1057,2026-10
Octubre 2026,11887619,3605,2026-10
Octubre 2026,11887618,1004,2026-10
Octubre 2026,11887617,2997,2026-10
Octubre 2026,11887615,1004,2026-10
Octubre 2026,11887611,1057,2026-10
Octubre 2026,11887609,3603,2026-10
Octubre 2026,11887608,1057,2026-10
Octubre 2026,11887607,1004,2026-10
Octubre 2026,11887606,1038,2026-10
Octubre 2026,11887603,3613,2026-10
Octubre 2026,11887602,1011,2026-10
Octubre 2026,11887601,2997,2026-10
Octubre 2026,11887600,1020,2026-10
Octubre 2026,11887598,1024,2026-10
Octubre 2026,11887596,3602,2026-10
Octubre 2026,11887595,1057,2026-10
Octubre 2026,11887593,2997,2026-10
Octubre 2026,11887589,3603,2026-10
Octubre 2026,11887588,2997,2026-10
Octubre 2026,11887584,wm-1081,2026-10
Octubre 2026,11887583,3603,2026-10
Octubre 2026,11887581,1054,2026-10
Octubre 2026,11887580,3604,2026-10
Octubre 2026,11887579,1008,2026-10
Octubre 2026,11887576,1002,2026-10
Octubre 2026,11887573,2997,2026-10
Octubre 2026,11887571,1024,2026-10
Octubre 2026,11887569,2999,2026-10
Octubre 2026,11887568,1007,2026-10
Octubre 2026,11887563,3604,2026-10
Octubre 2026,11887561,3604,2026-10
Octubre 2026,11887560,3605,2026-10
Octubre 2026,11887559,3603,2026-10
Octubre 2026,11887557,3601,2026-10
Octubre 2026,11887556,3605,2026-10
Octubre 2026,11887555,1011,2026-10
Octubre 2026,11887553,1004,2026-10
Octubre 2026,11887552,1111,2026-10
Octubre 2026,11887551,1022,2026-10
Octubre 2026,11887550,2999,2026-10
Octubre 2026,11887549,3608,2026-10
Octubre 2026,11887546,2999,2026-10
Octubre 2026,11887545,1011,2026-10
Octubre 2026,11887544,1024,2026-10
Octubre 2026,11887542,1024,2026-10
Octubre 2026,11887541,2999,2026-10
Octubre 2026,11887539,1004,2026-10
Octubre 2026,11887538,3603,2026-10
Octubre 2026,11887537,1020,2026-10
Octubre 2026,11887536,3605,2026-10
Octubre 2026,11887535,2998,2026-10
Octubre 2026,11887532,1051,2026-10
Octubre 2026,11887531,1024,2026-10
Octubre 2026,11887527,3601,2026-10
Octubre 2026,11887526,1031,2026-10
Octubre 2026,11887525,2999,2026-10
Octubre 2026,11887523,2998,2026-10
Octubre 2026,11887522,1087,2026-10
Octubre 2026,11887521,1058,2026-10
Octubre 2026,11887520,2998,2026-10
Octubre 2026,11887518,3601,2026-10
Octubre 2026,11887517,2997,2026-10
Octubre 2026,11887516,1006,2026-10
Octubre 2026,11887515,3602,2026-10
Octubre 2026,11887513,1024,2026-10
Octubre 2026,11887512,3605,2026-10
Octubre 2026,11887511,2998,2026-10
Octubre 2026,11887510,3602,2026-10
Octubre 2026,11887509,3605,2026-10
Octubre 2026,11887506,3604,2026-10
Octubre 2026,11887503,1011,2026-10
Octubre 2026,11887500,1058,2026-10
Octubre 2026,11887498,1033,2026-10
Octubre 2026,11887497,3605,2026-10
Octubre 2026,11887496,2997,2026-10
Octubre 2026,11887495,3602,2026-10
Octubre 2026,11887494,3605,2026-10
Octubre 2026,11887491,1024,2026-10
Octubre 2026,11887483,2998,2026-10
Octubre 2026,11887482,3603,2026-10
Octubre 2026,11887481,2998,2026-10
Octubre 2026,11887480,1057,2026-10
Octubre 2026,11887479,2998,2026-10
Octubre 2026,11887477,3603,2026-10
Octubre 2026,11887476,2997,2026-10
Octubre 2026,11887474,2998,2026-10
Octubre 2026,11887473,3605,2026-10
Octubre 2026,11887472,3602,2026-10
Octubre 2026,11887471,2997,2026-10
Octubre 2026,11887469,1003,2026-10
Octubre 2026,11887467,3603,2026-10
Octubre 2026,11887466,3601,2026-10
Octubre 2026,11887465,1024,2026-10
Octubre 2026,11887464,2998,2026-10
Octubre 2026,11887463,3605,2026-10
Octubre 2026,11887462,1002,2026-10
Octubre 2026,11887461,2997,2026-10
Octubre 2026,11887460,1008,2026-10
Octubre 2026,11887458,3605,2026-10
Octubre 2026,11887457,3601,2026-10
Octubre 2026,11887456,3605,2026-10
Octubre 2026,11887454,2997,2026-10
Octubre 2026,11887453,1008,2026-10
Octubre 2026,11887452,3604,2026-10
Octubre 2026,11887450,1087,2026-10
Octubre 2026,11887445,2998,2026-10
Octubre 2026,11887444,1004,2026-10
Octubre 2026,11887443,2998,2026-10
Octubre 2026,11887442,1033,2026-10
Octubre 2026,11887440,1080,2026-10
Octubre 2026,11887437,1024,2026-10
Octubre 2026,11887436,1024,2026-10
Octubre 2026,11887435,3608,2026-10
Octubre 2026,11887434,1002,2026-10
Octubre 2026,11887432,1008,2026-10
Octubre 2026,11887431,3605,2026-10
Octubre 2026,11887430,1024,2026-10
Octubre 2026,11887429,1061,2026-10
Octubre 2026,11887428,3602,2026-10
Octubre 2026,11887427,2998,2026-10
Octubre 2026,11887425,1038,2026-10
Octubre 2026,11887420,1007,2026-10
Octubre 2026,11887419,3605,2026-10
Octubre 2026,11887414,1057,2026-10
Octubre 2026,11887412,3605,2026-10
Octubre 2026,11887411,1006,2026-10
Octubre 2026,11887410,1077,2026-10
Octubre 2026,11887408,3608,2026-10
Octubre 2026,11887407,3613,2026-10
Octubre 2026,11887406,3608,2026-10
Octubre 2026,11887404,3605,2026-10
Octubre 2026,11887402,3601,2026-10
Octubre 2026,11887401,1024,2026-10
Octubre 2026,11887400,1024,2026-10
Octubre 2026,11887399,3605,2026-10
Octubre 2026,11887398,2999,2026-10
Octubre 2026,11887397,1002,2026-10
Octubre 2026,11887395,3601,2026-10
Octubre 2026,11887394,2997,2026-10
Octubre 2026,11887392,1087,2026-10
Octubre 2026,11887387,3613,2026-10
Octubre 2026,11887385,1024,2026-10
Octubre 2026,11887384,1004,2026-10
Octubre 2026,11887381,3601,2026-10
Octubre 2026,11887379,1024,2026-10
Octubre 2026,11887375,1020,2026-10
Octubre 2026,11887374,1087,2026-10
Octubre 2026,11887373,3602,2026-10
Octubre 2026,11887370,2997,2026-10
Octubre 2026,11887367,3602,2026-10
Octubre 2026,11887366,3605,2026-10
Octubre 2026,11887361,1020,2026-10
Octubre 2026,11887359,1115,2026-10
Octubre 2026,11887358,3603,2026-10
Octubre 2026,11887348,3601,2026-10
Octubre 2026,11887347,3604,2026-10
Octubre 2026,11887346,1003,2026-10
Octubre 2026,11887345,2997,2026-10
Octubre 2026,11887344,3601,2026-10
Octubre 2026,11887343,2997,2026-10
Octubre 2026,11887342,3613,2026-10
Octubre 2026,11887340,3601,2026-10
Octubre 2026,11887338,1003,2026-10
Octubre 2026,11887337,2999,2026-10
Octubre 2026,11887335,2998,2026-10
Octubre 2026,11887334,2997,2026-10
Octubre 2026,11887333,1054,2026-10
Octubre 2026,11887332,3605,2026-10
Octubre 2026,11887331,2997,2026-10
Octubre 2026,11887328,2999,2026-10
Octubre 2026,11887326,3605,2026-10
Octubre 2026,11887325,2997,2026-10
Octubre 2026,11887324,3605,2026-10
Octubre 2026,11887323,1022,2026-10
Octubre 2026,11887322,1024,2026-10
Octubre 2026,11887321,2998,2026-10
Octubre 2026,11887320,3605,2026-10
Octubre 2026,11887319,2999,2026-10
Octubre 2026,11887317,2997,2026-10
Octubre 2026,11887316,1087,2026-10
Octubre 2026,11887314,3602,2026-10
Octubre 2026,11887313,2998,2026-10
Octubre 2026,11887312,3602,2026-10
Octubre 2026,11887311,2998,2026-10
Octubre 2026,11887310,2998,2026-10
Octubre 2026,11887309,1006,2026-10
Octubre 2026,11887307,1087,2026-10
Octubre 2026,11887306,1087,2026-10
Octubre 2026,11887303,1008,2026-10
Octubre 2026,11887302,2997,2026-10
Octubre 2026,11887301,2999,2026-10
Octubre 2026,11887298,1080,2026-10
Octubre 2026,11887297,1004,2026-10
Octubre 2026,11887294,1067,2026-10
Octubre 2026,11887293,3601,2026-10
Octubre 2026,11887292,3605,2026-10
Octubre 2026,11887291,2999,2026-10
Octubre 2026,11887290,1031,2026-10
Octubre 2026,11887289,3613,2026-10
Octubre 2026,11887287,1020,2026-10
Octubre 2026,11887285,1002,2026-10
Octubre 2026,11887283,3605,2026-10
Octubre 2026,11887282,1024,2026-10
Octubre 2026,11887280,2997,2026-10
Octubre 2026,11887278,1024,2026-10
Octubre 2026,11887277,1098,2026-10
Octubre 2026,11887276,2999,2026-10
Octubre 2026,11887274,2999,2026-10
Octubre 2026,11887272,2997,2026-10
Octubre 2026,11887271,3605,2026-10
Octubre 2026,11887270,1031,2026-10
Octubre 2026,11887269,3605,2026-10
Octubre 2026,11887268,1024,2026-10
Octubre 2026,11887267,3601,2026-10
Octubre 2026,11887266,3601,2026-10
Octubre 2026,11887265,2997,2026-10
Octubre 2026,11887264,3601,2026-10
Octubre 2026,11887263,2998,2026-10
Octubre 2026,11887262,1008,2026-10
Octubre 2026,11887261,1008,2026-10
Octubre 2026,11887260,3605,2026-10
Octubre 2026,11887257,1087,2026-10
Octubre 2026,11887256,3603,2026-10
Octubre 2026,11887255,2997,2026-10
Octubre 2026,11887254,1024,2026-10
Octubre 2026,11887251,3602,2026-10
Octubre 2026,11887250,1087,2026-10
Octubre 2026,11887249,1002,2026-10
Octubre 2026,11887248,2997,2026-10
Octubre 2026,11887247,3603,2026-10
Octubre 2026,11887246,2999,2026-10
Octubre 2026,11887245,3613,2026-10
Octubre 2026,11887244,2999,2026-10
Octubre 2026,11887243,3608,2026-10
Octubre 2026,11887241,3613,2026-10
Octubre 2026,11887240,3604,2026-10
Octubre 2026,11887237,2999,2026-10
Octubre 2026,11887236,2997,2026-10
Octubre 2026,11887235,1011,2026-10
Octubre 2026,11887234,1087,2026-10
Octubre 2026,11887233,3608,2026-10
Octubre 2026,11887232,3602,2026-10
Octubre 2026,11887231,1058,2026-10
Octubre 2026,11887230,3602,2026-10
Octubre 2026,11887228,2999,2026-10
Octubre 2026,11887227,3605,2026-10
Octubre 2026,11887226,1011,2026-10
Octubre 2026,11887225,2997,2026-10
Octubre 2026,11887224,3602,2026-10
Octubre 2026,11887223,2997,2026-10
Octubre 2026,11887221,1088,2026-10
Octubre 2026,11887218,1024,2026-10
Octubre 2026,11887216,3604,2026-10
Octubre 2026,11887215,2997,2026-10
Octubre 2026,11887211,3601,2026-10
Octubre 2026,11887210,2997,2026-10
Octubre 2026,11887209,2997,2026-10
Octubre 2026,11887208,2997,2026-10
Octubre 2026,11887207,3603,2026-10
Octubre 2026,11887206,2997,2026-10
Octubre 2026,11887205,1087,2026-10
Octubre 2026,11887204,3605,2026-10
Octubre 2026,11887203,1008,2026-10
Octubre 2026,11887202,2998,2026-10
Octubre 2026,11887201,1008,2026-10
Octubre 2026,11887195,1004,2026-10
Octubre 2026,11887193,2997,2026-10
Octubre 2026,11887192,1002,2026-10
Octubre 2026,11887191,2997,2026-10
Octubre 2026,11887190,2997,2026-10
Octubre 2026,11887189,1006,2026-10
Octubre 2026,11887187,2999,2026-10
Octubre 2026,11887184,3602,2026-10
Octubre 2026,11887182,2998,2026-10
Octubre 2026,11887181,2998,2026-10
Octubre 2026,11887180,3613,2026-10
Octubre 2026,11887177,2997,2026-10
Octubre 2026,11887176,2998,2026-10
Octubre 2026,11887175,1020,2026-10
Octubre 2026,11887174,3603,2026-10
Octubre 2026,11887173,3613,2026-10
Octubre 2026,11887170,1002,2026-10
Octubre 2026,11887169,3601,2026-10
Octubre 2026,11887168,3601,2026-10
Octubre 2026,11887165,3613,2026-10
Octubre 2026,11887164,3601,2026-10
Octubre 2026,11887161,3613,2026-10
Octubre 2026,11887159,1002,2026-10
Octubre 2026,11887156,2997,2026-10
Octubre 2026,11887155,1008,2026-10
Octubre 2026,11887151,3613,2026-10
Octubre 2026,11887150,2997,2026-10
Octubre 2026,11887149,3603,2026-10
Octubre 2026,11887148,2999,2026-10
Octubre 2026,11887147,2997,2026-10
Octubre 2026,11887146,2999,2026-10
Octubre 2026,11887144,1087,2026-10
Octubre 2026,11887142,3605,2026-10
Octubre 2026,11887141,3603,2026-10
Octubre 2026,11887140,3604,2026-10
Octubre 2026,11887139,3601,2026-10
Octubre 2026,11887137,2998,2026-10
Octubre 2026,11887136,1087,2026-10
Octubre 2026,11887135,1008,2026-10
Octubre 2026,11887134,3608,2026-10
Octubre 2026,11887133,2999,2026-10
Octubre 2026,11887132,2997,2026-10
Octubre 2026,11887131,2999,2026-10
Octubre 2026,11887130,1057,2026-10
Octubre 2026,11887129,2999,2026-10
Octubre 2026,11887128,2999,2026-10
Octubre 2026,11887127,1038,2026-10
Octubre 2026,11887126,3613,2026-10
Octubre 2026,11887125,2999,2026-10
Octubre 2026,11887124,3605,2026-10
Octubre 2026,11887122,1020,2026-10
Octubre 2026,11887121,1087,2026-10
Octubre 2026,11887120,3602,2026-10
Octubre 2026,11887119,1004,2026-10
Octubre 2026,11887117,2997,2026-10
Octubre 2026,11887115,3601,2026-10
Octubre 2026,11887114,3601,2026-10
Octubre 2026,11887113,2998,2026-10
Octubre 2026,11887112,3605,2026-10
Octubre 2026,11887110,2999,2026-10
Octubre 2026,11887106,2999,2026-10
Octubre 2026,11887104,2997,2026-10
Octubre 2026,11887103,3608,2026-10
Octubre 2026,11887102,1002,2026-10
Octubre 2026,11887101,2997,2026-10
Octubre 2026,11887099,3601,2026-10
Octubre 2026,11887094,3613,2026-10
Octubre 2026,11887093,1003,2026-10
Octubre 2026,11887091,2997,2026-10
Octubre 2026,11887089,1077,2026-10
Octubre 2026,11887088,2997,2026-10
Octubre 2026,11887087,1024,2026-10
Octubre 2026,11887085,3602,2026-10
Octubre 2026,11887084,3613,2026-10
Octubre 2026,11887083,1003,2026-10
Octubre 2026,11887079,2997,2026-10
Octubre 2026,11887078,3602,2026-10
Octubre 2026,11887077,3605,2026-10
Octubre 2026,11887076,2999,2026-10
Octubre 2026,11887074,2998,2026-10
Octubre 2026,11887073,3605,2026-10
Octubre 2026,11887070,1054,2026-10
Octubre 2026,11887069,3608,2026-10
Octubre 2026,11887068,3613,2026-10
Octubre 2026,11887066,3605,2026-10
Octubre 2026,11887065,3613,2026-10
Octubre 2026,11887062,3601,2026-10
Octubre 2026,11887061,2998,2026-10
Octubre 2026,11887060,1003,2026-10
Octubre 2026,11887059,3605,2026-10
Octubre 2026,11887058,2999,2026-10
Octubre 2026,11887057,1002,2026-10
Octubre 2026,11887054,3601,2026-10
Octubre 2026,11887053,2998,2026-10
Octubre 2026,11887052,2997,2026-10
Octubre 2026,11887049,3601,2026-10
Octubre 2026,11887048,3601,2026-10
Octubre 2026,11887047,3601,2026-10
Octubre 2026,11887046,3601,2026-10
Octubre 2026,11887045,2999,2026-10
Octubre 2026,11887044,1004,2026-10
Octubre 2026,11887043,3602,2026-10
Octubre 2026,11887042,1006,2026-10
Octubre 2026,11887041,1057,2026-10
Octubre 2026,11887040,3608,2026-10
Octubre 2026,11887039,2998,2026-10
Octubre 2026,11887038,3601,2026-10
Octubre 2026,11887037,1067,2026-10
Octubre 2026,11887035,1057,2026-10
Octubre 2026,11887034,3608,2026-10
Octubre 2026,11887032,1003,2026-10
Octubre 2026,11887031,1024,2026-10
Octubre 2026,11887030,1004,2026-10
Octubre 2026,11887029,1057,2026-10
Octubre 2026,11887028,2997,2026-10
Octubre 2026,11887027,3602,2026-10
Octubre 2026,11887026,2997,2026-10
Octubre 2026,11887025,1087,2026-10
Octubre 2026,11887024,3601,2026-10
Octubre 2026,11887023,3605,2026-10
Octubre 2026,11887022,1023,2026-10
Octubre 2026,11887021,2997,2026-10
Octubre 2026,11887020,1006,2026-10
Octubre 2026,11887019,2997,2026-10
Octubre 2026,11887017,3605,2026-10
Octubre 2026,11887016,3602,2026-10
Octubre 2026,11887015,3601,2026-10
Octubre 2026,11887012,2999,2026-10
Octubre 2026,11887011,3603,2026-10
Octubre 2026,11887009,1087,2026-10
Octubre 2026,11887007,3605,2026-10
Octubre 2026,11887006,2998,2026-10
Octubre 2026,11887005,2997,2026-10
Octubre 2026,11887003,1115,2026-10
Octubre 2026,11887002,3613,2026-10
Octubre 2026,11887001,1020,2026-10
Octubre 2026,11887000,3601,2026-10
Octubre 2026,11886998,3613,2026-10
Octubre 2026,11886997,2997,2026-10
Octubre 2026,11886996,1087,2026-10
Octubre 2026,11886995,3605,2026-10
Octubre 2026,11886994,wm-1012,2026-10
Octubre 2026,11886993,2997,2026-10
Octubre 2026,11886992,1002,2026-10
Octubre 2026,11886991,1057,2026-10
Octubre 2026,11886990,2999,2026-10
Octubre 2026,11886989,2997,2026-10
Octubre 2026,11886988,2997,2026-10
Octubre 2026,11886987,3603,2026-10
Octubre 2026,11886986,1006,2026-10
Octubre 2026,11886985,3613,2026-10
Octubre 2026,11886984,2998,2026-10
Octubre 2026,11886983,3605,2026-10
Octubre 2026,11886982,1056,2026-10
Octubre 2026,11886980,3605,2026-10
Octubre 2026,11886975,3605,2026-10
Octubre 2026,11886974,2997,2026-10
Octubre 2026,11886973,2998,2026-10
Octubre 2026,11886972,2998,2026-10
Octubre 2026,11886971,1087,2026-10
Octubre 2026,11886970,3605,2026-10
Octubre 2026,11886969,3605,2026-10
Octubre 2026,11886968,2997,2026-10
Octubre 2026,11886967,3605,2026-10
Octubre 2026,11886966,2999,2026-10
Octubre 2026,11886965,3613,2026-10
Octubre 2026,11886964,3613,2026-10
Octubre 2026,11886963,2999,2026-10
Octubre 2026,11886961,1087,2026-10
Octubre 2026,11886960,1056,2026-10
Octubre 2026,11886959,3603,2026-10
Octubre 2026,11886957,3605,2026-10
Octubre 2026,11886956,3605,2026-10
Octubre 2026,11886955,2999,2026-10
Octubre 2026,11886954,3602,2026-10
Octubre 2026,11886953,3605,2026-10
Octubre 2026,11886952,1087,2026-10
Octubre 2026,11886951,1115,2026-10
Octubre 2026,11886950,3605,2026-10
Octubre 2026,11886949,2997,2026-10
Octubre 2026,11886948,1003,2026-10
Octubre 2026,11886947,2999,2026-10
Octubre 2026,11886946,1024,2026-10
Octubre 2026,11886945,3605,2026-10
Octubre 2026,11886943,1011,2026-10
Octubre 2026,11886942,3613,2026-10
Octubre 2026,11886941,1087,2026-10
Octubre 2026,11886940,3604,2026-10
Octubre 2026,11886939,2998,2026-10
Octubre 2026,11886938,3605,2026-10
Octubre 2026,11886936,3601,2026-10
Octubre 2026,11886935,3601,2026-10
Octubre 2026,11886934,3602,2026-10
Octubre 2026,11886930,3605,2026-10
Octubre 2026,11886929,2998,2026-10
Octubre 2026,11886928,2999,2026-10
Octubre 2026,11886926,2997,2026-10
Octubre 2026,11886925,3604,2026-10
Octubre 2026,11886924,3601,2026-10
Octubre 2026,11886923,1020,2026-10
Octubre 2026,11886917,2997,2026-10
Octubre 2026,11886916,3605,2026-10
Octubre 2026,11886915,2998,2026-10
Octubre 2026,11886913,3605,2026-10
Octubre 2026,11886910,1004,2026-10
Octubre 2026,11886907,2997,2026-10
Octubre 2026,11886903,3604,2026-10
Octubre 2026,11886901,3603,2026-10
Octubre 2026,11886899,3601,2026-10
Octubre 2026,11886898,1108,2026-10
Octubre 2026,11886897,masonlineprod0102-inv-pp-1018,2026-10
Octubre 2026,11886896,masonlineprod0102-inv-pp-1018,2026-10
Octubre 2026,11886895,2998,2026-10
Octubre 2026,11886894,3605,2026-10
Octubre 2026,11886893,3604,2026-10
Octubre 2026,11886892,1054,2026-10
Octubre 2026,11886890,2998,2026-10
Octubre 2026,11886887,2997,2026-10
Octubre 2026,11886886,2997,2026-10
Octubre 2026,11886884,3613,2026-10
Octubre 2026,11886883,1055,2026-10
Octubre 2026,11886882,1087,2026-10
Octubre 2026,11886881,3602,2026-10
Octubre 2026,11886880,3605,2026-10
Octubre 2026,11886878,1054,2026-10
Octubre 2026,11886877,3605,2026-10
Octubre 2026,11886876,1068,2026-10
Octubre 2026,11886875,2997,2026-10
Octubre 2026,11886874,2997,2026-10
Octubre 2026,11886873,2999,2026-10
Octubre 2026,11886872,2997,2026-10
Octubre 2026,11886871,1004,2026-10
Octubre 2026,11886870,3613,2026-10
Octubre 2026,11886869,1042,2026-10
Octubre 2026,11886868,3604,2026-10
Octubre 2026,11886867,3608,2026-10
Octubre 2026,11886866,2998,2026-10
Octubre 2026,11886865,2997,2026-10
Octubre 2026,11886864,3605,2026-10
Octubre 2026,11886863,1087,2026-10
Octubre 2026,11886862,3613,2026-10
Octubre 2026,11886861,1080,2026-10
Octubre 2026,11886860,3605,2026-10
Octubre 2026,11886858,2997,2026-10
Octubre 2026,11886857,3613,2026-10
Octubre 2026,11886856,1020,2026-10
Octubre 2026,11886855,1087,2026-10
Octubre 2026,11886854,1003,2026-10
Octubre 2026,11886852,2998,2026-10
Octubre 2026,11886849,3603,2026-10
Octubre 2026,11886848,2999,2026-10
Octubre 2026,11886846,3601,2026-10
Octubre 2026,11886845,3601,2026-10
Octubre 2026,11886843,2998,2026-10
Octubre 2026,11886842,1024,2026-10
Octubre 2026,11886841,3603,2026-10
Octubre 2026,11886840,3608,2026-10
Octubre 2026,11886838,3613,2026-10
Octubre 2026,11886837,1004,2026-10
Octubre 2026,11886835,2997,2026-10
Octubre 2026,11886834,3605,2026-10
Octubre 2026,11886833,3604,2026-10
Octubre 2026,11886831,2997,2026-10
Octubre 2026,11886829,2997,2026-10
Octubre 2026,11886827,2998,2026-10
Octubre 2026,11886825,3603,2026-10
Octubre 2026,11886824,2997,2026-10
Octubre 2026,11886823,3603,2026-10
Octubre 2026,11886822,2997,2026-10
Octubre 2026,11886821,1004,2026-10
Octubre 2026,11886820,1003,2026-10
Octubre 2026,11886819,3601,2026-10
Octubre 2026,11886816,3601,2026-10
Octubre 2026,11886814,3613,2026-10
Octubre 2026,11886812,1008,2026-10
Octubre 2026,11886809,1011,2026-10
Octubre 2026,11886807,3602,2026-10
Octubre 2026,11886806,3605,2026-10
Octubre 2026,11886804,3601,2026-10
Octubre 2026,11886802,2999,2026-10
Octubre 2026,11886799,3605,2026-10
Octubre 2026,11886797,3602,2026-10
Octubre 2026,11886795,2997,2026-10
Octubre 2026,11886794,2997,2026-10
Octubre 2026,11886793,2997,2026-10
Octubre 2026,11886792,2998,2026-10
Octubre 2026,11886791,1002,2026-10
Octubre 2026,11886789,2998,2026-10
Octubre 2026,11886788,1020,2026-10
Octubre 2026,11886787,1002,2026-10
Octubre 2026,11886786,1087,2026-10
Octubre 2026,11886784,1002,2026-10
Octubre 2026,11886783,2997,2026-10
Octubre 2026,11886782,3605,2026-10
Octubre 2026,11886780,3605,2026-10
Octubre 2026,11886779,2997,2026-10
Octubre 2026,11886778,2997,2026-10
Octubre 2026,11886776,3605,2026-10
Octubre 2026,11886775,3601,2026-10
Octubre 2026,11886774,2997,2026-10
Octubre 2026,11886773,2999,2026-10
Octubre 2026,11886772,2999,2026-10
Octubre 2026,11886771,3601,2026-10
Octubre 2026,11886770,3603,2026-10
Octubre 2026,11886769,3602,2026-10
Octubre 2026,11886768,2998,2026-10
Octubre 2026,11886767,2997,2026-10
Octubre 2026,11886766,2999,2026-10
Octubre 2026,11886765,2998,2026-10
Octubre 2026,11886764,3604,2026-10
Octubre 2026,11886763,3605,2026-10
Octubre 2026,11886762,3602,2026-10
Octubre 2026,11886760,3603,2026-10
Octubre 2026,11886759,2997,2026-10
Octubre 2026,11886758,1087,2026-10
Octubre 2026,11886757,3605,2026-10
Octubre 2026,11886756,3604,2026-10
Octubre 2026,11886755,2997,2026-10
Octubre 2026,11886754,3613,2026-10
Octubre 2026,11886751,1031,2026-10
Octubre 2026,11886750,3608,2026-10
Octubre 2026,11886749,3602,2026-10
Octubre 2026,11886748,1087,2026-10
Octubre 2026,11886747,3603,2026-10
Octubre 2026,11886745,3608,2026-10
Octubre 2026,11886744,3613,2026-10
Octubre 2026,11886743,2997,2026-10
Octubre 2026,11886742,2999,2026-10
Octubre 2026,11886739,2998,2026-10
Octubre 2026,11886738,3604,2026-10
Octubre 2026,11886737,3603,2026-10
Octubre 2026,11886735,3604,2026-10
Octubre 2026,11886734,3613,2026-10
Octubre 2026,11886733,3605,2026-10
Octubre 2026,11886732,3605,2026-10
Octubre 2026,11886731,3605,2026-10
Octubre 2026,11886730,3604,2026-10
Octubre 2026,11886729,2998,2026-10
Octubre 2026,11886728,2997,2026-10
Octubre 2026,11886727,2997,2026-10
Octubre 2026,11886725,2999,2026-10
Octubre 2026,11886724,2997,2026-10
Octubre 2026,11886723,3603,2026-10
Octubre 2026,11886722,1002,2026-10
Octubre 2026,11886721,3601,2026-10
Octubre 2026,11886719,1024,2026-10
Octubre 2026,11886718,3613,2026-10
Octubre 2026,11886717,2997,2026-10
Octubre 2026,11886716,2997,2026-10
Octubre 2026,11886715,1006,2026-10
Octubre 2026,11886714,2997,2026-10
Octubre 2026,11886713,1007,2026-10
Octubre 2026,11886712,3608,2026-10
Octubre 2026,11886711,3613,2026-10
Octubre 2026,11886710,2998,2026-10
Octubre 2026,11886708,3613,2026-10
Octubre 2026,11886707,2997,2026-10
Octubre 2026,11886704,3605,2026-10
Octubre 2026,11886703,2998,2026-10
Octubre 2026,11886700,1020,2026-10
Octubre 2026,11886698,wm-1012,2026-10
Octubre 2026,11886697,3613,2026-10
Octubre 2026,11886696,3605,2026-10
Octubre 2026,11886695,1020,2026-10
Octubre 2026,11886691,3604,2026-10
Octubre 2026,11886690,1024,2026-10
Octubre 2026,11886687,2999,2026-10
Octubre 2026,11886685,3603,2026-10
Octubre 2026,11886683,1006,2026-10
Octubre 2026,11886681,2997,2026-10
Octubre 2026,11886679,3603,2026-10
Octubre 2026,11886677,3605,2026-10
Octubre 2026,11886676,3613,2026-10
Octubre 2026,11886675,1006,2026-10
Octubre 2026,11886674,1004,2026-10
Octubre 2026,11886672,3613,2026-10
Octubre 2026,11886670,2997,2026-10
Octubre 2026,11886667,2997,2026-10
Octubre 2026,11886666,2999,2026-10
Octubre 2026,11886664,3613,2026-10
Octubre 2026,11886662,1020,2026-10
Octubre 2026,11886661,2998,2026-10
Octubre 2026,11886660,3601,2026-10
Octubre 2026,11886659,3613,2026-10
Octubre 2026,11886657,3608,2026-10
Octubre 2026,11886654,2997,2026-10
Octubre 2026,11886652,3603,2026-10
Octubre 2026,11886651,3603,2026-10
Octubre 2026,11886650,3605,2026-10
Octubre 2026,11886649,3603,2026-10
Octubre 2026,11886648,2997,2026-10
Octubre 2026,11886647,2999,2026-10
Octubre 2026,11886646,2998,2026-10
Octubre 2026,11886645,3601,2026-10
Octubre 2026,11886643,1020,2026-10
Octubre 2026,11886641,1006,2026-10
Octubre 2026,11886640,2997,2026-10
Octubre 2026,11886639,3601,2026-10
Octubre 2026,11886638,3613,2026-10
Octubre 2026,11886637,3605,2026-10
Octubre 2026,11886635,2997,2026-10
Octubre 2026,11886634,2997,2026-10
Octubre 2026,11886633,3605,2026-10
Octubre 2026,11886631,3602,2026-10
Octubre 2026,11886629,3601,2026-10
Octubre 2026,11886628,1056,2026-10
Octubre 2026,11886626,2997,2026-10
Octubre 2026,11886625,1087,2026-10
Octubre 2026,11886624,1078,2026-10
Octubre 2026,11886623,1020,2026-10
Octubre 2026,11886622,2998,2026-10
Octubre 2026,11886621,2997,2026-10
Octubre 2026,11886620,1004,2026-10
Octubre 2026,11886619,1002,2026-10
Octubre 2026,11886618,3605,2026-10
Octubre 2026,11886617,3608,2026-10
Octubre 2026,11886616,3601,2026-10
Octubre 2026,11886615,2998,2026-10
Octubre 2026,11886614,2997,2026-10
Octubre 2026,11886613,3601,2026-10
Octubre 2026,11886612,1020,2026-10
Octubre 2026,11886611,3601,2026-10
Octubre 2026,11886610,1002,2026-10
Octubre 2026,11886609,wm-1106,2026-10
Octubre 2026,11886608,1077,2026-10
Octubre 2026,11886606,2997,2026-10
Octubre 2026,11886604,3603,2026-10
Octubre 2026,11886603,1078,2026-10
Octubre 2026,11886602,1057,2026-10
Octubre 2026,11886601,1020,2026-10
Octubre 2026,11886599,2997,2026-10
Octubre 2026,11886598,1055,2026-10
Octubre 2026,11886597,3601,2026-10
Octubre 2026,11886596,2999,2026-10
Octubre 2026,11886595,2998,2026-10
Octubre 2026,11886593,2998,2026-10
Octubre 2026,11886592,1087,2026-10
Octubre 2026,11886591,1002,2026-10
Octubre 2026,11886588,2999,2026-10
Octubre 2026,11886586,2997,2026-10
Octubre 2026,11886585,3613,2026-10
Octubre 2026,11886583,2998,2026-10
Octubre 2026,11886582,2997,2026-10
Octubre 2026,11886581,2997,2026-10
Octubre 2026,11886580,RT-4001-,2026-10
Octubre 2026,11886579,3608,2026-10
Octubre 2026,11886578,3601,2026-10
Octubre 2026,11886577,1006,2026-10
Octubre 2026,11886576,2997,2026-10
Octubre 2026,11886573,3605,2026-10
Octubre 2026,11886572,1087,2026-10
Octubre 2026,11886571,3613,2026-10
Octubre 2026,11886570,2997,2026-10
Octubre 2026,11886569,2997,2026-10
Octubre 2026,11886568,3613,2026-10
Octubre 2026,11886567,2998,2026-10
Octubre 2026,11886563,1006,2026-10
Octubre 2026,11886561,1003,2026-10
Octubre 2026,11886558,1004,2026-10
Octubre 2026,11886554,2998,2026-10
Octubre 2026,11886553,1002,2026-10
Octubre 2026,11886552,3613,2026-10
Octubre 2026,11886551,3603,2026-10
Octubre 2026,11886549,2998,2026-10
Octubre 2026,11886548,3602,2026-10
Octubre 2026,11886547,3602,2026-10
Octubre 2026,11886546,2997,2026-10
Octubre 2026,11886545,1006,2026-10
Octubre 2026,11886544,3602,2026-10
Octubre 2026,11886543,3603,2026-10
Octubre 2026,11886542,2997,2026-10
Octubre 2026,11886541,2997,2026-10
Octubre 2026,11886540,2997,2026-10
Octubre 2026,11886539,2999,2026-10
Octubre 2026,11886538,3604,2026-10
Octubre 2026,11886537,3613,2026-10
Octubre 2026,11886534,1020,2026-10
Octubre 2026,11886533,3613,2026-10
Octubre 2026,11886531,1006,2026-10
Octubre 2026,11886530,1007,2026-10
Octubre 2026,11886529,1054,2026-10
Octubre 2026,11886528,3601,2026-10
Octubre 2026,11886527,2997,2026-10
Octubre 2026,11886524,1087,2026-10
Octubre 2026,11886523,3605,2026-10
Octubre 2026,11886521,2999,2026-10
Octubre 2026,11886520,3613,2026-10
Octubre 2026,11886518,2999,2026-10
Octubre 2026,11886516,2997,2026-10
Octubre 2026,11886515,1020,2026-10
Octubre 2026,11886514,1031,2026-10
Octubre 2026,11886513,1006,2026-10
Octubre 2026,11886512,3601,2026-10
Octubre 2026,11886510,3613,2026-10
Octubre 2026,11886509,2998,2026-10
Octubre 2026,11886508,1023,2026-10
Octubre 2026,11886507,2998,2026-10
Octubre 2026,11886506,2997,2026-10
Octubre 2026,11886505,2998,2026-10
Octubre 2026,11886504,3603,2026-10
Octubre 2026,11886503,2997,2026-10
Octubre 2026,11886502,3603,2026-10
Octubre 2026,11886501,3604,2026-10
Octubre 2026,11886500,2997,2026-10
Octubre 2026,11886498,2997,2026-10
Octubre 2026,11886497,3605,2026-10
Octubre 2026,11886496,3601,2026-10
Octubre 2026,11886495,1057,2026-10
Octubre 2026,11886494,2997,2026-10
Octubre 2026,11886493,1020,2026-10
Octubre 2026,11886491,3601,2026-10
Octubre 2026,11886488,3613,2026-10
Octubre 2026,11886487,3605,2026-10
Octubre 2026,11886486,1024,2026-10
Octubre 2026,11886485,3603,2026-10
Octubre 2026,11886484,3613,2026-10
Octubre 2026,11886483,1008,2026-10
Octubre 2026,11886482,3603,2026-10
Octubre 2026,11886481,3605,2026-10
Octubre 2026,11886480,3602,2026-10
Octubre 2026,11886479,3608,2026-10
Octubre 2026,11886478,3603,2026-10
Octubre 2026,11886477,3605,2026-10
Octubre 2026,11886475,3603,2026-10
Octubre 2026,11886472,1020,2026-10
Octubre 2026,11886471,2998,2026-10
Octubre 2026,11886469,3605,2026-10
Octubre 2026,11886468,3605,2026-10
Octubre 2026,11886467,1008,2026-10
Octubre 2026,11886466,3601,2026-10
Octubre 2026,11886465,2999,2026-10
Octubre 2026,11886464,2997,2026-10
Octubre 2026,11886462,3605,2026-10
Octubre 2026,11886461,3605,2026-10
Octubre 2026,11886460,2998,2026-10
Octubre 2026,11886459,2997,2026-10
Octubre 2026,11886458,1020,2026-10
Octubre 2026,11886456,3613,2026-10
Octubre 2026,11886454,2998,2026-10
Octubre 2026,11886452,3604,2026-10
Octubre 2026,11886451,2999,2026-10
Octubre 2026,11886450,1002,2026-10
Octubre 2026,11886447,1004,2026-10
Octubre 2026,11886445,RT-4001-,2026-10
Octubre 2026,11886442,2997,2026-10
Octubre 2026,11886441,2997,2026-10
Octubre 2026,11886440,1038,2026-10
Octubre 2026,11886438,2997,2026-10
Octubre 2026,11886437,3601,2026-10
Octubre 2026,11886433,2999,2026-10
Octubre 2026,11886432,3605,2026-10
Octubre 2026,11886431,3602,2026-10
Octubre 2026,11886430,2997,2026-10
Octubre 2026,11886429,2997,2026-10
Octubre 2026,11886424,3601,2026-10
Octubre 2026,11886423,2997,2026-10
Octubre 2026,11886420,1003,2026-10
Octubre 2026,11886419,1002,2026-10
Octubre 2026,11886418,3602,2026-10
Octubre 2026,11886417,3603,2026-10
Octubre 2026,11886414,3605,2026-10
Octubre 2026,11886412,3613,2026-10
Octubre 2026,11886411,1004,2026-10
Octubre 2026,11886410,2997,2026-10
Octubre 2026,11886408,2999,2026-10
Octubre 2026,11886407,1057,2026-10
Octubre 2026,11886406,3601,2026-10
Octubre 2026,11886405,2999,2026-10
Octubre 2026,11886404,3605,2026-10
Octubre 2026,11886403,3602,2026-10
Octubre 2026,11886401,2997,2026-10
Octubre 2026,11886399,1006,2026-10
Octubre 2026,11886398,1003,2026-10
Octubre 2026,11886397,1087,2026-10
Octubre 2026,11886396,3613,2026-10
Octubre 2026,11886395,1058,2026-10
Octubre 2026,11886394,3602,2026-10
Octubre 2026,11886392,3613,2026-10
Octubre 2026,11886390,1087,2026-10
Octubre 2026,11886388,3605,2026-10
Octubre 2026,11886386,3605,2026-10
Octubre 2026,11886385,3603,2026-10
Octubre 2026,11886384,3601,2026-10
Octubre 2026,11886383,2998,2026-10
Octubre 2026,11886378,2999,2026-10
Octubre 2026,11886376,1003,2026-10
Octubre 2026,11886375,3605,2026-10
Octubre 2026,11886374,3605,2026-10
Octubre 2026,11886370,1115,2026-10
Octubre 2026,11886367,3602,2026-10
Octubre 2026,11886366,3603,2026-10
Octubre 2026,11886365,3608,2026-10
Octubre 2026,11886363,2998,2026-10
Octubre 2026,11886358,2997,2026-10
Octubre 2026,11886357,3605,2026-10
Octubre 2026,11886355,3603,2026-10
Octubre 2026,11886352,1087,2026-10
Octubre 2026,11886351,2997,2026-10
Octubre 2026,11886349,3604,2026-10
Octubre 2026,11886348,2999,2026-10
Octubre 2026,11886347,3605,2026-10
Octubre 2026,11886346,3613,2026-10
Octubre 2026,11886345,3605,2026-10
Octubre 2026,11886344,3613,2026-10
Octubre 2026,11886343,1006,2026-10
Octubre 2026,11886342,3605,2026-10
Octubre 2026,11886341,2997,2026-10
Octubre 2026,11886339,1002,2026-10
Octubre 2026,11886336,2997,2026-10
Octubre 2026,11886335,3613,2026-10
Octubre 2026,11886333,3605,2026-10
Octubre 2026,11886332,3605,2026-10
Octubre 2026,11886329,3608,2026-10
Octubre 2026,11886326,2997,2026-10
Octubre 2026,11886325,3605,2026-10
Octubre 2026,11886324,1004,2026-10
Octubre 2026,11886323,3603,2026-10
Octubre 2026,11886320,1055,2026-10
Octubre 2026,11886317,2997,2026-10
Octubre 2026,11886316,3601,2026-10
Octubre 2026,11886315,2998,2026-10
Octubre 2026,11886314,2999,2026-10
Octubre 2026,11886313,1006,2026-10
Octubre 2026,11886312,2998,2026-10
Octubre 2026,11886311,2999,2026-10
Octubre 2026,11886310,2998,2026-10
Octubre 2026,11886308,3604,2026-10
Octubre 2026,11886307,3605,2026-10
Octubre 2026,11886306,3601,2026-10
Octubre 2026,11886304,1087,2026-10
Octubre 2026,11886303,2998,2026-10
Octubre 2026,11886301,2997,2026-10
Octubre 2026,11886300,1021,2026-10
Octubre 2026,11886297,1057,2026-10
Octubre 2026,11886296,1008,2026-10
Octubre 2026,11886295,2997,2026-10
Octubre 2026,11886294,1020,2026-10
Octubre 2026,11886293,2999,2026-10
Octubre 2026,11886292,1004,2026-10
Octubre 2026,11886290,2998,2026-10
Octubre 2026,11886289,2997,2026-10
Octubre 2026,11886288,2999,2026-10
Octubre 2026,11886287,1087,2026-10
Octubre 2026,11886286,2999,2026-10
Octubre 2026,11886285,1011,2026-10
Octubre 2026,11886282,2997,2026-10
Octubre 2026,11886281,1115,2026-10
Octubre 2026,11886279,3604,2026-10
Octubre 2026,11886278,2997,2026-10
Octubre 2026,11886277,3601,2026-10
Octubre 2026,11886276,3608,2026-10
Octubre 2026,11886275,2997,2026-10
Octubre 2026,11886273,3613,2026-10
Octubre 2026,11886272,3613,2026-10
Octubre 2026,11886271,1038,2026-10
Octubre 2026,11886270,1002,2026-10
Octubre 2026,11886266,1006,2026-10
Octubre 2026,11886264,3605,2026-10
Octubre 2026,11886262,2997,2026-10
Octubre 2026,11886261,1087,2026-10
Octubre 2026,11886259,2997,2026-10
Octubre 2026,11886258,3605,2026-10
Octubre 2026,11886255,2997,2026-10
Octubre 2026,11886253,3605,2026-10
Octubre 2026,11886251,2998,2026-10
Octubre 2026,11886249,2997,2026-10
Octubre 2026,11886248,2997,2026-10
Octubre 2026,11886246,3601,2026-10
Octubre 2026,11886245,3613,2026-10
Octubre 2026,11886244,1004,2026-10
Octubre 2026,11886243,1061,2026-10
Octubre 2026,11886242,2997,2026-10
Octubre 2026,11886241,1087,2026-10
Octubre 2026,11886238,2997,2026-10
Octubre 2026,11886236,3605,2026-10
Octubre 2026,11886235,2999,2026-10
Octubre 2026,11886233,1020,2026-10
Octubre 2026,11886232,2997,2026-10
Octubre 2026,11886230,3601,2026-10
Octubre 2026,11886228,3605,2026-10
Octubre 2026,11886227,3605,2026-10
Octubre 2026,11886226,2997,2026-10
Octubre 2026,11886225,3605,2026-10
Octubre 2026,11886224,3605,2026-10
Octubre 2026,11886223,3604,2026-10
Octubre 2026,11886222,1003,2026-10
Octubre 2026,11886221,3605,2026-10
Octubre 2026,11886220,3613,2026-10
Octubre 2026,11886219,1114,2026-10
Octubre 2026,11886218,1058,2026-10
Octubre 2026,11886216,3605,2026-10
Octubre 2026,11886213,2997,2026-10
Octubre 2026,11886212,3601,2026-10
Octubre 2026,11886211,3601,2026-10
Octubre 2026,11886208,2997,2026-10
Octubre 2026,11886206,2997,2026-10
Octubre 2026,11886204,2997,2026-10
Octubre 2026,11886200,1004,2026-10
Octubre 2026,11886199,2997,2026-10
Octubre 2026,11886197,3613,2026-10
Octubre 2026,11886196,1006,2026-10
Octubre 2026,11886193,1002,2026-10
Octubre 2026,11886192,3605,2026-10
Octubre 2026,11886190,2998,2026-10
Octubre 2026,11886189,2997,2026-10
Octubre 2026,11886188,2999,2026-10
Octubre 2026,11886187,1087,2026-10
Octubre 2026,11886186,3613,2026-10
Octubre 2026,11886183,2997,2026-10
Octubre 2026,11886182,3602,2026-10
Octubre 2026,11886181,1087,2026-10
Octubre 2026,11886180,3613,2026-10
Octubre 2026,11886178,1002,2026-10
Octubre 2026,11886177,3605,2026-10
Octubre 2026,11886176,2997,2026-10
Octubre 2026,11886175,2997,2026-10
Octubre 2026,11886174,3603,2026-10
Octubre 2026,11886173,1057,2026-10
Octubre 2026,11886171,3601,2026-10
Octubre 2026,11886170,1087,2026-10
Octubre 2026,11886169,2997,2026-10
Octubre 2026,11886167,3613,2026-10
Octubre 2026,11886165,3613,2026-10
Octubre 2026,11886164,1024,2026-10
Octubre 2026,11886162,3613,2026-10
Octubre 2026,11886159,2999,2026-10
Octubre 2026,11886158,1058,2026-10
Octubre 2026,11886156,2998,2026-10
Octubre 2026,11886155,2998,2026-10
Octubre 2026,11886154,3605,2026-10
Octubre 2026,11886153,3613,2026-10
Octubre 2026,11886151,3602,2026-10
Octubre 2026,11886150,2997,2026-10
Octubre 2026,11886148,3613,2026-10
Octubre 2026,11886147,3605,2026-10
Octubre 2026,11886146,3604,2026-10
Octubre 2026,11886144,2997,2026-10
Octubre 2026,11886143,2997,2026-10
Octubre 2026,11886142,3601,2026-10
Octubre 2026,11886141,1006,2026-10
Octubre 2026,11886140,3605,2026-10
Octubre 2026,11886138,2999,2026-10
Octubre 2026,11886137,2999,2026-10
Octubre 2026,11886136,2997,2026-10
Octubre 2026,11886135,1003,2026-10
Octubre 2026,11886134,3601,2026-10
Octubre 2026,11886132,2999,2026-10
Octubre 2026,11886131,2997,2026-10
Octubre 2026,11886129,2997,2026-10
Octubre 2026,11886126,1055,2026-10
Octubre 2026,11886123,2999,2026-10
Octubre 2026,11886122,2998,2026-10
Octubre 2026,11886121,1004,2026-10
Octubre 2026,11886120,3602,2026-10
Octubre 2026,11886118,3601,2026-10
Octubre 2026,11886114,2998,2026-10
Octubre 2026,11886113,2997,2026-10
Octubre 2026,11886110,3602,2026-10
Octubre 2026,11886106,3605,2026-10
Octubre 2026,11886104,3602,2026-10
Octubre 2026,11886103,2998,2026-10
Octubre 2026,11886102,1004,2026-10
Octubre 2026,11886101,1024,2026-10
Octubre 2026,11886100,2997,2026-10
Octubre 2026,11886099,1038,2026-10
Octubre 2026,11886098,2997,2026-10
Octubre 2026,11886097,2997,2026-10
Octubre 2026,11886095,1054,2026-10
Octubre 2026,11886093,2999,2026-10
Octubre 2026,11886091,1080,2026-10
Octubre 2026,11886087,1024,2026-10
Octubre 2026,11886086,2998,2026-10
Octubre 2026,11886085,1003,2026-10
Octubre 2026,11886084,3605,2026-10
Octubre 2026,11886083,2997,2026-10
Octubre 2026,11886082,2997,2026-10
Octubre 2026,11886080,1024,2026-10
Octubre 2026,11886079,2997,2026-10
Octubre 2026,11886078,2998,2026-10
Octubre 2026,11886077,1004,2026-10
Octubre 2026,11886075,3603,2026-10
Octubre 2026,11886074,1002,2026-10
Octubre 2026,11886072,3601,2026-10
Octubre 2026,11886071,2998,2026-10
Octubre 2026,11886070,2999,2026-10
Octubre 2026,11886069,3605,2026-10
Octubre 2026,11886068,2997,2026-10
Octubre 2026,11886067,1024,2026-10
Octubre 2026,11886065,2997,2026-10
Octubre 2026,11886063,3602,2026-10
Octubre 2026,11886062,3605,2026-10
Octubre 2026,11886061,1087,2026-10
Octubre 2026,11886059,3613,2026-10
Octubre 2026,11886058,1087,2026-10
Octubre 2026,11886057,1020,2026-10
Octubre 2026,11886056,2997,2026-10
Octubre 2026,11886054,3605,2026-10
Octubre 2026,11886052,2998,2026-10
Octubre 2026,11886051,2998,2026-10
Octubre 2026,11886049,3605,2026-10
Octubre 2026,11886048,1003,2026-10
Octubre 2026,11886046,2997,2026-10
Octubre 2026,11886045,2997,2026-10
Octubre 2026,11886042,1011,2026-10
Octubre 2026,11886040,1026,2026-10
Octubre 2026,11886039,2999,2026-10
Octubre 2026,11886038,2997,2026-10
Octubre 2026,11886037,2999,2026-10
Octubre 2026,11886036,2999,2026-10
Octubre 2026,11886035,3601,2026-10
Octubre 2026,11886034,3601,2026-10
Octubre 2026,11886033,3605,2026-10
Octubre 2026,11886032,2999,2026-10
Octubre 2026,11886031,3604,2026-10
Octubre 2026,11886028,3601,2026-10
Octubre 2026,11886027,2997,2026-10
Octubre 2026,11886025,3601,2026-10
Octubre 2026,11886021,1087,2026-10
Octubre 2026,11886020,3613,2026-10
Octubre 2026,11886019,1057,2026-10
Octubre 2026,11886018,2997,2026-10
Octubre 2026,11886017,2997,2026-10
Octubre 2026,11886016,3603,2026-10
Octubre 2026,11886015,3613,2026-10
Octubre 2026,11886012,2999,2026-10
Octubre 2026,11886011,2997,2026-10
Octubre 2026,11886010,2999,2026-10
Octubre 2026,11886009,1006,2026-10
Octubre 2026,11886007,1087,2026-10
Octubre 2026,11886006,2997,2026-10
Octubre 2026,11886005,3605,2026-10
Octubre 2026,11885998,1020,2026-10
Octubre 2026,11885997,2997,2026-10
Octubre 2026,11885993,2997,2026-10
Octubre 2026,11885992,1011,2026-10
Octubre 2026,11885990,3604,2026-10
Octubre 2026,11885989,2999,2026-10
Octubre 2026,11885988,3605,2026-10
Octubre 2026,11885986,3604,2026-10
Octubre 2026,11885985,3605,2026-10
Octubre 2026,11885983,3601,2026-10
Octubre 2026,11885982,3604,2026-10
Octubre 2026,11885981,1007,2026-10
Octubre 2026,11885979,3601,2026-10
Octubre 2026,11885978,1057,2026-10
Octubre 2026,11885977,1087,2026-10
Octubre 2026,11885976,1057,2026-10
Octubre 2026,11885975,2998,2026-10
Octubre 2026,11885972,1087,2026-10
Octubre 2026,11885971,3601,2026-10
Octubre 2026,11885970,3602,2026-10
Octubre 2026,11885969,2997,2026-10
Octubre 2026,11885968,3605,2026-10
Octubre 2026,11885966,2998,2026-10
Octubre 2026,11885965,1003,2026-10
Octubre 2026,11885964,1087,2026-10
Octubre 2026,11885963,1020,2026-10
Octubre 2026,11885962,3602,2026-10
Octubre 2026,11885960,3605,2026-10
Octubre 2026,11885956,3605,2026-10
Octubre 2026,11885955,3613,2026-10
Octubre 2026,11885954,3604,2026-10
Octubre 2026,11885953,3613,2026-10
Octubre 2026,11885952,2997,2026-10
Octubre 2026,11885951,3605,2026-10
Octubre 2026,11885950,2997,2026-10
Octubre 2026,11885949,3604,2026-10
Octubre 2026,11885948,1087,2026-10
Octubre 2026,11885947,1006,2026-10
Octubre 2026,11885945,2997,2026-10
Octubre 2026,11885944,2997,2026-10
Octubre 2026,11885937,2997,2026-10
Octubre 2026,11885935,2998,2026-10
Octubre 2026,11885933,3605,2026-10
Octubre 2026,11885932,2998,2026-10
Octubre 2026,11885928,1003,2026-10
Octubre 2026,11885923,2998,2026-10
Octubre 2026,11885920,3613,2026-10
Octubre 2026,11885919,2998,2026-10
Octubre 2026,11885918,1002,2026-10
Octubre 2026,11885917,1055,2026-10
Octubre 2026,11885915,3605,2026-10
Octubre 2026,11885913,1077,2026-10
Octubre 2026,11885912,2997,2026-10
Octubre 2026,11885909,2999,2026-10
Octubre 2026,11885908,2998,2026-10
Octubre 2026,11885907,1057,2026-10
Octubre 2026,11885905,3603,2026-10
Octubre 2026,11885904,2997,2026-10
Octubre 2026,11885903,3608,2026-10
Octubre 2026,11885902,3601,2026-10
Octubre 2026,11885899,3601,2026-10
Octubre 2026,11885898,3603,2026-10
Octubre 2026,11885897,1006,2026-10
Octubre 2026,11885896,2998,2026-10
Octubre 2026,11885893,1006,2026-10
Octubre 2026,11885892,3602,2026-10
Octubre 2026,11885889,1003,2026-10
Octubre 2026,11885886,2997,2026-10
Octubre 2026,11885885,1057,2026-10
Octubre 2026,11885883,2998,2026-10
Octubre 2026,11885882,2998,2026-10
Octubre 2026,11885881,2997,2026-10
Octubre 2026,11885878,2997,2026-10
Octubre 2026,11885875,3602,2026-10
Octubre 2026,11885872,3613,2026-10
Octubre 2026,11885871,1008,2026-10
Octubre 2026,11885869,3605,2026-10
Octubre 2026,11885868,1006,2026-10
Octubre 2026,11885866,3603,2026-10
Octubre 2026,11885865,3601,2026-10
Octubre 2026,11885863,2997,2026-10
Octubre 2026,11885861,1003,2026-10
Octubre 2026,11885860,3602,2026-10
Octubre 2026,11885859,2999,2026-10
Octubre 2026,11885857,1004,2026-10
Octubre 2026,11885856,2999,2026-10
Octubre 2026,11885855,2998,2026-10
Octubre 2026,11885854,2997,2026-10
Octubre 2026,11885853,2997,2026-10
Octubre 2026,11885851,3603,2026-10
Octubre 2026,11885849,3605,2026-10
Octubre 2026,11885848,3605,2026-10
Octubre 2026,11885847,2997,2026-10
Octubre 2026,11885844,1020,2026-10
Octubre 2026,11885843,2997,2026-10
Octubre 2026,11885840,1003,2026-10
Octubre 2026,11885839,3601,2026-10
Octubre 2026,11885835,2997,2026-10
Octubre 2026,11885834,3604,2026-10
Octubre 2026,11885832,1006,2026-10
Octubre 2026,11885828,2997,2026-10
Octubre 2026,11885827,2997,2026-10
Octubre 2026,11885826,3602,2026-10
Octubre 2026,11885824,3601,2026-10
Octubre 2026,11885820,2997,2026-10
Octubre 2026,11885819,3601,2026-10
Octubre 2026,11885817,2997,2026-10
Octubre 2026,11885816,1004,2026-10
Octubre 2026,11885815,1087,2026-10
Octubre 2026,11885814,3613,2026-10
Octubre 2026,11885812,2997,2026-10
Octubre 2026,11885811,1087,2026-10
Octubre 2026,11885810,3601,2026-10
Octubre 2026,11885808,1058,2026-10
Octubre 2026,11885807,3605,2026-10
Octubre 2026,11885806,1003,2026-10
Octubre 2026,11885804,2997,2026-10
Octubre 2026,11885803,1020,2026-10
Octubre 2026,11885800,1087,2026-10
Octubre 2026,11885799,2997,2026-10
Octubre 2026,11885798,1004,2026-10
Octubre 2026,11885796,2997,2026-10
Octubre 2026,11885793,3605,2026-10
Octubre 2026,11885792,2998,2026-10
Octubre 2026,11885791,2997,2026-10
Octubre 2026,11885790,1067,2026-10
Octubre 2026,11885788,3601,2026-10
Octubre 2026,11885784,1004,2026-10
Octubre 2026,11885783,2998,2026-10
Octubre 2026,11885782,1024,2026-10
Octubre 2026,11885781,2999,2026-10
Octubre 2026,11885780,1008,2026-10
Octubre 2026,11885778,3603,2026-10
Octubre 2026,11885776,3613,2026-10
Octubre 2026,11885775,1002,2026-10
Octubre 2026,11885774,2999,2026-10
Octubre 2026,11885771,2999,2026-10
Octubre 2026,11885769,3613,2026-10
Octubre 2026,11885768,1004,2026-10
Octubre 2026,11885766,3601,2026-10
Octubre 2026,11885764,1108,2026-10
Octubre 2026,11885763,2997,2026-10
Octubre 2026,11885762,2999,2026-10
Octubre 2026,11885761,2997,2026-10
Octubre 2026,11885759,3613,2026-10
Octubre 2026,11885757,1054,2026-10
Octubre 2026,11885756,3605,2026-10
Octubre 2026,11885754,2998,2026-10
Octubre 2026,11885752,2999,2026-10
Octubre 2026,11885751,2998,2026-10
Octubre 2026,11885749,2999,2026-10
Octubre 2026,11885747,3613,2026-10
Octubre 2026,11885744,2998,2026-10
Octubre 2026,11885743,3608,2026-10
Octubre 2026,11885742,3605,2026-10
Octubre 2026,11885740,1080,2026-10
Octubre 2026,11885739,2999,2026-10
Octubre 2026,11885738,1020,2026-10
Octubre 2026,11885737,1011,2026-10
Octubre 2026,11885736,1051,2026-10
Octubre 2026,11885735,2997,2026-10
Octubre 2026,11885733,3605,2026-10
Octubre 2026,11885731,2998,2026-10
Octubre 2026,11885729,1003,2026-10
Octubre 2026,11885728,1006,2026-10
Octubre 2026,11885727,1004,2026-10
Octubre 2026,11885726,1002,2026-10
Octubre 2026,11885724,1003,2026-10
Octubre 2026,11885723,3603,2026-10
Octubre 2026,11885722,3603,2026-10
Octubre 2026,11885721,1004,2026-10
Octubre 2026,11885719,1058,2026-10
Octubre 2026,11885718,3605,2026-10
Octubre 2026,11885717,3601,2026-10
Octubre 2026,11885716,3605,2026-10
Octubre 2026,11885715,3601,2026-10
Octubre 2026,11885714,3605,2026-10
Octubre 2026,11885713,3605,2026-10
Octubre 2026,11885712,2999,2026-10
Octubre 2026,11885711,2999,2026-10
Octubre 2026,11885710,1078,2026-10
Octubre 2026,11885709,3605,2026-10
Octubre 2026,11885708,3605,2026-10
Octubre 2026,11885705,2997,2026-10
Octubre 2026,11885704,2998,2026-10
Octubre 2026,11885702,1031,2026-10
Octubre 2026,11885701,3601,2026-10
Octubre 2026,11885700,3604,2026-10
Octubre 2026,11885699,3605,2026-10
Octubre 2026,11885698,2997,2026-10
Octubre 2026,11885697,1087,2026-10
Octubre 2026,11885696,3601,2026-10
Octubre 2026,11885694,3601,2026-10
Octubre 2026,11885692,2999,2026-10
Octubre 2026,11885691,3602,2026-10
Octubre 2026,11885687,1003,2026-10
Octubre 2026,11885686,2997,2026-10
Octubre 2026,11885685,1051,2026-10
Octubre 2026,11885684,1003,2026-10
Octubre 2026,11885683,2998,2026-10
Octubre 2026,11885682,2997,2026-10
Octubre 2026,11885680,3603,2026-10
Octubre 2026,11885678,1087,2026-10
Octubre 2026,11885677,2997,2026-10
Octubre 2026,11885676,1057,2026-10
Octubre 2026,11885674,1024,2026-10
Octubre 2026,11885672,2997,2026-10
Octubre 2026,11885671,2997,2026-10
Octubre 2026,11885670,2997,2026-10
Octubre 2026,11885669,2999,2026-10
Octubre 2026,11885668,2999,2026-10
Octubre 2026,11885666,1038,2026-10
Octubre 2026,11885665,wm-1012,2026-10
Octubre 2026,11885663,3603,2026-10
Octubre 2026,11885662,3601,2026-10
Octubre 2026,11885660,1087,2026-10
Octubre 2026,11885659,2997,2026-10
Octubre 2026,11885658,2999,2026-10
Octubre 2026,11885657,3603,2026-10
Octubre 2026,11885655,2997,2026-10
Octubre 2026,11885654,1087,2026-10
Octubre 2026,11885653,3608,2026-10
Octubre 2026,11885652,1087,2026-10
Octubre 2026,11885651,3602,2026-10
Octubre 2026,11885649,2997,2026-10
Octubre 2026,11885647,2998,2026-10
Octubre 2026,11885646,2997,2026-10
Octubre 2026,11885645,3602,2026-10
Octubre 2026,11885642,1061,2026-10
Octubre 2026,11885641,1016,2026-10
Octubre 2026,11885640,3613,2026-10
Octubre 2026,11885639,2997,2026-10
Octubre 2026,11885638,1031,2026-10
Octubre 2026,11885636,1080,2026-10
Octubre 2026,11885635,1054,2026-10
Octubre 2026,11885634,1022,2026-10
Octubre 2026,11885633,3601,2026-10
Octubre 2026,11885632,3613,2026-10
Octubre 2026,11885631,2997,2026-10
Octubre 2026,11885630,3601,2026-10
Octubre 2026,11885628,2998,2026-10
Octubre 2026,11885627,1004,2026-10
Octubre 2026,11885626,2997,2026-10
Octubre 2026,11885625,2997,2026-10
Octubre 2026,11885624,1080,2026-10
Octubre 2026,11885623,1020,2026-10
Octubre 2026,11885622,1011,2026-10
Octubre 2026,11885620,3603,2026-10
Octubre 2026,11885618,2998,2026-10
Octubre 2026,11885616,2997,2026-10
Octubre 2026,11885615,2997,2026-10
Octubre 2026,11885613,3605,2026-10
Octubre 2026,11885612,3605,2026-10
Octubre 2026,11885609,1004,2026-10
Octubre 2026,11885608,2997,2026-10
Octubre 2026,11885607,1080,2026-10
Octubre 2026,11885606,3608,2026-10
Octubre 2026,11885605,3613,2026-10
Octubre 2026,11885604,1055,2026-10
Octubre 2026,11885603,1087,2026-10
Octubre 2026,11885601,3602,2026-10
Octubre 2026,11885600,2997,2026-10
Octubre 2026,11885599,2998,2026-10
Octubre 2026,11885598,1004,2026-10
Octubre 2026,11885597,3601,2026-10
Octubre 2026,11885596,3613,2026-10
Octubre 2026,11885595,1087,2026-10
Octubre 2026,11885594,1087,2026-10
Octubre 2026,11885593,3605,2026-10
Octubre 2026,11885592,1067,2026-10
Octubre 2026,11885590,2997,2026-10
Octubre 2026,11885588,3604,2026-10
Octubre 2026,11885587,3605,2026-10
Octubre 2026,11885586,1087,2026-10
Octubre 2026,11885585,1004,2026-10
Octubre 2026,11885584,1002,2026-10
Octubre 2026,11885583,2997,2026-10
Octubre 2026,11885582,3605,2026-10
Octubre 2026,11885581,2997,2026-10
Octubre 2026,11885580,1038,2026-10
Octubre 2026,11885579,2998,2026-10
Octubre 2026,11885577,3605,2026-10
Octubre 2026,11885576,2999,2026-10
Octubre 2026,11885575,3605,2026-10
Octubre 2026,11885574,1003,2026-10
Octubre 2026,11885573,2997,2026-10
Octubre 2026,11885572,2997,2026-10
Octubre 2026,11885570,1080,2026-10
Octubre 2026,11885568,3605,2026-10
Octubre 2026,11885566,3605,2026-10
Octubre 2026,11885564,3613,2026-10
Octubre 2026,11885563,1087,2026-10
Octubre 2026,11885561,3601,2026-10
Octubre 2026,11885560,1087,2026-10
Octubre 2026,11885559,2999,2026-10
Octubre 2026,11885558,1020,2026-10
Octubre 2026,11885557,2998,2026-10
Octubre 2026,11885556,3605,2026-10
Octubre 2026,11885554,3602,2026-10
Octubre 2026,11885553,2997,2026-10
Octubre 2026,11885552,3613,2026-10
Octubre 2026,11885551,3605,2026-10
Octubre 2026,11885550,wm-1012,2026-10
Octubre 2026,11885549,2997,2026-10
Octubre 2026,11885548,2999,2026-10
Octubre 2026,11885547,3603,2026-10
Octubre 2026,11885545,2998,2026-10
Octubre 2026,11885543,1004,2026-10
Octubre 2026,11885541,1055,2026-10
Octubre 2026,11885540,1087,2026-10
Octubre 2026,11885539,1004,2026-10
Octubre 2026,11885536,2999,2026-10
Octubre 2026,11885535,3603,2026-10
Octubre 2026,11885534,3605,2026-10
Octubre 2026,11885533,2998,2026-10
Octubre 2026,11885532,1098,2026-10
Octubre 2026,11885531,1087,2026-10
Octubre 2026,11885528,3601,2026-10
Octubre 2026,11885524,2997,2026-10
Octubre 2026,11885523,2997,2026-10
Octubre 2026,11885522,2999,2026-10
Octubre 2026,11885518,3608,2026-10
Octubre 2026,11885517,3601,2026-10
Octubre 2026,11885516,3605,2026-10
Octubre 2026,11885515,3603,2026-10
Octubre 2026,11885514,1006,2026-10
Octubre 2026,11885513,2997,2026-10
Octubre 2026,11885512,1024,2026-10
Octubre 2026,11885511,2997,2026-10
Octubre 2026,11885508,3601,2026-10
Octubre 2026,11885507,3603,2026-10
Octubre 2026,11885505,1004,2026-10
Octubre 2026,11885503,3601,2026-10
Octubre 2026,11885502,1003,2026-10
Octubre 2026,11885501,2997,2026-10
Octubre 2026,11885500,3613,2026-10
Octubre 2026,11885499,3605,2026-10
Octubre 2026,11885498,1054,2026-10
Octubre 2026,11885497,2998,2026-10
Octubre 2026,11885495,1007,2026-10
Octubre 2026,11885493,1087,2026-10
Octubre 2026,11885491,3603,2026-10
Octubre 2026,11885490,3602,2026-10
Octubre 2026,11885488,1087,2026-10
Octubre 2026,11885487,2997,2026-10
Octubre 2026,11885486,2997,2026-10
Octubre 2026,11885485,1020,2026-10
Octubre 2026,11885484,3613,2026-10
Octubre 2026,11885482,3608,2026-10
Octubre 2026,11885481,1002,2026-10
Octubre 2026,11885480,3601,2026-10
Octubre 2026,11885479,1006,2026-10
Octubre 2026,11885478,2997,2026-10
Octubre 2026,11885476,2997,2026-10
Octubre 2026,11885472,2997,2026-10
Octubre 2026,11885471,2997,2026-10
Octubre 2026,11885470,2997,2026-10
Octubre 2026,11885469,3613,2026-10
Octubre 2026,11885468,2997,2026-10
Octubre 2026,11885464,3605,2026-10
Octubre 2026,11885463,2999,2026-10
Octubre 2026,11885462,2997,2026-10
Octubre 2026,11885461,2998,2026-10
Octubre 2026,11885460,3601,2026-10
Octubre 2026,11885458,2998,2026-10
Octubre 2026,11885457,2997,2026-10
Octubre 2026,11885456,1026,2026-10
Octubre 2026,11885454,1004,2026-10
Octubre 2026,11885451,3613,2026-10
Octubre 2026,11885450,1057,2026-10
Octubre 2026,11885449,3613,2026-10
Octubre 2026,11885443,1087,2026-10
Octubre 2026,11885442,3603,2026-10
Octubre 2026,11885440,2997,2026-10
Octubre 2026,11885439,3603,2026-10
Octubre 2026,11885437,3602,2026-10
Octubre 2026,11885436,1087,2026-10
Octubre 2026,11885434,1002,2026-10
Octubre 2026,11885433,2997,2026-10
Octubre 2026,11885430,1004,2026-10
Octubre 2026,11885429,3603,2026-10
Octubre 2026,11885428,3605,2026-10
Octubre 2026,11885427,1055,2026-10
Octubre 2026,11885426,2999,2026-10
Octubre 2026,11885425,3601,2026-10
Octubre 2026,11885424,3601,2026-10
Octubre 2026,11885423,3605,2026-10
Octubre 2026,11885421,3605,2026-10
Octubre 2026,11885420,3601,2026-10
Octubre 2026,11885418,1087,2026-10
Octubre 2026,11885416,1007,2026-10
Octubre 2026,11885415,2997,2026-10
Octubre 2026,11885414,3608,2026-10
Octubre 2026,11885412,3605,2026-10
Octubre 2026,11885410,1087,2026-10
Octubre 2026,11885409,2997,2026-10
Octubre 2026,11885408,1074,2026-10
Octubre 2026,11885406,3601,2026-10
Octubre 2026,11885405,2999,2026-10
Octubre 2026,11885404,3613,2026-10
Octubre 2026,11885403,2999,2026-10
Octubre 2026,11885402,1108,2026-10
Octubre 2026,11885401,3605,2026-10
Octubre 2026,11885400,2999,2026-10
Octubre 2026,11885399,1087,2026-10
Octubre 2026,11885397,3605,2026-10
Octubre 2026,11885396,1002,2026-10
Octubre 2026,11885395,1087,2026-10
Octubre 2026,11885394,2998,2026-10
Octubre 2026,11885392,2997,2026-10
Octubre 2026,11885391,2997,2026-10
Octubre 2026,11885389,2997,2026-10
Octubre 2026,11885388,3604,2026-10
Octubre 2026,11885385,3613,2026-10
Octubre 2026,11885384,3604,2026-10
Octubre 2026,11885383,2998,2026-10
Octubre 2026,11885381,2997,2026-10
Octubre 2026,11885380,1087,2026-10
Octubre 2026,11885379,2998,2026-10
Octubre 2026,11885376,1087,2026-10
Octubre 2026,11885374,1077,2026-10
Octubre 2026,11885373,2997,2026-10
Octubre 2026,11885371,2997,2026-10
Octubre 2026,11885370,1004,2026-10
Octubre 2026,11885367,3605,2026-10
Octubre 2026,11885366,2999,2026-10
Octubre 2026,11885365,1003,2026-10
Octubre 2026,11885362,3601,2026-10
Octubre 2026,11885361,3603,2026-10
Octubre 2026,11885360,1061,2026-10
Octubre 2026,11885353,2998,2026-10
Octubre 2026,11885352,3603,2026-10
Octubre 2026,11885351,2998,2026-10
Octubre 2026,11885350,3601,2026-10
Octubre 2026,11885349,2999,2026-10
Octubre 2026,11885348,1006,2026-10
Octubre 2026,11885345,3605,2026-10
Octubre 2026,11885344,2997,2026-10
Octubre 2026,11885343,2998,2026-10
Octubre 2026,11885342,2997,2026-10
Octubre 2026,11885341,3601,2026-10
Octubre 2026,11885340,2997,2026-10
Octubre 2026,11885339,3601,2026-10
Octubre 2026,11885337,1003,2026-10
Octubre 2026,11885336,3613,2026-10
Octubre 2026,11885335,2997,2026-10
Octubre 2026,11885334,3601,2026-10
Octubre 2026,11885333,3605,2026-10
Octubre 2026,11885332,1020,2026-10
Octubre 2026,11885331,wm-1085,2026-10
Octubre 2026,11885330,2998,2026-10
Octubre 2026,11885329,3605,2026-10
Octubre 2026,11885328,1006,2026-10
Octubre 2026,11885326,2997,2026-10
Octubre 2026,11885325,3601,2026-10
Octubre 2026,11885324,2997,2026-10
Octubre 2026,11885323,2997,2026-10
Octubre 2026,11885322,1020,2026-10
Octubre 2026,11885321,1087,2026-10
Octubre 2026,11885320,2997,2026-10
Octubre 2026,11885319,3613,2026-10
Octubre 2026,11885318,1054,2026-10
Octubre 2026,11885317,3601,2026-10
Octubre 2026,11885316,3601,2026-10
Octubre 2026,11885314,1002,2026-10
Octubre 2026,11885313,3605,2026-10
Octubre 2026,11885312,3601,2026-10
Octubre 2026,11885311,3603,2026-10
Octubre 2026,11885309,2997,2026-10
Octubre 2026,11885308,2997,2026-10
Octubre 2026,11885306,3601,2026-10
Octubre 2026,11885305,2997,2026-10
Octubre 2026,11885302,3613,2026-10
Octubre 2026,11885300,1087,2026-10
Octubre 2026,11885299,3605,2026-10
Octubre 2026,11885298,1003,2026-10
Octubre 2026,11885297,1038,2026-10
Octubre 2026,11885296,3605,2026-10
Octubre 2026,11885293,1087,2026-10
Octubre 2026,11885291,3613,2026-10
Octubre 2026,11885290,1087,2026-10
Octubre 2026,11885289,2997,2026-10
Octubre 2026,11885286,2997,2026-10
Octubre 2026,11885284,3603,2026-10
Octubre 2026,11885283,2997,2026-10
Octubre 2026,11885282,2999,2026-10
Octubre 2026,11885281,3602,2026-10
Octubre 2026,11885280,1057,2026-10
Octubre 2026,11885279,3601,2026-10
Octubre 2026,11885278,3601,2026-10
Octubre 2026,11885275,2999,2026-10
Octubre 2026,11885274,1020,2026-10
Octubre 2026,11885273,1004,2026-10
Octubre 2026,11885271,2997,2026-10
Octubre 2026,11885267,1055,2026-10
Octubre 2026,11885266,2999,2026-10
Octubre 2026,11885265,3605,2026-10
Octubre 2026,11885263,3601,2026-10
Octubre 2026,11885262,1004,2026-10
Octubre 2026,11885261,3613,2026-10
Octubre 2026,11885260,2997,2026-10
Octubre 2026,11885259,3602,2026-10
Octubre 2026,11885258,2999,2026-10
Octubre 2026,11885257,1002,2026-10
Octubre 2026,11885255,2997,2026-10
Octubre 2026,11885253,1054,2026-10
Octubre 2026,11885251,3605,2026-10
Octubre 2026,11885249,3613,2026-10
Octubre 2026,11885248,3602,2026-10
Octubre 2026,11885247,3613,2026-10
Octubre 2026,11885246,2998,2026-10
Octubre 2026,11885245,3602,2026-10
Octubre 2026,11885244,1003,2026-10
Octubre 2026,11885243,2998,2026-10
Octubre 2026,11885239,3602,2026-10
Octubre 2026,11885235,2998,2026-10
Octubre 2026,11885234,1006,2026-10
Octubre 2026,11885233,1024,2026-10
Octubre 2026,11885231,1020,2026-10
Octubre 2026,11885229,2997,2026-10
Octubre 2026,11885228,2997,2026-10
Octubre 2026,11885227,3608,2026-10
Octubre 2026,11885226,3604,2026-10
Octubre 2026,11885225,2997,2026-10
Octubre 2026,11885223,2997,2026-10
Octubre 2026,11885222,1055,2026-10
Octubre 2026,11885221,2999,2026-10
Octubre 2026,11885220,3601,2026-10
Octubre 2026,11885215,2997,2026-10
Octubre 2026,11885213,2999,2026-10
Octubre 2026,11885209,1024,2026-10
Octubre 2026,11885208,1002,2026-10
Octubre 2026,11885207,3603,2026-10
Octubre 2026,11885206,1006,2026-10
Octubre 2026,11885205,2998,2026-10
Octubre 2026,11885204,1024,2026-10
Octubre 2026,11885200,2997,2026-10
Octubre 2026,11885199,3605,2026-10
Octubre 2026,11885197,3603,2026-10
Octubre 2026,11885196,1006,2026-10
Octubre 2026,11885195,1002,2026-10
Octubre 2026,11885194,2997,2026-10
Octubre 2026,11885192,1020,2026-10
Octubre 2026,11885191,2997,2026-10
Octubre 2026,11885190,3613,2026-10
Octubre 2026,11885189,1087,2026-10
Octubre 2026,11885186,2997,2026-10
Octubre 2026,11885185,3613,2026-10
Octubre 2026,11885184,1004,2026-10
Octubre 2026,11885181,3605,2026-10
Octubre 2026,11885178,2997,2026-10
Octubre 2026,11885177,2999,2026-10
Octubre 2026,11885176,1054,2026-10
Octubre 2026,11885174,3613,2026-10
Octubre 2026,11885173,3601,2026-10
Octubre 2026,11885172,3605,2026-10
Octubre 2026,11885171,3605,2026-10
Octubre 2026,11885168,1087,2026-10
Octubre 2026,11885167,1011,2026-10
Octubre 2026,11885166,3604,2026-10
Octubre 2026,11885165,2997,2026-10
Octubre 2026,11885164,2997,2026-10
Octubre 2026,11885162,1087,2026-10
Octubre 2026,11885161,3605,2026-10
Octubre 2026,11885160,2998,2026-10
Octubre 2026,11885159,2997,2026-10
Octubre 2026,11885153,2997,2026-10
Octubre 2026,11885152,1004,2026-10
Octubre 2026,11885150,1003,2026-10
Octubre 2026,11885147,2997,2026-10
Octubre 2026,11885146,2998,2026-10
Octubre 2026,11885145,2997,2026-10
Octubre 2026,11885143,1004,2026-10
Octubre 2026,11885140,1002,2026-10
Octubre 2026,11885139,3604,2026-10
Octubre 2026,11885137,2997,2026-10
Octubre 2026,11885135,3603,2026-10
Octubre 2026,11885134,2997,2026-10
Octubre 2026,11885132,1004,2026-10
Octubre 2026,11885131,2997,2026-10
Octubre 2026,11885130,3613,2026-10
Octubre 2026,11885129,3605,2026-10
Octubre 2026,11885128,3602,2026-10
Octubre 2026,11885127,1031,2026-10
Octubre 2026,11885126,1024,2026-10
Octubre 2026,11885125,1011,2026-10
Octubre 2026,11885124,3613,2026-10
Octubre 2026,11885123,1014,2026-10
Octubre 2026,11885122,1003,2026-10
Octubre 2026,11885121,2997,2026-10
Octubre 2026,11885120,3603,2026-10
Octubre 2026,11885119,1038,2026-10
Octubre 2026,11885118,1080,2026-10
Octubre 2026,11885117,3604,2026-10
Octubre 2026,11885115,1003,2026-10
Octubre 2026,11885114,1006,2026-10
Octubre 2026,11885113,2997,2026-10
Octubre 2026,11885112,2999,2026-10
Octubre 2026,11885111,3602,2026-10
Octubre 2026,11885110,2999,2026-10
Octubre 2026,11885109,3613,2026-10
Octubre 2026,11885108,3604,2026-10
Octubre 2026,11885106,3605,2026-10
Octubre 2026,11885105,2997,2026-10
Octubre 2026,11885104,1003,2026-10
Octubre 2026,11885103,1004,2026-10
Octubre 2026,11885102,3603,2026-10
Octubre 2026,11885101,1057,2026-10
Octubre 2026,11885098,1054,2026-10
Octubre 2026,11885097,3605,2026-10
Octubre 2026,11885096,2997,2026-10
Octubre 2026,11885092,3613,2026-10
Octubre 2026,11885091,3601,2026-10
Octubre 2026,11885090,1020,2026-10
Octubre 2026,11885089,3605,2026-10
Octubre 2026,11885086,3613,2026-10
Octubre 2026,11885084,3605,2026-10
Octubre 2026,11885079,3613,2026-10
Octubre 2026,11885077,2997,2026-10
Octubre 2026,11885076,2998,2026-10
Octubre 2026,11885075,3602,2026-10
Octubre 2026,11885074,2997,2026-10
Octubre 2026,11885073,3613,2026-10
Octubre 2026,11885072,2997,2026-10
Octubre 2026,11885071,1003,2026-10
Octubre 2026,11885070,1024,2026-10
Octubre 2026,11885069,1003,2026-10
Octubre 2026,11885066,3602,2026-10
Octubre 2026,11885065,1008,2026-10
Octubre 2026,11885064,wm-1012,2026-10
Octubre 2026,11885062,2997,2026-10
Octubre 2026,11885059,3602,2026-10
Octubre 2026,11885058,3613,2026-10
Octubre 2026,11885056,1006,2026-10
Octubre 2026,11885055,3605,2026-10
Octubre 2026,11885054,2997,2026-10
Octubre 2026,11885053,2999,2026-10
Octubre 2026,11885052,1080,2026-10
Octubre 2026,11885049,2997,2026-10
Octubre 2026,11885048,2999,2026-10
Octubre 2026,11885047,3605,2026-10
Octubre 2026,11885046,1057,2026-10
Octubre 2026,11885044,1004,2026-10
Octubre 2026,11885043,2998,2026-10
Octubre 2026,11885041,2997,2026-10
Octubre 2026,11885039,3602,2026-10
Octubre 2026,11885037,2997,2026-10
Octubre 2026,11885036,1087,2026-10
Octubre 2026,11885035,1002,2026-10
Octubre 2026,11885034,2997,2026-10
Octubre 2026,11885033,1004,2026-10
Octubre 2026,11885032,2998,2026-10
Octubre 2026,11885031,1003,2026-10
Octubre 2026,11885030,2997,2026-10
Octubre 2026,11885029,3603,2026-10
Octubre 2026,11885028,3603,2026-10
Octubre 2026,11885027,3602,2026-10
Octubre 2026,11885026,2999,2026-10
Octubre 2026,11885025,2997,2026-10
Octubre 2026,11885024,1087,2026-10
Octubre 2026,11885023,2997,2026-10
Octubre 2026,11885022,2998,2026-10
Octubre 2026,11885021,1004,2026-10
Octubre 2026,11885020,3605,2026-10
Octubre 2026,11885019,3601,2026-10
Octubre 2026,11885015,1003,2026-10
Octubre 2026,11885011,2997,2026-10
Octubre 2026,11885010,1024,2026-10
Octubre 2026,11885009,2999,2026-10
Octubre 2026,11885008,2999,2026-10
Octubre 2026,11885003,3605,2026-10
Octubre 2026,11884996,1038,2026-10
Octubre 2026,11884994,2997,2026-10
Octubre 2026,11884992,1061,2026-10
Octubre 2026,11884991,1006,2026-10
Octubre 2026,11884990,2999,2026-10
Octubre 2026,11884989,1057,2026-10
Octubre 2026,11884988,3603,2026-10
Octubre 2026,11884987,1054,2026-10
Octubre 2026,11884982,2999,2026-10
Octubre 2026,11884979,3601,2026-10
Octubre 2026,11884977,2997,2026-10
Octubre 2026,11884976,2999,2026-10
Octubre 2026,11884975,1020,2026-10
Octubre 2026,11884974,1003,2026-10
Octubre 2026,11884973,3613,2026-10
Octubre 2026,11884972,1058,2026-10
Octubre 2026,11884969,2997,2026-10
Octubre 2026,11884968,2997,2026-10
Octubre 2026,11884967,2998,2026-10
Octubre 2026,11884966,3613,2026-10
Octubre 2026,11884965,2999,2026-10
Octubre 2026,11884964,1006,2026-10
Octubre 2026,11884963,3613,2026-10
Octubre 2026,11884960,2997,2026-10
Octubre 2026,11884959,2999,2026-10
Octubre 2026,11884957,3602,2026-10
Octubre 2026,11884956,3613,2026-10
Octubre 2026,11884954,3608,2026-10
Octubre 2026,11884953,3602,2026-10
Octubre 2026,11884950,2997,2026-10
Octubre 2026,11884947,3602,2026-10
Octubre 2026,11884946,1054,2026-10
Octubre 2026,11884945,3605,2026-10
Octubre 2026,11884943,2997,2026-10
Octubre 2026,11884941,3613,2026-10
Octubre 2026,11884939,1008,2026-10
Octubre 2026,11884938,3604,2026-10
Octubre 2026,11884937,3613,2026-10
Octubre 2026,11884935,1011,2026-10
Octubre 2026,11884930,2999,2026-10
Octubre 2026,11884928,2999,2026-10
Octubre 2026,11884927,2999,2026-10
Octubre 2026,11884926,2997,2026-10
Octubre 2026,11884924,3608,2026-10
Octubre 2026,11884923,2998,2026-10
Octubre 2026,11884921,3602,2026-10
Octubre 2026,11884919,3613,2026-10
Octubre 2026,11884918,2997,2026-10
Octubre 2026,11884917,3601,2026-10
Octubre 2026,11884910,1055,2026-10
Octubre 2026,11884909,3602,2026-10
Octubre 2026,11884908,2998,2026-10
Octubre 2026,11884906,2997,2026-10
Octubre 2026,11884905,2997,2026-10
Octubre 2026,11884904,2997,2026-10
Octubre 2026,11884903,1008,2026-10
Octubre 2026,11884902,1024,2026-10
Octubre 2026,11884897,1031,2026-10
Octubre 2026,11884896,2997,2026-10
Octubre 2026,11884895,3604,2026-10
Octubre 2026,11884894,2999,2026-10
Octubre 2026,11884892,1031,2026-10
Octubre 2026,11884890,3605,2026-10
Octubre 2026,11884889,1087,2026-10
Octubre 2026,11884886,2998,2026-10
Octubre 2026,11884885,2997,2026-10
Octubre 2026,11884884,3613,2026-10
Octubre 2026,11884882,2999,2026-10
Octubre 2026,11884881,2998,2026-10
Octubre 2026,11884880,1020,2026-10
Octubre 2026,11884877,2999,2026-10
Octubre 2026,11884875,2999,2026-10
Octubre 2026,11884874,2997,2026-10
Octubre 2026,11884872,1080,2026-10
Octubre 2026,11884871,1080,2026-10
Octubre 2026,11884865,2998,2026-10
Octubre 2026,11884864,3605,2026-10
Octubre 2026,11884863,3601,2026-10
Octubre 2026,11884861,1054,2026-10
Octubre 2026,11884860,1011,2026-10
Octubre 2026,11884859,2997,2026-10
Octubre 2026,11884858,3605,2026-10
Octubre 2026,11884855,3605,2026-10
Octubre 2026,11884854,1038,2026-10
Octubre 2026,11884853,3605,2026-10
Octubre 2026,11884850,3601,2026-10
Octubre 2026,11884849,3604,2026-10
Octubre 2026,11884848,2997,2026-10
Octubre 2026,11884847,3603,2026-10
Octubre 2026,11884846,2999,2026-10
Octubre 2026,11884842,2997,2026-10
Octubre 2026,11884841,2999,2026-10
Octubre 2026,11884840,2998,2026-10
Octubre 2026,11884839,2997,2026-10
Octubre 2026,11884837,3601,2026-10
Octubre 2026,11884836,3613,2026-10
Octubre 2026,11884835,1055,2026-10
Octubre 2026,11884834,2999,2026-10
Octubre 2026,11884833,3601,2026-10
Octubre 2026,11884832,3605,2026-10
Octubre 2026,11884829,2999,2026-10
Octubre 2026,11884828,1031,2026-10
Octubre 2026,11884827,1003,2026-10
Octubre 2026,11884825,2998,2026-10
Octubre 2026,11884824,1058,2026-10
Octubre 2026,11884823,1054,2026-10
Octubre 2026,11884822,3602,2026-10
Octubre 2026,11884821,1008,2026-10
Octubre 2026,11884820,2997,2026-10
Octubre 2026,11884819,2998,2026-10
Octubre 2026,11884818,1002,2026-10
Octubre 2026,11884817,1020,2026-10
Octubre 2026,11884816,2998,2026-10
Octubre 2026,11884815,2998,2026-10
Octubre 2026,11884814,1008,2026-10
Octubre 2026,11884813,2998,2026-10
Octubre 2026,11884811,wm-1012,2026-10
Octubre 2026,11884810,3605,2026-10
Octubre 2026,11884808,3605,2026-10
Octubre 2026,11884807,1008,2026-10
Octubre 2026,11884805,2998,2026-10
Octubre 2026,11884804,3613,2026-10
Octubre 2026,11884802,3604,2026-10
Octubre 2026,11884801,1008,2026-10
Octubre 2026,11884800,1006,2026-10
Octubre 2026,11884797,1054,2026-10
Octubre 2026,11884796,3601,2026-10
Octubre 2026,11884795,3613,2026-10
Octubre 2026,11884794,2997,2026-10
Octubre 2026,11884793,2997,2026-10
Octubre 2026,11884792,2997,2026-10
Octubre 2026,11884791,2999,2026-10
Octubre 2026,11884789,1057,2026-10
Octubre 2026,11884788,1087,2026-10
Octubre 2026,11884787,2999,2026-10
Octubre 2026,11884786,3603,2026-10
Octubre 2026,11884784,2998,2026-10
Octubre 2026,11884783,2999,2026-10
Octubre 2026,11884782,3605,2026-10
Octubre 2026,11884780,3608,2026-10
Octubre 2026,11884778,1052,2026-10
Octubre 2026,11884777,1002,2026-10
Octubre 2026,11884776,2997,2026-10
Octubre 2026,11884774,2997,2026-10
Octubre 2026,11884773,3608,2026-10
Octubre 2026,11884772,RT-STS-PP-1044,2026-10
Octubre 2026,11884771,2997,2026-10
Octubre 2026,11884770,2997,2026-10
Octubre 2026,11884769,3603,2026-10
Octubre 2026,11884768,3608,2026-10
Octubre 2026,11884767,1011,2026-10
Octubre 2026,11884766,2998,2026-10
Octubre 2026,11884765,1058,2026-10
Octubre 2026,11884764,1006,2026-10
Octubre 2026,11884763,1087,2026-10
Octubre 2026,11884762,3603,2026-10
Octubre 2026,11884761,3605,2026-10
Octubre 2026,11884759,1038,2026-10
Octubre 2026,11884758,1080,2026-10
Octubre 2026,11884757,1080,2026-10
Octubre 2026,11884756,3613,2026-10
Octubre 2026,11884751,1058,2026-10
Octubre 2026,11884750,3605,2026-10
Octubre 2026,11884749,1022,2026-10
Octubre 2026,11884747,2997,2026-10
Octubre 2026,11884746,1004,2026-10
Octubre 2026,11884745,3608,2026-10
Octubre 2026,11884742,3605,2026-10
Octubre 2026,11884741,3602,2026-10
Octubre 2026,11884738,1011,2026-10
Octubre 2026,11884737,1020,2026-10
Octubre 2026,11884736,1020,2026-10
Octubre 2026,11884733,3605,2026-10
Octubre 2026,11884731,3605,2026-10
Octubre 2026,11884730,2999,2026-10
Octubre 2026,11884729,3605,2026-10
Octubre 2026,11884727,3604,2026-10
Octubre 2026,11884725,1016,2026-10
Octubre 2026,11884724,2999,2026-10
Octubre 2026,11884723,3605,2026-10
Octubre 2026,11884722,1024,2026-10
Octubre 2026,11884721,3605,2026-10
Octubre 2026,11884720,1011,2026-10
Octubre 2026,11884719,3605,2026-10
Octubre 2026,11884716,3613,2026-10
Octubre 2026,11884715,3613,2026-10
Octubre 2026,11884714,1057,2026-10
Octubre 2026,11884713,1038,2026-10
Octubre 2026,11884712,2999,2026-10
Octubre 2026,11884711,1008,2026-10
Octubre 2026,11884710,1020,2026-10
Octubre 2026,11884709,3605,2026-10
Octubre 2026,11884706,2997,2026-10
Octubre 2026,11884705,2997,2026-10
Octubre 2026,11884704,1004,2026-10
Octubre 2026,11884702,3602,2026-10
Octubre 2026,11884699,2999,2026-10
Octubre 2026,11884698,3604,2026-10
Octubre 2026,11884694,3613,2026-10
Octubre 2026,11884693,1024,2026-10
Octubre 2026,11884691,1024,2026-10
Octubre 2026,11884690,1080,2026-10
Octubre 2026,11884689,1024,2026-10
Octubre 2026,11884688,1002,2026-10
Octubre 2026,11884687,3601,2026-10
Octubre 2026,11884686,3603,2026-10
Octubre 2026,11884683,3605,2026-10
Octubre 2026,11884681,3601,2026-10
Octubre 2026,11884680,2999,2026-10
Octubre 2026,11884679,3605,2026-10
Octubre 2026,11884677,2998,2026-10
Octubre 2026,11884676,1020,2026-10
Octubre 2026,11884674,1024,2026-10
Octubre 2026,11884673,1011,2026-10
Octubre 2026,11884672,1067,2026-10
Octubre 2026,11884671,3603,2026-10
Octubre 2026,11884669,2997,2026-10
Octubre 2026,11884668,1024,2026-10
Octubre 2026,11884667,2999,2026-10
Octubre 2026,11884666,3601,2026-10
Octubre 2026,11884663,3601,2026-10
Octubre 2026,11884662,2998,2026-10
Octubre 2026,11884661,3605,2026-10
Octubre 2026,11884660,1002,2026-10
Octubre 2026,11884659,3605,2026-10
Octubre 2026,11884658,3601,2026-10
Octubre 2026,11884657,1108,2026-10
Octubre 2026,11884656,1024,2026-10
Octubre 2026,11884655,1024,2026-10
Octubre 2026,11884654,2997,2026-10
Octubre 2026,11884651,1087,2026-10
Octubre 2026,11884649,1038,2026-10
Octubre 2026,11884648,3601,2026-10
Octubre 2026,11884647,3603,2026-10
Octubre 2026,11884646,1008,2026-10
Octubre 2026,11884645,3601,2026-10
Octubre 2026,11884643,3613,2026-10
Octubre 2026,11884641,2999,2026-10
Octubre 2026,11884640,3605,2026-10
Octubre 2026,11884639,1008,2026-10
Octubre 2026,11884637,2998,2026-10
Octubre 2026,11884636,1087,2026-10
Octubre 2026,11884635,2999,2026-10
Octubre 2026,11884633,3604,2026-10
Octubre 2026,11884632,2998,2026-10
Octubre 2026,11884630,3601,2026-10
Octubre 2026,11884628,2998,2026-10
Octubre 2026,11884627,3608,2026-10
Octubre 2026,11884626,2997,2026-10
Octubre 2026,11884625,2998,2026-10
Octubre 2026,11884623,1004,2026-10
Octubre 2026,11884622,2999,2026-10
Octubre 2026,11884620,1003,2026-10
Octubre 2026,11884619,2999,2026-10
Octubre 2026,11884618,1002,2026-10
Octubre 2026,11884617,3604,2026-10
Octubre 2026,11884614,3601,2026-10
Octubre 2026,11884613,3608,2026-10
Octubre 2026,11884612,3601,2026-10
Octubre 2026,11884611,2998,2026-10
Octubre 2026,11884610,2999,2026-10
Octubre 2026,11884609,3604,2026-10
Octubre 2026,11884608,3605,2026-10
Octubre 2026,11884607,1087,2026-10
Octubre 2026,11884606,1038,2026-10
Octubre 2026,11884604,2997,2026-10
Octubre 2026,11884603,1002,2026-10
Octubre 2026,11884602,2997,2026-10
Octubre 2026,11884600,3601,2026-10
Octubre 2026,11884599,3601,2026-10
Octubre 2026,11884598,2997,2026-10
Octubre 2026,11884597,2997,2026-10
Octubre 2026,11884596,2997,2026-10
Octubre 2026,11884595,3604,2026-10
Octubre 2026,11884594,2997,2026-10
Octubre 2026,11884593,2998,2026-10
Octubre 2026,11884592,3613,2026-10
Octubre 2026,11884591,3613,2026-10
Octubre 2026,11884588,3604,2026-10
Octubre 2026,11884587,3605,2026-10
Octubre 2026,11884582,3613,2026-10
Octubre 2026,11884578,3605,2026-10
Octubre 2026,11884576,1038,2026-10
Octubre 2026,11884575,1003,2026-10
Octubre 2026,11884573,2999,2026-10
Octubre 2026,11884562,1087,2026-10
Octubre 2026,11884561,1020,2026-10
Octubre 2026,11884560,3613,2026-10
Octubre 2026,11884557,1011,2026-10
Octubre 2026,11884556,3608,2026-10
Octubre 2026,11884555,1008,2026-10
Octubre 2026,11884554,3604,2026-10
Octubre 2026,11884553,3605,2026-10
Octubre 2026,11884552,wm-1081,2026-10
Octubre 2026,11884550,1006,2026-10
Octubre 2026,11884548,2997,2026-10
Octubre 2026,11884546,3608,2026-10
Octubre 2026,11884545,2997,2026-10
Octubre 2026,11884539,3613,2026-10
Octubre 2026,11884536,3613,2026-10
Octubre 2026,11884532,1020,2026-10
Octubre 2026,11884531,2997,2026-10
Octubre 2026,11884530,1087,2026-10
Octubre 2026,11884529,1024,2026-10
Octubre 2026,11884528,1024,2026-10
Octubre 2026,11884525,3608,2026-10
Octubre 2026,11884524,3601,2026-10
Octubre 2026,11884523,3603,2026-10
Octubre 2026,11884521,3603,2026-10
Octubre 2026,11884519,3601,2026-10
Octubre 2026,11884517,3604,2026-10
Octubre 2026,11884516,2999,2026-10
Octubre 2026,11884515,3608,2026-10
Octubre 2026,11884514,1020,2026-10
Octubre 2026,11884513,1080,2026-10
Octubre 2026,11884511,1007,2026-10
Octubre 2026,11884510,1020,2026-10
Octubre 2026,11884506,3603,2026-10
Octubre 2026,11884504,3605,2026-10
Octubre 2026,11884502,1024,2026-10
Octubre 2026,11884501,2999,2026-10
Octubre 2026,11884498,1004,2026-10
Octubre 2026,11884497,2997,2026-10
Octubre 2026,11884496,3603,2026-10
Octubre 2026,11884495,2998,2026-10
Octubre 2026,11884493,3603,2026-10
Octubre 2026,11884492,3605,2026-10
Octubre 2026,11884490,2998,2026-10
Octubre 2026,11884489,3613,2026-10
Octubre 2026,11884488,1008,2026-10
Octubre 2026,11884487,2997,2026-10
Octubre 2026,11884486,3603,2026-10
Octubre 2026,11884485,3602,2026-10
Octubre 2026,11884484,2998,2026-10
Octubre 2026,11884483,1087,2026-10
Octubre 2026,11884482,3613,2026-10
Octubre 2026,11884481,2998,2026-10
Octubre 2026,11884480,3602,2026-10
Octubre 2026,11884478,3603,2026-10
Octubre 2026,11884477,1033,2026-10
Octubre 2026,11884475,2997,2026-10
Octubre 2026,11884473,1004,2026-10
Octubre 2026,11884472,3603,2026-10
Octubre 2026,11884471,wm-1106,2026-10
Octubre 2026,11884470,1080,2026-10
Octubre 2026,11884469,3605,2026-10
Octubre 2026,11884467,1057,2026-10
Octubre 2026,11884465,2999,2026-10
Octubre 2026,11884464,1024,2026-10
Octubre 2026,11884462,1024,2026-10
Octubre 2026,11884458,2999,2026-10
Octubre 2026,11884457,1087,2026-10
Octubre 2026,11884456,1020,2026-10
Octubre 2026,11884455,1002,2026-10
Octubre 2026,11884454,2998,2026-10
Octubre 2026,11884453,1038,2026-10
Octubre 2026,11884451,2998,2026-10
Octubre 2026,11884449,1004,2026-10
Octubre 2026,11884448,1108,2026-10
Octubre 2026,11884447,1087,2026-10
Octubre 2026,11884446,3601,2026-10
Octubre 2026,11884445,2997,2026-10
Octubre 2026,11884444,2997,2026-10
Octubre 2026,11884443,1024,2026-10
Octubre 2026,11884440,3605,2026-10
Octubre 2026,11884437,3613,2026-10
Octubre 2026,11884436,2999,2026-10
Octubre 2026,11884434,3602,2026-10
Octubre 2026,11884433,wm-1106,2026-10
Octubre 2026,11884432,1031,2026-10
Octubre 2026,11884431,1011,2026-10
Octubre 2026,11884430,1004,2026-10
Octubre 2026,11884429,1038,2026-10
Octubre 2026,11884427,3605,2026-10
Octubre 2026,11884425,1024,2026-10
Octubre 2026,11884421,1003,2026-10
Octubre 2026,11884420,1031,2026-10
Octubre 2026,11884419,1042,2026-10
Octubre 2026,11884418,2997,2026-10
Octubre 2026,11884414,3605,2026-10
Octubre 2026,11884413,2997,2026-10
Octubre 2026,11884412,2999,2026-10
Octubre 2026,11884411,2997,2026-10
Octubre 2026,11884410,3603,2026-10
Octubre 2026,11884409,3602,2026-10
Octubre 2026,11884406,1042,2026-10
Octubre 2026,11884405,1008,2026-10
Octubre 2026,11884404,3601,2026-10
Octubre 2026,11884402,1115,2026-10
Octubre 2026,11884401,RTPU-PP-1010,2026-10
Octubre 2026,11884400,2997,2026-10
Octubre 2026,11884399,1003,2026-10
Octubre 2026,11884397,1003,2026-10
Octubre 2026,11884396,1004,2026-10
Octubre 2026,11884395,1002,2026-10
Octubre 2026,11884394,1057,2026-10
Octubre 2026,11884392,2997,2026-10
Octubre 2026,11884390,2997,2026-10
Octubre 2026,11884389,3602,2026-10
Octubre 2026,11884388,2997,2026-10
Octubre 2026,11884387,1057,2026-10
Octubre 2026,11884385,3605,2026-10
Octubre 2026,11884384,2997,2026-10
Octubre 2026,11884383,1020,2026-10
Octubre 2026,11884381,2999,2026-10
Octubre 2026,11884380,1020,2026-10
Octubre 2026,11884379,2997,2026-10
Octubre 2026,11884378,1020,2026-10
Octubre 2026,11884377,3602,2026-10
Octubre 2026,11884376,1057,2026-10
Octubre 2026,11884375,3605,2026-10
Octubre 2026,11884372,1003,2026-10
Octubre 2026,11884371,3602,2026-10
Octubre 2026,11884370,3613,2026-10
Octubre 2026,11884369,2998,2026-10
Octubre 2026,11884368,3605,2026-10
Octubre 2026,11884367,3604,2026-10
Octubre 2026,11884366,1108,2026-10
Octubre 2026,11884365,1087,2026-10
Octubre 2026,11884363,1011,2026-10
Octubre 2026,11884362,RTPU-FULLGM-S2S-1092,2026-10
Octubre 2026,11884361,3604,2026-10
Octubre 2026,11884360,1020,2026-10
Octubre 2026,11884359,1004,2026-10
Octubre 2026,11884358,1006,2026-10
Octubre 2026,11884357,1108,2026-10
Octubre 2026,11884356,2997,2026-10
Octubre 2026,11884355,3605,2026-10
Octubre 2026,11884354,1024,2026-10
Octubre 2026,11884352,3601,2026-10
Octubre 2026,11884351,3601,2026-10
Octubre 2026,11884350,2999,2026-10
Octubre 2026,11884349,1024,2026-10
Octubre 2026,11884347,3605,2026-10
Octubre 2026,11884346,3605,2026-10
Octubre 2026,11884344,wm-1012,2026-10
Octubre 2026,11884343,1011,2026-10
Octubre 2026,11884342,1056,2026-10
Octubre 2026,11884341,3613,2026-10
Octubre 2026,11884340,2997,2026-10
Octubre 2026,11884339,1006,2026-10
Octubre 2026,11884338,2998,2026-10
Octubre 2026,11884337,1004,2026-10
Octubre 2026,11884336,3608,2026-10
Octubre 2026,11884334,1087,2026-10
Octubre 2026,11884332,1024,2026-10
Octubre 2026,11884330,1087,2026-10
Octubre 2026,11884329,1020,2026-10
Octubre 2026,11884324,3605,2026-10
Octubre 2026,11884323,1042,2026-10
Octubre 2026,11884322,1087,2026-10
Octubre 2026,11884321,2997,2026-10
Octubre 2026,11884318,1024,2026-10
Octubre 2026,11884317,2998,2026-10
Octubre 2026,11884314,2997,2026-10
Octubre 2026,11884313,2998,2026-10
Octubre 2026,11884312,1077,2026-10
Octubre 2026,11884311,3601,2026-10
Octubre 2026,11884310,3605,2026-10
Octubre 2026,11884309,2998,2026-10
Octubre 2026,11884308,1003,2026-10
Octubre 2026,11884306,1024,2026-10
Octubre 2026,11884304,1032,2026-10
Octubre 2026,11884302,2999,2026-10
Octubre 2026,11884301,2997,2026-10
Octubre 2026,11884300,2997,2026-10
Octubre 2026,11884299,2999,2026-10
Octubre 2026,11884298,3603,2026-10
Octubre 2026,11884297,3604,2026-10
Octubre 2026,11884296,3604,2026-10
Octubre 2026,11884295,1020,2026-10
Octubre 2026,11884294,2997,2026-10
Octubre 2026,11884293,3601,2026-10
Octubre 2026,11884289,3605,2026-10
Octubre 2026,11884288,1087,2026-10
Octubre 2026,11884285,3601,2026-10
Octubre 2026,11884283,3605,2026-10
Octubre 2026,11884281,3605,2026-10
Octubre 2026,11884280,3613,2026-10
Octubre 2026,11884279,1024,2026-10
Octubre 2026,11884278,3602,2026-10
Octubre 2026,11884275,1006,2026-10
Octubre 2026,11884274,3604,2026-10
Octubre 2026,11884271,2999,2026-10
Octubre 2026,11884269,1020,2026-10
Octubre 2026,11884266,1003,2026-10
Octubre 2026,11884265,2997,2026-10
Octubre 2026,11884264,1046,2026-10
Octubre 2026,11884263,1004,2026-10
Octubre 2026,11884262,1075,2026-10
Octubre 2026,11884261,3604,2026-10
Octubre 2026,11884260,1006,2026-10
Octubre 2026,11884258,1057,2026-10
Octubre 2026,11884257,2999,2026-10
Octubre 2026,11884256,3601,2026-10
Octubre 2026,11884255,3604,2026-10
Octubre 2026,11884251,3613,2026-10
Octubre 2026,11884250,3601,2026-10
Octubre 2026,11884246,3605,2026-10
Octubre 2026,11884245,1056,2026-10
Octubre 2026,11884244,2997,2026-10
Octubre 2026,11884243,2997,2026-10
Octubre 2026,11884242,1057,2026-10
Octubre 2026,11884239,1002,2026-10
Octubre 2026,11884237,1087,2026-10
Octubre 2026,11884235,2997,2026-10
Octubre 2026,11884234,3602,2026-10
Octubre 2026,11884233,3613,2026-10
Octubre 2026,11884232,2997,2026-10
Octubre 2026,11884231,1087,2026-10
Octubre 2026,11884230,3605,2026-10
Octubre 2026,11884229,1002,2026-10
Octubre 2026,11884227,1080,2026-10
Octubre 2026,11884226,1004,2026-10
Octubre 2026,11884225,1051,2026-10
Octubre 2026,11884222,2997,2026-10
Octubre 2026,11884221,2997,2026-10
Octubre 2026,11884219,1054,2026-10
Octubre 2026,11884218,1024,2026-10
Octubre 2026,11884217,1108,2026-10
Octubre 2026,11884212,3602,2026-10
Octubre 2026,11884211,1020,2026-10
Octubre 2026,11884209,3603,2026-10
Octubre 2026,11884207,2997,2026-10
Octubre 2026,11884206,1087,2026-10
Octubre 2026,11884204,1024,2026-10
Octubre 2026,11884201,2997,2026-10
Octubre 2026,11884200,2997,2026-10
Octubre 2026,11884199,1033,2026-10
Octubre 2026,11884198,1051,2026-10
Octubre 2026,11884197,1080,2026-10
Octubre 2026,11884195,1057,2026-10
Octubre 2026,11884194,1087,2026-10
Octubre 2026,11884191,1024,2026-10
Octubre 2026,11884190,1057,2026-10
Octubre 2026,11884189,2999,2026-10
Octubre 2026,11884188,1115,2026-10
Octubre 2026,11884187,3605,2026-10
Octubre 2026,11884185,3602,2026-10
Octubre 2026,11884184,1011,2026-10
Octubre 2026,11884183,1038,2026-10
Octubre 2026,11884182,1031,2026-10
Octubre 2026,11884181,2997,2026-10
Octubre 2026,11884180,1024,2026-10
Octubre 2026,11884179,2997,2026-10
Octubre 2026,11884178,1020,2026-10
Octubre 2026,11884177,1057,2026-10
Octubre 2026,11884176,2997,2026-10
Octubre 2026,11884175,2999,2026-10
Octubre 2026,11884174,1011,2026-10
Octubre 2026,11884173,1024,2026-10
Octubre 2026,11884172,3608,2026-10
Octubre 2026,11884170,3605,2026-10
Octubre 2026,11884169,1024,2026-10
Octubre 2026,11884168,2999,2026-10
Octubre 2026,11884167,3603,2026-10
Octubre 2026,11884166,3608,2026-10
Octubre 2026,11884165,1115,2026-10
Octubre 2026,11884164,3602,2026-10
Octubre 2026,11884163,3608,2026-10
Octubre 2026,11884158,2997,2026-10
Octubre 2026,11884157,1031,2026-10
Octubre 2026,11884156,3601,2026-10
Octubre 2026,11884154,1004,2026-10
Octubre 2026,11884153,2997,2026-10
Octubre 2026,11884151,3604,2026-10
Octubre 2026,11884150,1006,2026-10
Octubre 2026,11884149,1033,2026-10
Octubre 2026,11884148,1057,2026-10
Octubre 2026,11884147,1002,2026-10
Octubre 2026,11884146,1002,2026-10
Octubre 2026,11884145,1087,2026-10
Octubre 2026,11884144,1067,2026-10
Octubre 2026,11884142,2998,2026-10
Octubre 2026,11884139,2997,2026-10
Octubre 2026,11884138,3608,2026-10
Octubre 2026,11884135,1051,2026-10
Octubre 2026,11884134,1057,2026-10
Octubre 2026,11884133,3603,2026-10
Octubre 2026,11884130,3601,2026-10
Octubre 2026,11884129,3602,2026-10
Octubre 2026,11884128,2997,2026-10
Octubre 2026,11884127,1020,2026-10
Octubre 2026,11884126,1031,2026-10
Octubre 2026,11884125,1057,2026-10
Octubre 2026,11884124,2997,2026-10
Octubre 2026,11884123,3601,2026-10
Octubre 2026,11884122,3603,2026-10
Octubre 2026,11884121,1031,2026-10
Octubre 2026,11884120,1020,2026-10
Octubre 2026,11884119,2999,2026-10
Octubre 2026,11884117,1011,2026-10
Octubre 2026,11884116,2997,2026-10
Octubre 2026,11884115,1058,2026-10
Octubre 2026,11884114,1024,2026-10
Octubre 2026,11884113,2999,2026-10
Octubre 2026,11884111,1020,2026-10
Octubre 2026,11884106,3603,2026-10
Octubre 2026,11884104,1003,2026-10
Octubre 2026,11884103,1024,2026-10
Octubre 2026,11884102,1004,2026-10
Octubre 2026,11884101,2999,2026-10
Octubre 2026,11884096,2999,2026-10
Octubre 2026,11884092,1004,2026-10
Octubre 2026,11884089,1024,2026-10
Octubre 2026,11884088,1022,2026-10
Octubre 2026,11884087,1057,2026-10
Octubre 2026,11884086,3601,2026-10
Octubre 2026,11884084,2998,2026-10
Octubre 2026,11884083,3613,2026-10
Octubre 2026,11884082,2998,2026-10
Octubre 2026,11884081,2997,2026-10
Octubre 2026,11884079,2997,2026-10
Octubre 2026,11884076,3602,2026-10
Octubre 2026,11884073,1052,2026-10
Octubre 2026,11884072,2999,2026-10
Octubre 2026,11884071,1087,2026-10
Octubre 2026,11884070,1058,2026-10
Octubre 2026,11884065,2998,2026-10
Octubre 2026,11884063,3601,2026-10
Octubre 2026,11884062,1087,2026-10
Octubre 2026,11884060,3608,2026-10
Octubre 2026,11884059,wm-1012,2026-10
Octubre 2026,11884058,1038,2026-10
Octubre 2026,11884056,3608,2026-10
Octubre 2026,11884054,1087,2026-10
Octubre 2026,11884052,3603,2026-10
Octubre 2026,11884051,2997,2026-10
Octubre 2026,11884049,3613,2026-10
Octubre 2026,11884042,3603,2026-10
Octubre 2026,11884035,2997,2026-10
Octubre 2026,11884034,1057,2026-10
Octubre 2026,11884033,3605,2026-10
Octubre 2026,11884030,3605,2026-10
Octubre 2026,11884029,2999,2026-10
Octubre 2026,11884027,3613,2026-10
Octubre 2026,11884025,3605,2026-10
Octubre 2026,11884024,3605,2026-10
Octubre 2026,11884021,2997,2026-10
Octubre 2026,11884020,3605,2026-10
Octubre 2026,11884019,3601,2026-10
Octubre 2026,11884018,3605,2026-10
Octubre 2026,11884017,2998,2026-10
Octubre 2026,11884015,3613,2026-10
Octubre 2026,11884014,1057,2026-10
Octubre 2026,11884013,3603,2026-10
Octubre 2026,11884012,1033,2026-10
Octubre 2026,11884011,2998,2026-10
Octubre 2026,11884010,2997,2026-10
Octubre 2026,11884008,1004,2026-10
Octubre 2026,11884006,3601,2026-10
Octubre 2026,11884004,2997,2026-10
Octubre 2026,11884003,3601,2026-10
Octubre 2026,11884002,2998,2026-10
Octubre 2026,11884001,3601,2026-10
Octubre 2026,11884000,1020,2026-10
Octubre 2026,11883999,1033,2026-10
Octubre 2026,11883996,1115,2026-10
Octubre 2026,11883995,3608,2026-10
Octubre 2026,11883994,2999,2026-10
Octubre 2026,11883993,1003,2026-10
Octubre 2026,11883992,3602,2026-10
Octubre 2026,11883991,1008,2026-10
Octubre 2026,11883987,1004,2026-10
Octubre 2026,11883986,2997,2026-10
Octubre 2026,11883985,1031,2026-10
Octubre 2026,11883984,2999,2026-10
Octubre 2026,11883983,2998,2026-10
Octubre 2026,11883981,1058,2026-10
Octubre 2026,11883979,2999,2026-10
Octubre 2026,11883978,3608,2026-10
Octubre 2026,11883977,2998,2026-10
Octubre 2026,11883976,3605,2026-10
Octubre 2026,11883975,1002,2026-10
Octubre 2026,11883974,1031,2026-10
Octubre 2026,11883973,1003,2026-10
Octubre 2026,11883971,2998,2026-10
Octubre 2026,11883970,3602,2026-10
Octubre 2026,11883969,1038,2026-10
Octubre 2026,11883966,1024,2026-10
Octubre 2026,11883965,3613,2026-10
Octubre 2026,11883964,1024,2026-10
Octubre 2026,11883963,1031,2026-10
Octubre 2026,11883962,1058,2026-10
Octubre 2026,11883961,1004,2026-10
Octubre 2026,11883958,3605,2026-10
Octubre 2026,11883956,3605,2026-10
Octubre 2026,11883954,2998,2026-10
Octubre 2026,11883952,1002,2026-10
Octubre 2026,11883951,3608,2026-10
Octubre 2026,11883950,1011,2026-10
Octubre 2026,11883949,1087,2026-10
Octubre 2026,11883947,1058,2026-10
Octubre 2026,11883946,1058,2026-10
Octubre 2026,11883945,3601,2026-10
Octubre 2026,11883944,3605,2026-10
Octubre 2026,11883943,2997,2026-10
Octubre 2026,11883942,1058,2026-10
Octubre 2026,11883941,1008,2026-10
Octubre 2026,11883939,1058,2026-10
Octubre 2026,11883936,1057,2026-10
Octubre 2026,11883933,1006,2026-10
Octubre 2026,11883932,3605,2026-10
Octubre 2026,11883931,1108,2026-10
Octubre 2026,11883930,1024,2026-10
Octubre 2026,11883928,1087,2026-10
Octubre 2026,11883925,2997,2026-10
Octubre 2026,11883924,3604,2026-10
Octubre 2026,11883923,3608,2026-10
Octubre 2026,11883922,3604,2026-10
Octubre 2026,11883921,1058,2026-10
Octubre 2026,11883920,1087,2026-10
Octubre 2026,11883919,1033,2026-10
Octubre 2026,11883918,1002,2026-10
Octubre 2026,11883914,1020,2026-10
Octubre 2026,11883911,1011,2026-10
Octubre 2026,11883909,1058,2026-10
Octubre 2026,11883907,1058,2026-10
Octubre 2026,11883906,1080,2026-10
Octubre 2026,11883905,2998,2026-10
Octubre 2026,11883904,2999,2026-10
Octubre 2026,11883903,RT-STS-PP-1084,2026-10
Octubre 2026,11883902,3603,2026-10
Octubre 2026,11883899,1058,2026-10
Octubre 2026,11883898,1054,2026-10
Octubre 2026,11883897,3613,2026-10
Octubre 2026,11883895,3608,2026-10
Octubre 2026,11883894,3605,2026-10
Octubre 2026,11883892,1057,2026-10
Octubre 2026,11883889,3605,2026-10
Octubre 2026,11883888,3605,2026-10
Octubre 2026,11883887,3605,2026-10
Octubre 2026,11883886,3605,2026-10
Octubre 2026,11883885,3608,2026-10
Octubre 2026,11883883,1115,2026-10
Octubre 2026,11883882,2999,2026-10
Octubre 2026,11883880,2997,2026-10
Octubre 2026,11883879,1031,2026-10
Octubre 2026,11883877,3608,2026-10
Octubre 2026,11883876,1024,2026-10
Octubre 2026,11883875,3613,2026-10
Octubre 2026,11883874,3605,2026-10
Octubre 2026,11883870,1033,2026-10
Octubre 2026,11883869,1008,2026-10
Octubre 2026,11883867,1057,2026-10
Octubre 2026,11883866,1038,2026-10
Octubre 2026,11883865,3605,2026-10
Octubre 2026,11883864,1057,2026-10
Octubre 2026,11883862,3613,2026-10
Octubre 2026,11883861,2998,2026-10
Octubre 2026,11883860,3602,2026-10
Octubre 2026,11883858,Inv-Full-1093,2026-10
Octubre 2026,11883857,1080,2026-10
Octubre 2026,11883856,1004,2026-10
Octubre 2026,11883855,3601,2026-10
Octubre 2026,11883854,2999,2026-10
Octubre 2026,11883853,2999,2026-10
Octubre 2026,11883851,2997,2026-10
Octubre 2026,11883850,3613,2026-10
Octubre 2026,11883849,2997,2026-10
Octubre 2026,11883848,3605,2026-10
Octubre 2026,11883846,3604,2026-10
Octubre 2026,11883845,2997,2026-10
Octubre 2026,11883843,1108,2026-10
Octubre 2026,11883841,1024,2026-10
Octubre 2026,11883840,1007,2026-10
Octubre 2026,11883839,2997,2026-10
Octubre 2026,11883837,1002,2026-10
Octubre 2026,11883836,2998,2026-10
Octubre 2026,11883835,1057,2026-10
Octubre 2026,11883829,3602,2026-10
Octubre 2026,11883828,2997,2026-10
Octubre 2026,11883827,1020,2026-10
Octubre 2026,11883826,2997,2026-10
Octubre 2026,11883825,1058,2026-10
Octubre 2026,11883824,1011,2026-10
Octubre 2026,11883823,3601,2026-10
Octubre 2026,11883822,2997,2026-10
Octubre 2026,11883821,1108,2026-10
Octubre 2026,11883819,3608,2026-10
Octubre 2026,11883817,3605,2026-10
Octubre 2026,11883816,3613,2026-10
Octubre 2026,11883815,3601,2026-10
Octubre 2026,11883814,2997,2026-10
Octubre 2026,11883812,3605,2026-10
Octubre 2026,11883811,2997,2026-10
Octubre 2026,11883810,2998,2026-10
Octubre 2026,11883809,3601,2026-10
Octubre 2026,11883806,1115,2026-10
Octubre 2026,11883804,2998,2026-10
Octubre 2026,11883801,2997,2026-10
Octubre 2026,11883799,3605,2026-10
Octubre 2026,11883794,2999,2026-10
Octubre 2026,11883790,1052,2026-10
Octubre 2026,11883789,3613,2026-10
Octubre 2026,11883788,3608,2026-10
Octubre 2026,11883787,3605,2026-10
Octubre 2026,11883786,1024,2026-10
Octubre 2026,11883785,2999,2026-10
Octubre 2026,11883784,3605,2026-10
Octubre 2026,11883783,1020,2026-10
Octubre 2026,11883780,1087,2026-10
Octubre 2026,11883779,2999,2026-10
Octubre 2026,11883777,1057,2026-10
Octubre 2026,11883776,3601,2026-10
Octubre 2026,11883775,2999,2026-10
Octubre 2026,11883774,2999,2026-10
Octubre 2026,11883773,1080,2026-10
Octubre 2026,11883772,1057,2026-10
Octubre 2026,11883769,3602,2026-10
Octubre 2026,11883766,2998,2026-10
Octubre 2026,11883765,2998,2026-10
Octubre 2026,11883764,masonlineprod0102-inv-pp-1018,2026-10
Octubre 2026,11883762,3604,2026-10
Octubre 2026,11883761,1055,2026-10
Octubre 2026,11883760,1055,2026-10
Octubre 2026,11883759,3601,2026-10
Octubre 2026,11883758,1055,2026-10
Octubre 2026,11883757,1055,2026-10
Octubre 2026,11883756,1055,2026-10
Octubre 2026,11883754,1055,2026-10
Octubre 2026,11883752,3605,2026-10
Octubre 2026,11883747,2997,2026-10
Octubre 2026,11883745,1080,2026-10
Octubre 2026,11883744,RT-4001-,2026-10
Octubre 2026,11883743,1057,2026-10
Octubre 2026,11883742,2998,2026-10
Octubre 2026,11883739,2999,2026-10
Octubre 2026,11883738,2997,2026-10
Octubre 2026,11883736,3601,2026-10
Octubre 2026,11883734,1057,2026-10
Octubre 2026,11883732,1057,2026-10
Octubre 2026,11883731,3613,2026-10
Octubre 2026,11883729,1003,2026-10
Octubre 2026,11883728,3613,2026-10
Octubre 2026,11883727,3605,2026-10
Octubre 2026,11883726,3613,2026-10
Octubre 2026,11883725,3613,2026-10
Octubre 2026,11883724,3613,2026-10
Octubre 2026,11883722,wm-1085,2026-10
Octubre 2026,11883721,masonlineprod0102-inv-pp-1018,2026-10
Octubre 2026,11883719,2997,2026-10
Octubre 2026,11883717,3613,2026-10
Octubre 2026,11883716,3613,2026-10
Octubre 2026,11883715,2997,2026-10
Octubre 2026,11883714,1058,2026-10
Octubre 2026,11883713,3613,2026-10
Octubre 2026,11883712,3613,2026-10
Octubre 2026,11883711,3605,2026-10
Octubre 2026,11883710,1058,2026-10
Octubre 2026,11883709,3613,2026-10
Octubre 2026,11883708,3605,2026-10
Octubre 2026,11883704,1055,2026-10
Octubre 2026,11883703,3604,2026-10
Octubre 2026,11883702,3613,2026-10
Octubre 2026,11883700,1087,2026-10
Octubre 2026,11883699,1022,2026-10
Octubre 2026,11883698,2998,2026-10
Octubre 2026,11883696,3605,2026-10
Octubre 2026,11883695,2999,2026-10
Octubre 2026,11883693,2999,2026-10
Octubre 2026,11883692,1003,2026-10
Octubre 2026,11883691,1020,2026-10
Octubre 2026,11883690,1067,2026-10
Octubre 2026,11883689,1067,2026-10
Octubre 2026,11883688,3601,2026-10
Octubre 2026,11883687,2997,2026-10
Octubre 2026,11883686,2999,2026-10
Octubre 2026,11883685,1058,2026-10
Octubre 2026,11883682,2997,2026-10
Octubre 2026,11883681,1038,2026-10
Octubre 2026,11883680,3605,2026-10
Octubre 2026,11883676,1003,2026-10
Octubre 2026,11883675,1022,2026-10
Octubre 2026,11883674,2998,2026-10
Octubre 2026,11883671,3605,2026-10
Octubre 2026,11883667,3608,2026-10
Octubre 2026,11883666,3605,2026-10
Octubre 2026,11883664,2999,2026-10
Octubre 2026,11883663,3608,2026-10
Octubre 2026,11883662,3605,2026-10
Octubre 2026,11883661,1024,2026-10
Octubre 2026,11883660,3601,2026-10
Octubre 2026,11883659,3605,2026-10
Octubre 2026,11883658,1003,2026-10
Octubre 2026,11883656,2998,2026-10
Octubre 2026,11883655,1031,2026-10
Octubre 2026,11883652,3602,2026-10
Octubre 2026,11883651,3613,2026-10
Octubre 2026,11883650,1020,2026-10
Octubre 2026,11883648,1055,2026-10
Octubre 2026,11883647,1020,2026-10
Octubre 2026,11883646,1038,2026-10
Octubre 2026,11883645,3605,2026-10
Octubre 2026,11883643,3613,2026-10
Octubre 2026,11883641,3613,2026-10
Octubre 2026,11883639,1024,2026-10
Octubre 2026,11883636,3605,2026-10
Octubre 2026,11883635,2997,2026-10
Octubre 2026,11883634,1002,2026-10
Octubre 2026,11883633,1006,2026-10
Octubre 2026,11883632,3608,2026-10
Octubre 2026,11883630,1054,2026-10
Octubre 2026,11883629,3605,2026-10
Octubre 2026,11883628,1024,2026-10
Octubre 2026,11883624,1057,2026-10
Octubre 2026,11883623,1054,2026-10
Octubre 2026,11883621,3602,2026-10
Octubre 2026,11883620,2998,2026-10
Octubre 2026,11883619,1020,2026-10
Octubre 2026,11883617,1003,2026-10
Octubre 2026,11883616,1007,2026-10
Octubre 2026,11883615,1038,2026-10
Octubre 2026,11883613,1057,2026-10
Octubre 2026,11883612,3608,2026-10
Octubre 2026,11883611,2999,2026-10
Octubre 2026,11883608,3605,2026-10
Octubre 2026,11883605,1057,2026-10
Octubre 2026,11883604,2998,2026-10
Octubre 2026,11883603,1008,2026-10
Octubre 2026,11883600,2998,2026-10
Octubre 2026,11883599,3604,2026-10
Octubre 2026,11883596,2998,2026-10
Octubre 2026,11883594,2998,2026-10
Octubre 2026,11883590,3601,2026-10
Octubre 2026,11883589,1020,2026-10
Octubre 2026,11883588,3605,2026-10
Octubre 2026,11883584,3603,2026-10
Octubre 2026,11883583,1058,2026-10
Octubre 2026,11883581,3604,2026-10
Octubre 2026,11883579,1058,2026-10
Octubre 2026,11883576,2998,2026-10
Octubre 2026,11883574,3605,2026-10
Octubre 2026,11883573,1058,2026-10
Octubre 2026,11883570,1058,2026-10
Octubre 2026,11883569,3601,2026-10
Octubre 2026,11883567,1080,2026-10
Octubre 2026,11883566,3605,2026-10
Octubre 2026,11883563,2999,2026-10
Octubre 2026,11883562,3603,2026-10
Octubre 2026,11883561,3601,2026-10
Octubre 2026,11883553,2997,2026-10
Octubre 2026,11883550,1054,2026-10
Octubre 2026,11883549,1011,2026-10
Octubre 2026,11883548,1055,2026-10
Octubre 2026,11883547,2997,2026-10
Octubre 2026,11883546,1024,2026-10
Octubre 2026,11883544,2998,2026-10
Octubre 2026,11883541,3605,2026-10
Octubre 2026,11883540,2997,2026-10
Octubre 2026,11883539,1057,2026-10
Octubre 2026,11883538,3601,2026-10
Octubre 2026,11883537,3605,2026-10
Octubre 2026,11883536,2998,2026-10
Octubre 2026,11883528,1055,2026-10
Octubre 2026,11883527,1031,2026-10
Octubre 2026,11883526,2997,2026-10
Octubre 2026,11883525,3608,2026-10
Octubre 2026,11883524,1055,2026-10
Octubre 2026,11883522,1024,2026-10
Octubre 2026,11883520,3603,2026-10
Octubre 2026,11883519,1011,2026-10
Octubre 2026,11883518,3601,2026-10
Octubre 2026,11883517,3613,2026-10
Octubre 2026,11883516,3608,2026-10
Octubre 2026,11883515,3608,2026-10
Octubre 2026,11883514,3613,2026-10
Octubre 2026,11883513,3605,2026-10
Octubre 2026,11883512,1052,2026-10
Octubre 2026,11883510,3608,2026-10
Octubre 2026,11883509,1004,2026-10
Octubre 2026,11883506,3608,2026-10
Octubre 2026,11883504,1080,2026-10
Octubre 2026,11883503,3613,2026-10
Octubre 2026,11883502,1031,2026-10
Octubre 2026,11883501,1042,2026-10
Octubre 2026,11883500,1031,2026-10
Octubre 2026,11883498,3613,2026-10
Octubre 2026,11883497,1020,2026-10
Octubre 2026,11883495,3601,2026-10
Octubre 2026,11883494,1031,2026-10
Octubre 2026,11883493,3602,2026-10
Octubre 2026,11883492,2998,2026-10
Octubre 2026,11883491,2998,2026-10
Octubre 2026,11883490,1006,2026-10
Octubre 2026,11883489,1080,2026-10
Octubre 2026,11883487,3601,2026-10
Octubre 2026,11883486,2997,2026-10
Octubre 2026,11883485,3602,2026-10
Octubre 2026,11883484,1057,2026-10
Octubre 2026,11883483,3601,2026-10
Octubre 2026,11883481,2999,2026-10
Octubre 2026,11883480,2997,2026-10
Octubre 2026,11883479,2997,2026-10
Octubre 2026,11883478,1087,2026-10
Octubre 2026,11883474,2999,2026-10
Octubre 2026,11883473,2997,2026-10
Octubre 2026,11883471,1080,2026-10
Octubre 2026,11883470,3601,2026-10
Octubre 2026,11883469,1054,2026-10
Octubre 2026,11883468,1024,2026-10
Octubre 2026,11883467,1006,2026-10
Octubre 2026,11883466,RT-STS-PP-1084,2026-10
Octubre 2026,11883465,3605,2026-10
Octubre 2026,11883464,2999,2026-10
Octubre 2026,11883462,1087,2026-10
Octubre 2026,11883460,2998,2026-10
Octubre 2026,11883458,2998,2026-10
Octubre 2026,11883457,3602,2026-10
Octubre 2026,11883456,3608,2026-10
Octubre 2026,11883454,1008,2026-10
Octubre 2026,11883452,3605,2026-10
Octubre 2026,11883451,2999,2026-10
Octubre 2026,11883450,1002,2026-10
Octubre 2026,11883449,2997,2026-10
Octubre 2026,11883448,1057,2026-10
Octubre 2026,11883445,3601,2026-10
Octubre 2026,11883444,3605,2026-10
Octubre 2026,11883443,2999,2026-10
Octubre 2026,11883442,1008,2026-10
Octubre 2026,11883441,3602,2026-10
Octubre 2026,11883440,3605,2026-10
Octubre 2026,11883439,3601,2026-10
Octubre 2026,11883438,2998,2026-10
Octubre 2026,11883437,1031,2026-10
Octubre 2026,11883435,1004,2026-10
Octubre 2026,11883434,1058,2026-10
Octubre 2026,11883433,1087,2026-10
Octubre 2026,11883432,1004,2026-10
Octubre 2026,11883431,3602,2026-10
Octubre 2026,11883430,1087,2026-10
Octubre 2026,11883428,2997,2026-10
Octubre 2026,11883426,1004,2026-10
Octubre 2026,11883423,2998,2026-10
Octubre 2026,11883421,3605,2026-10
Octubre 2026,11883420,1061,2026-10
Octubre 2026,11883419,2999,2026-10
Octubre 2026,11883418,1054,2026-10
Octubre 2026,11883416,1014,2026-10
Octubre 2026,11883415,1002,2026-10
Octubre 2026,11883414,3605,2026-10
Octubre 2026,11883413,3608,2026-10
Octubre 2026,11883412,3602,2026-10
Octubre 2026,11883410,3608,2026-10
Octubre 2026,11883409,1080,2026-10
Octubre 2026,11883408,wm-1012,2026-10
Octubre 2026,11883407,2999,2026-10
Octubre 2026,11883406,2998,2026-10
Octubre 2026,11883405,1011,2026-10
Octubre 2026,11883404,2997,2026-10
Octubre 2026,11883402,2999,2026-10
Octubre 2026,11883399,3605,2026-10
Octubre 2026,11883398,3603,2026-10
Octubre 2026,11883397,2999,2026-10
Octubre 2026,11883396,2997,2026-10
Octubre 2026,11883395,1057,2026-10
Octubre 2026,11883394,1022,2026-10
Octubre 2026,11883393,2997,2026-10
Octubre 2026,11883391,3604,2026-10
Octubre 2026,11883390,3613,2026-10
Octubre 2026,11883386,2997,2026-10
Octubre 2026,11883382,2998,2026-10
Octubre 2026,11883381,3605,2026-10
Octubre 2026,11883377,2999,2026-10
Octubre 2026,11883376,2998,2026-10
Octubre 2026,11883375,1003,2026-10
Octubre 2026,11883374,2998,2026-10
Octubre 2026,11883373,2998,2026-10
Octubre 2026,11883370,1058,2026-10
Octubre 2026,11883369,1003,2026-10
Octubre 2026,11883368,2997,2026-10
Octubre 2026,11883367,1028,2026-10
Octubre 2026,11883366,3605,2026-10
Octubre 2026,11883365,1115,2026-10
Octubre 2026,11883363,1038,2026-10
Octubre 2026,11883362,1042,2026-10
Octubre 2026,11883361,1042,2026-10
Octubre 2026,11883360,1031,2026-10
Octubre 2026,11883359,3601,2026-10
Octubre 2026,11883358,3602,2026-10
Octubre 2026,11883357,1020,2026-10
Octubre 2026,11883355,2998,2026-10
Octubre 2026,11883354,1006,2026-10
Octubre 2026,11883353,3602,2026-10
Octubre 2026,11883351,3601,2026-10
Octubre 2026,11883350,1057,2026-10
Octubre 2026,11883349,1038,2026-10
Octubre 2026,11883348,2999,2026-10
Octubre 2026,11883347,3605,2026-10
Octubre 2026,11883346,2998,2026-10
Octubre 2026,11883345,3613,2026-10
Octubre 2026,11883343,2998,2026-10
Octubre 2026,11883342,3604,2026-10
Octubre 2026,11883341,1002,2026-10
Octubre 2026,11883339,2998,2026-10
Octubre 2026,11883338,2997,2026-10
Octubre 2026,11883337,1024,2026-10
Octubre 2026,11883336,3602,2026-10
Octubre 2026,11883334,2999,2026-10
Octubre 2026,11883332,1024,2026-10
Octubre 2026,11883328,2997,2026-10
Octubre 2026,11883326,1058,2026-10
Octubre 2026,11883325,1058,2026-10
Octubre 2026,11883324,3601,2026-10
Octubre 2026,11883323,2998,2026-10
Octubre 2026,11883322,1058,2026-10
Octubre 2026,11883320,1108,2026-10
Octubre 2026,11883319,3601,2026-10
Octubre 2026,11883318,3604,2026-10
Octubre 2026,11883317,1042,2026-10
Octubre 2026,11883316,1058,2026-10
Octubre 2026,11883315,3602,2026-10
Octubre 2026,11883314,2998,2026-10
Octubre 2026,11883312,2999,2026-10
Octubre 2026,11883311,1003,2026-10
Octubre 2026,11883308,1058,2026-10
Octubre 2026,11883307,1004,2026-10
Octubre 2026,11883306,1057,2026-10
Octubre 2026,11883305,2997,2026-10
Octubre 2026,11883303,3601,2026-10
Octubre 2026,11883302,1042,2026-10
Octubre 2026,11883301,1087,2026-10
Octubre 2026,11883299,1011,2026-10
Octubre 2026,11883298,2998,2026-10
Octubre 2026,11883296,3608,2026-10
Octubre 2026,11883295,2998,2026-10
Octubre 2026,11883294,1002,2026-10
Octubre 2026,11883291,1024,2026-10
Octubre 2026,11883289,2998,2026-10
Octubre 2026,11883288,3601,2026-10
Octubre 2026,11883287,1087,2026-10
Octubre 2026,11883286,2997,2026-10
Octubre 2026,11883283,2999,2026-10
Octubre 2026,11883282,1020,2026-10
Octubre 2026,11883281,1058,2026-10
Octubre 2026,11883277,1115,2026-10
Octubre 2026,11883276,3608,2026-10
Octubre 2026,11883275,1080,2026-10
Octubre 2026,11883274,3605,2026-10
Octubre 2026,11883273,3601,2026-10
Octubre 2026,11883269,3601,2026-10
Octubre 2026,11883267,RTPU-FULLGM-S2S-1092,2026-10
Octubre 2026,11883265,3604,2026-10
Octubre 2026,11883264,1020,2026-10
Octubre 2026,11883263,2998,2026-10
Octubre 2026,11883262,2997,2026-10
Octubre 2026,11883261,3608,2026-10
Octubre 2026,11883259,2998,2026-10
Octubre 2026,11883256,1087,2026-10
Octubre 2026,11883253,1011,2026-10
Octubre 2026,11883252,1055,2026-10
Octubre 2026,11883251,3601,2026-10
Octubre 2026,11883250,1031,2026-10
Octubre 2026,11883248,1031,2026-10
Octubre 2026,11883246,3604,2026-10
Octubre 2026,11883243,1055,2026-10
Octubre 2026,11883241,2998,2026-10
Octubre 2026,11883240,3601,2026-10
Octubre 2026,11883239,2997,2026-10
Octubre 2026,11883238,1080,2026-10
Octubre 2026,11883237,3601,2026-10
Octubre 2026,11883236,1058,2026-10
Octubre 2026,11883235,2997,2026-10
Octubre 2026,11883234,3603,2026-10
Octubre 2026,11883233,2997,2026-10
Octubre 2026,11883232,3603,2026-10
Octubre 2026,11883231,1058,2026-10
Octubre 2026,11883230,2997,2026-10
Octubre 2026,11883229,2998,2026-10
Octubre 2026,11883227,1031,2026-10
Octubre 2026,11883225,1077,2026-10
Octubre 2026,11883224,2998,2026-10
Octubre 2026,11883223,2999,2026-10
Octubre 2026,11883222,2998,2026-10
Octubre 2026,11883220,1008,2026-10
Octubre 2026,11883215,2997,2026-10
Octubre 2026,11883214,1004,2026-10
Octubre 2026,11883213,3601,2026-10
Octubre 2026,11883211,3604,2026-10
Octubre 2026,11883209,wm-1085,2026-10
Octubre 2026,11883208,2997,2026-10
Octubre 2026,11883204,1057,2026-10
Octubre 2026,11883203,1058,2026-10
Octubre 2026,11883202,1008,2026-10
Octubre 2026,11883201,1058,2026-10
Octubre 2026,11883199,1054,2026-10
Octubre 2026,11883198,1058,2026-10
Octubre 2026,11883195,1058,2026-10
Octubre 2026,11883191,1057,2026-10
Octubre 2026,11883190,3605,2026-10
Octubre 2026,11883187,3601,2026-10
Octubre 2026,11883186,1002,2026-10
Octubre 2026,11883185,1058,2026-10
Octubre 2026,11883184,2998,2026-10
Octubre 2026,11883183,1058,2026-10
Octubre 2026,11883182,3605,2026-10
Octubre 2026,11883179,3605,2026-10
Octubre 2026,11883178,1042,2026-10
Octubre 2026,11883177,3601,2026-10
Octubre 2026,11883174,1058,2026-10
Octubre 2026,11883173,1058,2026-10
Octubre 2026,11883172,1055,2026-10
Octubre 2026,11883170,1058,2026-10
Octubre 2026,11883169,1087,2026-10
Octubre 2026,11883168,1115,2026-10
Octubre 2026,11883167,1055,2026-10
Octubre 2026,11883166,1058,2026-10
Octubre 2026,11883165,3604,2026-10
Octubre 2026,11883164,1058,2026-10
Octubre 2026,11883163,3603,2026-10
Octubre 2026,11883162,2998,2026-10
Octubre 2026,11883160,2997,2026-10
Octubre 2026,11883159,3613,2026-10
Octubre 2026,11883155,3603,2026-10
Octubre 2026,11883154,2998,2026-10
Octubre 2026,11883152,3613,2026-10
Octubre 2026,11883151,3601,2026-10
Octubre 2026,11883149,3601,2026-10
Octubre 2026,11883146,3601,2026-10
Octubre 2026,11883144,1006,2026-10
Octubre 2026,11883143,2997,2026-10
Octubre 2026,11883142,3601,2026-10
Octubre 2026,11883141,1024,2026-10
Octubre 2026,11883139,2998,2026-10
Octubre 2026,11883138,2997,2026-10
Octubre 2026,11883136,1058,2026-10
Octubre 2026,11883135,1058,2026-10
Octubre 2026,11883134,1061,2026-10
Octubre 2026,11883133,masonlineprod0102-inv-pp-1018,2026-10
Octubre 2026,11883132,3602,2026-10
Octubre 2026,11883131,3613,2026-10
Octubre 2026,11883130,3601,2026-10
Octubre 2026,11883129,1058,2026-10
Octubre 2026,11883126,3605,2026-10
Octubre 2026,11883125,3613,2026-10
Octubre 2026,11883123,1008,2026-10
Octubre 2026,11883122,1057,2026-10
Octubre 2026,11883119,3604,2026-10
Octubre 2026,11883116,3601,2026-10
Octubre 2026,11883114,1004,2026-10
Octubre 2026,11883110,1003,2026-10
Octubre 2026,11883106,1057,2026-10
Octubre 2026,11883105,1020,2026-10
Octubre 2026,11883104,2998,2026-10
Octubre 2026,11883103,3604,2026-10
Octubre 2026,11883101,1058,2026-10
Octubre 2026,11883100,1055,2026-10
Octubre 2026,11883099,3601,2026-10
Octubre 2026,11883097,1024,2026-10
Octubre 2026,11883096,3601,2026-10
Octubre 2026,11883095,1024,2026-10
Octubre 2026,11883093,1057,2026-10
Octubre 2026,11883091,1031,2026-10
Octubre 2026,11883090,1058,2026-10
Octubre 2026,11883089,2999,2026-10
Octubre 2026,11883085,1080,2026-10
Octubre 2026,11883083,1031,2026-10
Octubre 2026,11883082,2999,2026-10
Octubre 2026,11883080,2998,2026-10
Octubre 2026,11883079,2998,2026-10
Octubre 2026,11883077,1002,2026-10
Octubre 2026,11883076,Inv-Full-1096,2026-10
Octubre 2026,11883075,1024,2026-10
Octubre 2026,11883073,3603,2026-10
Octubre 2026,11883072,1031,2026-10
Octubre 2026,11883069,1038,2026-10
Octubre 2026,11883067,3601,2026-10
Octubre 2026,11883065,3601,2026-10
Octubre 2026,11883063,1003,2026-10
Octubre 2026,11883062,2997,2026-10
Octubre 2026,11883059,3613,2026-10
Octubre 2026,11883058,2999,2026-10
Octubre 2026,11883057,3613,2026-10
Octubre 2026,11883056,2998,2026-10
Octubre 2026,11883055,3601,2026-10
Octubre 2026,11883054,2999,2026-10
Octubre 2026,11883053,1087,2026-10
Octubre 2026,11883052,1006,2026-10
Octubre 2026,11883050,2998,2026-10
Octubre 2026,11883049,3601,2026-10
Octubre 2026,11883048,1006,2026-10
Octubre 2026,11883047,1053,2026-10
Octubre 2026,11883043,1022,2026-10
Octubre 2026,11883041,1080,2026-10
Octubre 2026,11883039,1006,2026-10
Octubre 2026,11883037,3601,2026-10
Octubre 2026,11883036,3601,2026-10
Octubre 2026,11883034,3601,2026-10
Octubre 2026,11883031,1020,2026-10
Octubre 2026,11883029,1011,2026-10
Octubre 2026,11883026,2999,2026-10
Octubre 2026,11883022,2998,2026-10
Octubre 2026,11883020,2999,2026-10
Octubre 2026,11883018,2999,2026-10
Octubre 2026,11883017,3605,2026-10
Octubre 2026,11883016,1087,2026-10
Octubre 2026,11883015,1011,2026-10
Octubre 2026,11883010,2999,2026-10
Octubre 2026,11883009,1078,2026-10
Octubre 2026,11883007,1087,2026-10
Octubre 2026,11883006,1057,2026-10
Octubre 2026,11883005,1020,2026-10
Octubre 2026,11883002,2997,2026-10
Octubre 2026,11882998,1002,2026-10
Octubre 2026,11882997,3603,2026-10
Octubre 2026,11882994,3602,2026-10
Octubre 2026,11882993,2999,2026-10
Octubre 2026,11882992,3601,2026-10
Octubre 2026,11882991,3602,2026-10
Octubre 2026,11882990,1022,2026-10
Octubre 2026,11882989,1058,2026-10
Octubre 2026,11882988,1054,2026-10
Octubre 2026,11882987,3601,2026-10
Octubre 2026,11882986,1115,2026-10
Octubre 2026,11882984,2999,2026-10
Octubre 2026,11882983,2997,2026-10
Octubre 2026,11882981,2998,2026-10
Octubre 2026,11882980,1057,2026-10
Octubre 2026,11882979,1061,2026-10
Octubre 2026,11882978,2997,2026-10
Octubre 2026,11882975,3604,2026-10
Octubre 2026,11882974,3602,2026-10
Octubre 2026,11882973,3604,2026-10
Octubre 2026,11882972,3605,2026-10
Octubre 2026,11882971,2998,2026-10
Octubre 2026,11882969,1054,2026-10
Octubre 2026,11882968,3605,2026-10
Octubre 2026,11882966,1057,2026-10
Octubre 2026,11882964,3613,2026-10
Octubre 2026,11882963,3601,2026-10
Octubre 2026,11882962,1003,2026-10
Octubre 2026,11882960,1003,2026-10
Octubre 2026,11882957,3603,2026-10
Octubre 2026,11882956,1004,2026-10
Octubre 2026,11882953,1058,2026-10
Octubre 2026,11882952,1002,2026-10
Octubre 2026,11882951,1038,2026-10
Octubre 2026,11882946,2998,2026-10
Octubre 2026,11882945,3608,2026-10
Octubre 2026,11882940,1067,2026-10
Octubre 2026,11882939,1022,2026-10
Octubre 2026,11882936,3604,2026-10
Octubre 2026,11882934,1055,2026-10
Octubre 2026,11882933,2998,2026-10
Octubre 2026,11882931,1038,2026-10
Octubre 2026,11882930,3605,2026-10
Octubre 2026,11882929,2998,2026-10
Octubre 2026,11882928,3601,2026-10
Octubre 2026,11882925,3601,2026-10
Octubre 2026,11882923,3605,2026-10
Octubre 2026,11882921,3601,2026-10
Octubre 2026,11882920,1057,2026-10
Octubre 2026,11882917,2999,2026-10
Octubre 2026,11882914,1087,2026-10
Octubre 2026,11882913,2998,2026-10
Octubre 2026,11882912,3613,2026-10
Octubre 2026,11882910,1008,2026-10
Octubre 2026,11882909,2998,2026-10
Octubre 2026,11882908,3613,2026-10
Octubre 2026,11882907,1054,2026-10
Octubre 2026,11882905,1006,2026-10
Octubre 2026,11882904,1008,2026-10
Octubre 2026,11882903,1115,2026-10
Octubre 2026,11882902,3605,2026-10
Octubre 2026,11882901,1024,2026-10
Octubre 2026,11882900,3605,2026-10
Octubre 2026,11882899,1011,2026-10
Octubre 2026,11882898,1061,2026-10
Octubre 2026,11882897,1087,2026-10
Octubre 2026,11882895,1061,2026-10
Octubre 2026,11882894,1008,2026-10
Octubre 2026,11882893,3604,2026-10
Octubre 2026,11882892,1011,2026-10
Octubre 2026,11882891,3603,2026-10
Octubre 2026,11882889,1020,2026-10
Octubre 2026,11882888,3601,2026-10
Octubre 2026,11882887,1087,2026-10
Octubre 2026,11882886,1008,2026-10
Octubre 2026,11882885,3601,2026-10
Octubre 2026,11882883,1087,2026-10
Octubre 2026,11882882,1046,2026-10
Octubre 2026,11882881,3605,2026-10
Octubre 2026,11882880,2999,2026-10
Octubre 2026,11882879,3613,2026-10
Octubre 2026,11882877,1087,2026-10
Octubre 2026,11882874,1058,2026-10
Octubre 2026,11882872,1058,2026-10
Octubre 2026,11882871,3605,2026-10
Octubre 2026,11882870,3613,2026-10
Octubre 2026,11882869,3604,2026-10
Octubre 2026,11882868,3601,2026-10
Octubre 2026,11882867,1002,2026-10
Octubre 2026,11882866,2998,2026-10
Octubre 2026,11882865,3603,2026-10
Octubre 2026,11882862,1004,2026-10
Octubre 2026,11882861,1004,2026-10
Octubre 2026,11882860,3602,2026-10
Octubre 2026,11882856,1024,2026-10
Octubre 2026,11882855,1058,2026-10
Octubre 2026,11882853,2998,2026-10
Octubre 2026,11882852,1024,2026-10
Octubre 2026,11882850,2997,2026-10
Octubre 2026,11882849,3604,2026-10
Octubre 2026,11882848,1024,2026-10
Octubre 2026,11882847,1006,2026-10
Octubre 2026,11882846,1022,2026-10
Octubre 2026,11882843,1011,2026-10
Octubre 2026,11882839,3605,2026-10
Octubre 2026,11882837,1024,2026-10
Octubre 2026,11882836,1054,2026-10
Octubre 2026,11882835,3601,2026-10
Octubre 2026,11882834,2999,2026-10
Octubre 2026,11882831,2999,2026-10
Octubre 2026,11882830,1004,2026-10
Octubre 2026,11882829,1067,2026-10
Octubre 2026,11882826,2997,2026-10
Octubre 2026,11882825,2997,2026-10
Octubre 2026,11882824,1006,2026-10
Octubre 2026,11882823,3601,2026-10
Octubre 2026,11882821,3601,2026-10
Octubre 2026,11882817,3613,2026-10
Octubre 2026,11882816,1020,2026-10
Octubre 2026,11882814,1024,2026-10
Octubre 2026,11882812,3602,2026-10
Octubre 2026,11882811,1024,2026-10
Octubre 2026,11882810,2999,2026-10
Octubre 2026,11882809,1022,2026-10
Octubre 2026,11882808,3602,2026-10
Octubre 2026,11882807,3605,2026-10
Octubre 2026,11882806,3602,2026-10
Octubre 2026,11882805,1058,2026-10
Octubre 2026,11882804,1058,2026-10
Octubre 2026,11882803,1080,2026-10
Octubre 2026,11882802,2999,2026-10
Octubre 2026,11882800,3605,2026-10
Octubre 2026,11882799,3613,2026-10
Octubre 2026,11882798,3601,2026-10
Octubre 2026,11882797,3605,2026-10
Octubre 2026,11882796,3601,2026-10
Octubre 2026,11882795,3605,2026-10
Octubre 2026,11882794,3605,2026-10
Octubre 2026,11882793,3605,2026-10
Octubre 2026,11882789,3601,2026-10
Octubre 2026,11882786,2998,2026-10
Octubre 2026,11882784,2997,2026-10
Octubre 2026,11882781,2997,2026-10
Octubre 2026,11882780,2997,2026-10
Octubre 2026,11882779,3601,2026-10
Octubre 2026,11882778,1057,2026-10
Octubre 2026,11882777,1004,2026-10
Octubre 2026,11882776,2997,2026-10
Octubre 2026,11882775,1003,2026-10
Octubre 2026,11882773,3608,2026-10
Octubre 2026,11882772,1008,2026-10
Octubre 2026,11882771,3602,2026-10
Octubre 2026,11882770,2997,2026-10
Octubre 2026,11882769,3613,2026-10
Octubre 2026,11882768,1024,2026-10
Octubre 2026,11882767,1058,2026-10
Octubre 2026,11882766,1058,2026-10
Octubre 2026,11882765,1058,2026-10
Octubre 2026,11882764,1058,2026-10
Octubre 2026,11882763,masonlineprod0102-inv-pp-1018,2026-10
Octubre 2026,11882762,1058,2026-10
Octubre 2026,11882761,1058,2026-10
Octubre 2026,11882760,3608,2026-10
Octubre 2026,11882758,1087,2026-10
Octubre 2026,11882756,1058,2026-10
Octubre 2026,11882755,1054,2026-10
Octubre 2026,11882753,1058,2026-10
Octubre 2026,11882751,3608,2026-10
Octubre 2026,11882750,2998,2026-10
Octubre 2026,11882749,2998,2026-10
Octubre 2026,11882747,3608,2026-10
Octubre 2026,11882745,1058,2026-10
Octubre 2026,11882744,1038,2026-10
Octubre 2026,11882743,2997,2026-10
Octubre 2026,11882742,3608,2026-10
Octubre 2026,11882741,1031,2026-10
Octubre 2026,11882740,1054,2026-10
Octubre 2026,11882739,2999,2026-10
Octubre 2026,11882738,1077,2026-10
Octubre 2026,11882736,1080,2026-10
Octubre 2026,11882735,RT-STS-PP-1027,2026-10
Octubre 2026,11882734,3608,2026-10
Octubre 2026,11882733,3605,2026-10
Octubre 2026,11882732,3608,2026-10
Octubre 2026,11882728,1054,2026-10
Octubre 2026,11882724,1024,2026-10
Octubre 2026,11882723,2999,2026-10
Octubre 2026,11882722,3613,2026-10
Octubre 2026,11882721,1057,2026-10
Octubre 2026,11882720,3605,2026-10
Octubre 2026,11882718,1058,2026-10
Octubre 2026,11882716,1057,2026-10
Octubre 2026,11882714,1058,2026-10
Octubre 2026,11882713,1058,2026-10
Octubre 2026,11882712,1003,2026-10
Octubre 2026,11882711,2998,2026-10
Octubre 2026,11882709,1058,2026-10
Octubre 2026,11882708,1002,2026-10
Octubre 2026,11882705,2998,2026-10
Octubre 2026,11882704,RT-STS-PP-1027,2026-10
Octubre 2026,11882703,2998,2026-10
Octubre 2026,11882702,1006,2026-10
Octubre 2026,11882701,1003,2026-10
Octubre 2026,11882700,2998,2026-10
Octubre 2026,11882699,3603,2026-10
Octubre 2026,11882697,1020,2026-10
Octubre 2026,11882696,3601,2026-10
Octubre 2026,11882695,1057,2026-10
Octubre 2026,11882694,1054,2026-10
Octubre 2026,11882693,1007,2026-10
Octubre 2026,11882692,1008,2026-10
Octubre 2026,11882691,1024,2026-10
Octubre 2026,11882690,3605,2026-10
Octubre 2026,11882689,3604,2026-10
Octubre 2026,11882688,1054,2026-10
Octubre 2026,11882686,1031,2026-10
Octubre 2026,11882685,3601,2026-10
Octubre 2026,11882684,3613,2026-10
Octubre 2026,11882683,1004,2026-10
Octubre 2026,11882682,1038,2026-10
Octubre 2026,11882681,3613,2026-10
Octubre 2026,11882680,3603,2026-10
Octubre 2026,11882677,1002,2026-10
Octubre 2026,11882676,1057,2026-10
Octubre 2026,11882675,2998,2026-10
Octubre 2026,11882674,1006,2026-10
Octubre 2026,11882673,1055,2026-10
Octubre 2026,11882672,1078,2026-10
Octubre 2026,11882665,2999,2026-10
Octubre 2026,11882664,3613,2026-10
Octubre 2026,11882663,1087,2026-10
Octubre 2026,11882662,1038,2026-10
Octubre 2026,11882660,3605,2026-10
Octubre 2026,11882658,1020,2026-10
Octubre 2026,11882655,2999,2026-10
Octubre 2026,11882652,1020,2026-10
Octubre 2026,11882651,2998,2026-10
Octubre 2026,11882649,3605,2026-10
Octubre 2026,11882648,1054,2026-10
Octubre 2026,11882647,3602,2026-10
Octubre 2026,11882646,3608,2026-10
Octubre 2026,11882645,3601,2026-10
Octubre 2026,11882643,3613,2026-10
Octubre 2026,11882639,1087,2026-10
Octubre 2026,11882638,1024,2026-10
Octubre 2026,11882637,2999,2026-10
Octubre 2026,11882636,2997,2026-10
Octubre 2026,11882635,1011,2026-10
Octubre 2026,11882634,1087,2026-10
Octubre 2026,11882633,3613,2026-10
Octubre 2026,11882632,1058,2026-10
Octubre 2026,11882631,3605,2026-10
Octubre 2026,11882630,2999,2026-10
Octubre 2026,11882629,2999,2026-10
Octubre 2026,11882628,3605,2026-10
Octubre 2026,11882627,1058,2026-10
Octubre 2026,11882625,1007,2026-10
Octubre 2026,11882623,3601,2026-10
Octubre 2026,11882622,3608,2026-10
Octubre 2026,11882620,3601,2026-10
Octubre 2026,11882619,3613,2026-10
Octubre 2026,11882618,3601,2026-10
Octubre 2026,11882617,2999,2026-10
Octubre 2026,11882616,1024,2026-10
Octubre 2026,11882615,3604,2026-10
Octubre 2026,11882613,3601,2026-10
Octubre 2026,11882612,1020,2026-10
Octubre 2026,11882611,3604,2026-10
Octubre 2026,11882610,3601,2026-10
Octubre 2026,11882608,2999,2026-10
Octubre 2026,11882607,3602,2026-10
Octubre 2026,11882606,3605,2026-10
Octubre 2026,11882601,3613,2026-10
Octubre 2026,11882600,2997,2026-10
Octubre 2026,11882599,3608,2026-10
Octubre 2026,11882598,3601,2026-10
Octubre 2026,11882595,3613,2026-10
Octubre 2026,11882592,2997,2026-10
Octubre 2026,11882590,RT-STS-PP-1084,2026-10
Octubre 2026,11882588,1057,2026-10
Octubre 2026,11882587,2999,2026-10
Octubre 2026,11882586,1008,2026-10
Octubre 2026,11882581,1087,2026-10
Octubre 2026,11882580,3605,2026-10
Octubre 2026,11882579,3601,2026-10
Octubre 2026,11882577,3613,2026-10
Octubre 2026,11882574,1057,2026-10
Octubre 2026,11882572,1004,2026-10
Octubre 2026,11882571,1057,2026-10
Octubre 2026,11882570,3605,2026-10
Octubre 2026,11882568,RTPU-FULLGM-S2S-1092,2026-10
Octubre 2026,11882567,1054,2026-10
Octubre 2026,11882564,2997,2026-10
Octubre 2026,11882562,1058,2026-10
Octubre 2026,11882561,2997,2026-10
Octubre 2026,11882560,1004,2026-10
Octubre 2026,11882559,3604,2026-10
Octubre 2026,11882558,1058,2026-10
Octubre 2026,11882557,1058,2026-10
Octubre 2026,11882556,2998,2026-10
Octubre 2026,11882554,1022,2026-10
Octubre 2026,11882553,3608,2026-10
Octubre 2026,11882552,1002,2026-10
Octubre 2026,11882551,1057,2026-10
Octubre 2026,11882550,1020,2026-10
Octubre 2026,11882549,1020,2026-10
Octubre 2026,11882548,3601,2026-10
Octubre 2026,11882547,1058,2026-10
Octubre 2026,11882546,1002,2026-10
Octubre 2026,11882545,1004,2026-10
Octubre 2026,11882544,3613,2026-10
Octubre 2026,11882542,1006,2026-10
Octubre 2026,11882541,1058,2026-10
Octubre 2026,11882540,1003,2026-10
Octubre 2026,11882537,3602,2026-10
Octubre 2026,11882536,3605,2026-10
Octubre 2026,11882534,1022,2026-10
Octubre 2026,11882532,2999,2026-10
Octubre 2026,11882531,3602,2026-10
Octubre 2026,11882530,1058,2026-10
Octubre 2026,11882528,1054,2026-10
Octubre 2026,11882527,3608,2026-10
Octubre 2026,11882526,1058,2026-10
Octubre 2026,11882524,1003,2026-10
Octubre 2026,11882522,1008,2026-10
Octubre 2026,11882521,3613,2026-10
Octubre 2026,11882520,1058,2026-10
Octubre 2026,11882519,3601,2026-10
Octubre 2026,11882518,1006,2026-10
Octubre 2026,11882517,1058,2026-10
Octubre 2026,11882516,1115,2026-10
Octubre 2026,11882514,2998,2026-10
Octubre 2026,11882513,1115,2026-10
Octubre 2026,11882511,3601,2026-10
Octubre 2026,11882510,1058,2026-10
Octubre 2026,11882508,1024,2026-10
Octubre 2026,11882507,2998,2026-10
Octubre 2026,11882505,3605,2026-10
Octubre 2026,11882502,3613,2026-10
Octubre 2026,11882501,1003,2026-10
Octubre 2026,11882500,3605,2026-10
Octubre 2026,11882499,1008,2026-10
Octubre 2026,11882498,3601,2026-10
Octubre 2026,11882497,1058,2026-10
Octubre 2026,11882493,1058,2026-10
Octubre 2026,11882491,3608,2026-10
Octubre 2026,11882490,2997,2026-10
Octubre 2026,11882489,1038,2026-10
Octubre 2026,11882487,1020,2026-10
Octubre 2026,11882485,1020,2026-10
Octubre 2026,11882484,1080,2026-10
Octubre 2026,11882483,1002,2026-10
Octubre 2026,11882482,1058,2026-10
Octubre 2026,11882480,1038,2026-10
Octubre 2026,11882479,3613,2026-10
Octubre 2026,11882477,2999,2026-10
Octubre 2026,11882476,3602,2026-10
Octubre 2026,11882475,3601,2026-10
Octubre 2026,11882474,3605,2026-10
Octubre 2026,11882473,1038,2026-10
Octubre 2026,11882472,1038,2026-10
Octubre 2026,11882470,3601,2026-10
Octubre 2026,11882469,1022,2026-10
Octubre 2026,11882467,2999,2026-10
Octubre 2026,11882465,1020,2026-10
Octubre 2026,11882464,3605,2026-10
Octubre 2026,11882462,1058,2026-10
Octubre 2026,11882458,1006,2026-10
Octubre 2026,11882456,3605,2026-10
Octubre 2026,11882455,1088,2026-10
Octubre 2026,11882453,1002,2026-10
Octubre 2026,11882452,1002,2026-10
Octubre 2026,11882450,1058,2026-10
Octubre 2026,11882449,3604,2026-10
Octubre 2026,11882448,1022,2026-10
Octubre 2026,11882447,1057,2026-10
Octubre 2026,11882446,3603,2026-10
Octubre 2026,11882444,3608,2026-10
Octubre 2026,11882443,3601,2026-10
Octubre 2026,11882441,1020,2026-10
Octubre 2026,11882439,3601,2026-10
Octubre 2026,11882438,1051,2026-10
Octubre 2026,11882437,1024,2026-10
Octubre 2026,11882436,1058,2026-10
Octubre 2026,11882434,3613,2026-10
Octubre 2026,11882433,3608,2026-10
Octubre 2026,11882431,3605,2026-10
Octubre 2026,11882429,3613,2026-10
Octubre 2026,11882428,1054,2026-10
Octubre 2026,11882427,3603,2026-10
Octubre 2026,11882426,1058,2026-10
Octubre 2026,11882422,2997,2026-10
Octubre 2026,11882420,3608,2026-10
Octubre 2026,11882419,3608,2026-10
Octubre 2026,11882418,1024,2026-10
Octubre 2026,11882417,1011,2026-10
Octubre 2026,11882416,1058,2026-10
Octubre 2026,11882415,2998,2026-10
Octubre 2026,11882414,3608,2026-10
Octubre 2026,11882413,1080,2026-10
Octubre 2026,11882412,1087,2026-10
Octubre 2026,11882409,3605,2026-10
Octubre 2026,11882408,3605,2026-10
Octubre 2026,11882407,2999,2026-10
Octubre 2026,11882406,3604,2026-10
Octubre 2026,11882405,3605,2026-10
Octubre 2026,11882404,2998,2026-10
Octubre 2026,11882403,3613,2026-10
Octubre 2026,11882402,3608,2026-10
Octubre 2026,11882401,1024,2026-10
Octubre 2026,11882400,1008,2026-10
Octubre 2026,11882399,3603,2026-10
Octubre 2026,11882398,2998,2026-10
Octubre 2026,11882396,1033,2026-10
Octubre 2026,11882394,1006,2026-10
Octubre 2026,11882391,1002,2026-10
Octubre 2026,11882389,1022,2026-10
Octubre 2026,11882386,1058,2026-10
Octubre 2026,11882383,2997,2026-10
Octubre 2026,11882382,1080,2026-10
Octubre 2026,11882378,1007,2026-10
Octubre 2026,11882376,1003,2026-10
Octubre 2026,11882375,3604,2026-10
Octubre 2026,11882374,1003,2026-10
Octubre 2026,11882372,3613,2026-10
Octubre 2026,11882370,2997,2026-10
Octubre 2026,11882368,2999,2026-10
Octubre 2026,11882367,1008,2026-10
Octubre 2026,11882364,3603,2026-10
Octubre 2026,11882363,1008,2026-10
Octubre 2026,11882361,2998,2026-10
Octubre 2026,11882357,2997,2026-10
Octubre 2026,11882353,1008,2026-10
Octubre 2026,11882351,3603,2026-10
Octubre 2026,11882350,1087,2026-10
Octubre 2026,11882348,1057,2026-10
Octubre 2026,11882346,2999,2026-10
Octubre 2026,11882341,2997,2026-10
Octubre 2026,11882340,2997,2026-10
Octubre 2026,11882339,3601,2026-10
Octubre 2026,11882332,2997,2026-10
Octubre 2026,11882331,3603,2026-10
Octubre 2026,11882330,2999,2026-10
Octubre 2026,11882327,2997,2026-10
Octubre 2026,11882326,2999,2026-10
Octubre 2026,11882324,3605,2026-10
Octubre 2026,11882323,1020,2026-10
Octubre 2026,11882319,3608,2026-10
Octubre 2026,11882318,1006,2026-10
Octubre 2026,11882316,1058,2026-10
Octubre 2026,11882315,3613,2026-10
Octubre 2026,11882313,1006,2026-10
Octubre 2026,11882312,3605,2026-10
Octubre 2026,11882310,3608,2026-10
Octubre 2026,11882309,3605,2026-10
Octubre 2026,11882306,3603,2026-10
Octubre 2026,11882305,3608,2026-10
Octubre 2026,11882304,1003,2026-10
Octubre 2026,11882303,3605,2026-10
Octubre 2026,11882302,3608,2026-10
Octubre 2026,11882301,3608,2026-10
Octubre 2026,11882300,1006,2026-10
Octubre 2026,11882298,3601,2026-10
Octubre 2026,11882295,1087,2026-10
Octubre 2026,11882294,3605,2026-10
Octubre 2026,11882290,3604,2026-10
Octubre 2026,11882288,3604,2026-10
Octubre 2026,11882287,3605,2026-10
Octubre 2026,11882285,2997,2026-10
Octubre 2026,11882282,RT-STS-PP-1084,2026-10
Octubre 2026,11882279,3605,2026-10
Octubre 2026,11882277,1006,2026-10
Octubre 2026,11882272,1074,2026-10
Octubre 2026,11882271,1058,2026-10
Octubre 2026,11882270,3605,2026-10
Octubre 2026,11882268,1020,2026-10
Octubre 2026,11882266,3605,2026-10
Octubre 2026,11882264,2999,2026-10
Octubre 2026,11882261,2997,2026-10
Octubre 2026,11882260,3613,2026-10
Octubre 2026,11882259,1006,2026-10
Octubre 2026,11882257,1055,2026-10
Octubre 2026,11882254,1024,2026-10
Octubre 2026,11882252,3603,2026-10
Octubre 2026,11882250,3605,2026-10
Octubre 2026,11882247,2999,2026-10
Octubre 2026,11882244,3602,2026-10
Octubre 2026,11882242,2999,2026-10
Octubre 2026,11882240,1055,2026-10
Octubre 2026,11882239,1088,2026-10
Octubre 2026,11882238,3613,2026-10
Octubre 2026,11882237,2997,2026-10
Octubre 2026,11882231,3613,2026-10
Octubre 2026,11882230,1058,2026-10
Octubre 2026,11882229,1004,2026-10
Octubre 2026,11882227,2999,2026-10
Octubre 2026,11882226,1058,2026-10
Octubre 2026,11882225,1011,2026-10
Octubre 2026,11882223,2998,2026-10
Octubre 2026,11882220,1058,2026-10
Octubre 2026,11882219,1058,2026-10
Octubre 2026,11882218,2997,2026-10
Octubre 2026,11882217,3605,2026-10
Octubre 2026,11882216,1058,2026-10
Octubre 2026,11882215,3605,2026-10
Octubre 2026,11882214,2997,2026-10
Octubre 2026,11882213,3605,2026-10
Octubre 2026,11882209,2997,2026-10
Octubre 2026,11882208,1058,2026-10
Octubre 2026,11882207,1087,2026-10
Octubre 2026,11882205,1058,2026-10
Octubre 2026,11882203,2999,2026-10
Octubre 2026,11882202,3605,2026-10
Octubre 2026,11882199,1024,2026-10
Octubre 2026,11882196,1057,2026-10
Octubre 2026,11882195,3601,2026-10
Octubre 2026,11882193,3613,2026-10
Octubre 2026,11882192,3602,2026-10
Octubre 2026,11882191,1058,2026-10
Octubre 2026,11882190,2997,2026-10
Octubre 2026,11882188,1003,2026-10
Octubre 2026,11882186,2999,2026-10
Octubre 2026,11882184,1087,2026-10
Octubre 2026,11882183,3613,2026-10
Octubre 2026,11882182,1011,2026-10
Octubre 2026,11882181,1115,2026-10
Octubre 2026,11882180,1058,2026-10
Octubre 2026,11882179,3613,2026-10
Octubre 2026,11882178,2998,2026-10
Octubre 2026,11882177,3605,2026-10
Octubre 2026,11882175,3613,2026-10
Octubre 2026,11882174,2999,2026-10
Octubre 2026,11882173,1006,2026-10
Octubre 2026,11882171,3601,2026-10
Octubre 2026,11882167,1058,2026-10
Octubre 2026,11882166,3605,2026-10
Octubre 2026,11882165,1115,2026-10
Octubre 2026,11882164,1080,2026-10
Octubre 2026,11882160,2999,2026-10
Octubre 2026,11882159,1008,2026-10
Octubre 2026,11882158,3613,2026-10
Octubre 2026,11882157,1057,2026-10
Octubre 2026,11882155,1058,2026-10
Octubre 2026,11882154,1058,2026-10
Octubre 2026,11882153,2998,2026-10
Octubre 2026,11882152,3605,2026-10
Octubre 2026,11882151,1002,2026-10
Octubre 2026,11882147,1058,2026-10
Octubre 2026,11882145,1058,2026-10
Octubre 2026,11882144,3604,2026-10
Octubre 2026,11882143,3604,2026-10
Octubre 2026,11882141,2999,2026-10
Octubre 2026,11882139,2999,2026-10
Octubre 2026,11882138,1058,2026-10
Octubre 2026,11882137,1008,2026-10
Octubre 2026,11882136,1058,2026-10
Octubre 2026,11882135,2999,2026-10
Octubre 2026,11882134,3603,2026-10
Octubre 2026,11882133,1004,2026-10
Octubre 2026,11882130,1058,2026-10
Octubre 2026,11882129,1007,2026-10
Octubre 2026,11882128,3602,2026-10
Octubre 2026,11882126,1087,2026-10
Octubre 2026,11882125,1087,2026-10
Octubre 2026,11882124,3603,2026-10
Octubre 2026,11882123,3602,2026-10
Octubre 2026,11882121,1038,2026-10
Octubre 2026,11882120,1111,2026-10
Octubre 2026,11882118,1058,2026-10
Octubre 2026,11882117,3605,2026-10
Octubre 2026,11882116,3601,2026-10
Octubre 2026,11882114,2999,2026-10
Octubre 2026,11882113,1055,2026-10
Octubre 2026,11882112,3601,2026-10
Octubre 2026,11882111,1031,2026-10
Octubre 2026,11882110,3605,2026-10
Octubre 2026,11882109,2997,2026-10
Octubre 2026,11882108,1058,2026-10
Octubre 2026,11882105,3602,2026-10
Octubre 2026,11882103,3605,2026-10
Octubre 2026,11882101,1003,2026-10
Octubre 2026,11882100,1054,2026-10
Octubre 2026,11882099,3605,2026-10
Octubre 2026,11882095,1058,2026-10
Octubre 2026,11882092,3613,2026-10
Octubre 2026,11882091,1058,2026-10
Octubre 2026,11882090,3605,2026-10
Octubre 2026,11882087,1087,2026-10
Octubre 2026,11882086,3603,2026-10
Octubre 2026,11882085,1003,2026-10
Octubre 2026,11882084,2999,2026-10
Octubre 2026,11882083,1058,2026-10
Octubre 2026,11882079,1055,2026-10
Octubre 2026,11882078,1006,2026-10
Octubre 2026,11882077,3605,2026-10
Octubre 2026,11882075,3605,2026-10
Octubre 2026,11882074,1115,2026-10
Octubre 2026,11882073,3601,2026-10
Octubre 2026,11882072,1022,2026-10
Octubre 2026,11882070,2998,2026-10
Octubre 2026,11882065,1108,2026-10
Octubre 2026,11882063,3603,2026-10
Octubre 2026,11882060,3605,2026-10
Octubre 2026,11882057,1058,2026-10
Octubre 2026,11882056,2997,2026-10
Octubre 2026,11882055,1003,2026-10
Octubre 2026,11882054,1058,2026-10
Octubre 2026,11882051,2999,2026-10
Octubre 2026,11882050,2997,2026-10
Octubre 2026,11882048,1058,2026-10
Octubre 2026,11882047,2999,2026-10
Octubre 2026,11882046,1058,2026-10
Octubre 2026,11882044,1058,2026-10
Octubre 2026,11882039,3613,2026-10
Octubre 2026,11882037,3613,2026-10
Octubre 2026,11882036,1058,2026-10
Octubre 2026,11882035,1011,2026-10
Octubre 2026,11882033,2999,2026-10
Octubre 2026,11882031,1057,2026-10
Octubre 2026,11882029,3605,2026-10
Octubre 2026,11882028,1058,2026-10
Octubre 2026,11882027,3613,2026-10
Octubre 2026,11882026,1031,2026-10
Octubre 2026,11882025,3613,2026-10
Octubre 2026,11882024,3605,2026-10
Octubre 2026,11882021,2999,2026-10
Octubre 2026,11882020,3605,2026-10
Octubre 2026,11882019,1054,2026-10
Octubre 2026,11882018,1011,2026-10
Octubre 2026,11882017,1031,2026-10
Octubre 2026,11882016,1061,2026-10
Octubre 2026,11882015,1058,2026-10
Octubre 2026,11882013,1052,2026-10
Octubre 2026,11882012,2997,2026-10
Octubre 2026,11882011,1004,2026-10
Octubre 2026,11882008,1058,2026-10
Octubre 2026,11882005,2997,2026-10
Octubre 2026,11882004,1058,2026-10
Octubre 2026,11882003,2997,2026-10
Octubre 2026,11882002,3605,2026-10
Octubre 2026,11882001,3602,2026-10
Octubre 2026,11882000,1020,2026-10
Octubre 2026,11881999,1058,2026-10
Octubre 2026,11881998,2998,2026-10
Octubre 2026,11881997,1024,2026-10
Octubre 2026,11881994,1024,2026-10
Octubre 2026,11881988,3603,2026-10
Octubre 2026,11881986,2997,2026-10
Octubre 2026,11881985,3604,2026-10
Octubre 2026,11881984,1003,2026-10
Octubre 2026,11881980,1058,2026-10
Octubre 2026,11881977,1088,2026-10
Octubre 2026,11881976,3601,2026-10
Octubre 2026,11881975,1004,2026-10
Octubre 2026,11881974,1054,2026-10
Octubre 2026,11881972,3601,2026-10
Octubre 2026,11881970,3601,2026-10
Octubre 2026,11881968,3605,2026-10
Octubre 2026,11881967,3604,2026-10
Octubre 2026,11881966,3603,2026-10
Octubre 2026,11881962,2997,2026-10
Octubre 2026,11881961,1014,2026-10
Octubre 2026,11881960,3601,2026-10
Octubre 2026,11881957,3604,2026-10
Octubre 2026,11881955,1061,2026-10
Octubre 2026,11881952,3613,2026-10
Octubre 2026,11881951,3602,2026-10
Octubre 2026,11881950,1108,2026-10
Octubre 2026,11881949,1058,2026-10
Octubre 2026,11881947,masonlineprod0102-inv-pp-1018,2026-10
Octubre 2026,11881946,1038,2026-10
Octubre 2026,11881943,3601,2026-10
Octubre 2026,11881941,3613,2026-10
Octubre 2026,11881940,1058,2026-10
Octubre 2026,11881938,1003,2026-10
Octubre 2026,11881934,1058,2026-10
Octubre 2026,11881931,3603,2026-10
Octubre 2026,11881930,1058,2026-10
Octubre 2026,11881928,2999,2026-10
Octubre 2026,11881926,1002,2026-10
Octubre 2026,11881923,2999,2026-10
Octubre 2026,11881920,2998,2026-10
Octubre 2026,11881919,2998,2026-10
Octubre 2026,11881918,3604,2026-10
Octubre 2026,11881917,2998,2026-10
Octubre 2026,11881916,2999,2026-10
Octubre 2026,11881914,2998,2026-10
Octubre 2026,11881913,3605,2026-10
Octubre 2026,11881912,1003,2026-10
Octubre 2026,11881910,3605,2026-10
Octubre 2026,11881905,1008,2026-10
Octubre 2026,11881903,3602,2026-10
Octubre 2026,11881902,1051,2026-10
Octubre 2026,11881899,1056,2026-10
Octubre 2026,11881898,1115,2026-10
Octubre 2026,11881897,1020,2026-10
Octubre 2026,11881896,3604,2026-10
Octubre 2026,11881895,3601,2026-10
Octubre 2026,11881888,3604,2026-10
Octubre 2026,11881887,2999,2026-10
Octubre 2026,11881883,3605,2026-10
Octubre 2026,11881882,3605,2026-10
Octubre 2026,11881881,3603,2026-10
Octubre 2026,11881878,3603,2026-10
Octubre 2026,11881877,3608,2026-10
Octubre 2026,11881876,1058,2026-10
Octubre 2026,11881875,2998,2026-10
Octubre 2026,11881874,1087,2026-10
Octubre 2026,11881870,2998,2026-10
Octubre 2026,11881868,2997,2026-10
Octubre 2026,11881867,2999,2026-10
Octubre 2026,11881866,3605,2026-10
Octubre 2026,11881865,1002,2026-10
Octubre 2026,11881864,1074,2026-10
Octubre 2026,11881863,1006,2026-10
Octubre 2026,11881862,1058,2026-10
Octubre 2026,11881861,3603,2026-10
Octubre 2026,11881859,1054,2026-10
Octubre 2026,11881856,2999,2026-10
Octubre 2026,11881854,3602,2026-10
Octubre 2026,11881853,2997,2026-10
Octubre 2026,11881852,1058,2026-10
Octubre 2026,11881851,1058,2026-10
Octubre 2026,11881850,2999,2026-10
Octubre 2026,11881848,1058,2026-10
Octubre 2026,11881847,1004,2026-10
Octubre 2026,11881846,1058,2026-10
Octubre 2026,11881845,1058,2026-10
Octubre 2026,11881842,3601,2026-10
Octubre 2026,11881841,3613,2026-10
Octubre 2026,11881839,1058,2026-10
Octubre 2026,11881838,1002,2026-10
Octubre 2026,11881837,1006,2026-10
Octubre 2026,11881836,3613,2026-10
Octubre 2026,11881835,1058,2026-10
Octubre 2026,11881834,1058,2026-10
Octubre 2026,11881833,2999,2026-10
Octubre 2026,11881832,3601,2026-10
Octubre 2026,11881831,3602,2026-10
Octubre 2026,11881830,1058,2026-10
Octubre 2026,11881829,2999,2026-10
Octubre 2026,11881828,3602,2026-10
Octubre 2026,11881827,2998,2026-10
Octubre 2026,11881826,1058,2026-10
Octubre 2026,11881825,1058,2026-10
Octubre 2026,11881824,1057,2026-10
Octubre 2026,11881823,3601,2026-10
Octubre 2026,11881822,1058,2026-10
Octubre 2026,11881820,2998,2026-10
Octubre 2026,11881819,3601,2026-10
Octubre 2026,11881818,2997,2026-10
Octubre 2026,11881817,3605,2026-10
Octubre 2026,11881816,2999,2026-10
Octubre 2026,11881814,3604,2026-10
Octubre 2026,11881813,1020,2026-10
Octubre 2026,11881812,3613,2026-10
Octubre 2026,11881811,3605,2026-10
Octubre 2026,11881810,1054,2026-10
Octubre 2026,11881807,3605,2026-10
Octubre 2026,11881806,2997,2026-10
Octubre 2026,11881804,2999,2026-10
Octubre 2026,11881803,3605,2026-10
Octubre 2026,11881802,3605,2026-10
Octubre 2026,11881801,1024,2026-10
Octubre 2026,11881799,3604,2026-10
Octubre 2026,11881798,2997,2026-10
Octubre 2026,11881797,1003,2026-10
Octubre 2026,11881796,2999,2026-10
Octubre 2026,11881795,3605,2026-10
Octubre 2026,11881794,2999,2026-10
Octubre 2026,11881793,1011,2026-10
Octubre 2026,11881792,3608,2026-10
Octubre 2026,11881790,2997,2026-10
Octubre 2026,11881788,3601,2026-10
Octubre 2026,11881787,1004,2026-10
Octubre 2026,11881785,2997,2026-10
Octubre 2026,11881784,1002,2026-10
Octubre 2026,11881782,2999,2026-10
Octubre 2026,11881781,2998,2026-10
Octubre 2026,11881780,3613,2026-10
Octubre 2026,11881777,1087,2026-10
Octubre 2026,11881773,1057,2026-10
Octubre 2026,11881772,1008,2026-10
Octubre 2026,11881771,2997,2026-10
Octubre 2026,11881769,1024,2026-10
Octubre 2026,11881768,3613,2026-10
Octubre 2026,11881766,1057,2026-10
Octubre 2026,11881761,3605,2026-10
Octubre 2026,11881760,2999,2026-10
Octubre 2026,11881757,3602,2026-10
Octubre 2026,11881756,3603,2026-10
Octubre 2026,11881752,3608,2026-10
Octubre 2026,11881751,2997,2026-10
Octubre 2026,11881749,1024,2026-10
Octubre 2026,11881734,2998,2026-10
Octubre 2026,11881732,2997,2026-10
Octubre 2026,11881730,2997,2026-10
Octubre 2026,11881722,1108,2026-10
Octubre 2026,11881721,3613,2026-10
Octubre 2026,11881720,3604,2026-10
Octubre 2026,11881719,3613,2026-10
Octubre 2026,11881716,3601,2026-10
Octubre 2026,11881715,2999,2026-10
Octubre 2026,11881712,3602,2026-10
Octubre 2026,11881707,3613,2026-10
Octubre 2026,11881706,1057,2026-10
Octubre 2026,11881705,3605,2026-10
Octubre 2026,11881703,2998,2026-10
Octubre 2026,11881702,1024,2026-10
Octubre 2026,11881700,3604,2026-10
Octubre 2026,11881696,1067,2026-10
Octubre 2026,11881695,2998,2026-10
Octubre 2026,11881694,2998,2026-10
Octubre 2026,11881693,1024,2026-10
Octubre 2026,11881690,2999,2026-10
Octubre 2026,11881689,2997,2026-10
Octubre 2026,11881688,1006,2026-10
Octubre 2026,11881687,1008,2026-10
Octubre 2026,11881684,1028,2026-10
Octubre 2026,11881683,1006,2026-10
Octubre 2026,11881682,2998,2026-10
Octubre 2026,11881679,3602,2026-10
Octubre 2026,11881678,1024,2026-10
Octubre 2026,11881676,3605,2026-10
Octubre 2026,11881674,3603,2026-10
Octubre 2026,11881673,3602,2026-10
Octubre 2026,11881672,1002,2026-10
Octubre 2026,11881670,3605,2026-10
Octubre 2026,11881669,3605,2026-10
Octubre 2026,11881668,1042,2026-10
Octubre 2026,11881667,1020,2026-10
Octubre 2026,11881666,2997,2026-10
Octubre 2026,11881664,2997,2026-10
Octubre 2026,11881663,3601,2026-10
Octubre 2026,11881662,2998,2026-10
Octubre 2026,11881660,3605,2026-10
Octubre 2026,11881659,2997,2026-10
Octubre 2026,11881657,2997,2026-10
Octubre 2026,11881655,1003,2026-10
Octubre 2026,11881652,1007,2026-10
Octubre 2026,11881651,3605,2026-10
Octubre 2026,11881650,3602,2026-10
Octubre 2026,11881649,1054,2026-10
Octubre 2026,11881648,1038,2026-10
Octubre 2026,11881647,3608,2026-10
Octubre 2026,11881646,2997,2026-10
Octubre 2026,11881644,1080,2026-10
Octubre 2026,11881643,3603,2026-10
Octubre 2026,11881641,3604,2026-10
Octubre 2026,11881640,3613,2026-10
Octubre 2026,11881639,1002,2026-10
Octubre 2026,11881638,1004,2026-10
Octubre 2026,11881637,3613,2026-10
Octubre 2026,11881636,3602,2026-10
Octubre 2026,11881634,2997,2026-10
Octubre 2026,11881633,1054,2026-10
Octubre 2026,11881632,1077,2026-10
Octubre 2026,11881631,2997,2026-10
Octubre 2026,11881630,3602,2026-10
Octubre 2026,11881629,1087,2026-10
Octubre 2026,11881628,1002,2026-10
Octubre 2026,11881627,masonlineprod0102-inv-pp-1018,2026-10
Octubre 2026,11881626,3601,2026-10
Octubre 2026,11881625,1003,2026-10
Octubre 2026,11881624,2999,2026-10
Octubre 2026,11881623,2997,2026-10
Octubre 2026,11881620,1057,2026-10
Octubre 2026,11881618,3605,2026-10
Octubre 2026,11881617,2997,2026-10
Octubre 2026,11881615,2998,2026-10
Octubre 2026,11881614,3605,2026-10
Octubre 2026,11881613,2997,2026-10
Octubre 2026,11881611,2999,2026-10
Octubre 2026,11881610,3603,2026-10
Octubre 2026,11881608,2998,2026-10
Octubre 2026,11881606,1006,2026-10
Octubre 2026,11881605,2997,2026-10
Octubre 2026,11881603,1011,2026-10
Octubre 2026,11881599,1051,2026-10
Octubre 2026,11881598,2998,2026-10
Octubre 2026,11881597,1067,2026-10
Octubre 2026,11881595,2997,2026-10
Octubre 2026,11881590,2997,2026-10
Octubre 2026,11881589,1008,2026-10
Octubre 2026,11881587,3605,2026-10
Octubre 2026,11881586,1002,2026-10
Octubre 2026,11881585,2998,2026-10
Octubre 2026,11881581,1054,2026-10
Octubre 2026,11881579,3601,2026-10
Octubre 2026,11881578,2997,2026-10
Octubre 2026,11881577,1024,2026-10
Octubre 2026,11881574,3605,2026-10
Octubre 2026,11881572,2998,2026-10
Octubre 2026,11881570,3608,2026-10
Octubre 2026,11881566,2997,2026-10
Octubre 2026,11881564,1022,2026-10
Octubre 2026,11881563,3605,2026-10
Octubre 2026,11881562,3613,2026-10
Octubre 2026,11881561,3602,2026-10
Octubre 2026,11881560,2999,2026-10
Octubre 2026,11881559,1011,2026-10
Octubre 2026,11881558,3605,2026-10
Octubre 2026,11881557,1003,2026-10
Octubre 2026,11881553,2997,2026-10
Octubre 2026,11881552,2999,2026-10
Octubre 2026,11881551,3601,2026-10
Octubre 2026,11881549,2999,2026-10
Octubre 2026,11881548,wm-1012,2026-10
Octubre 2026,11881547,2997,2026-10
Octubre 2026,11881545,2998,2026-10
Octubre 2026,11881543,1008,2026-10
Octubre 2026,11881541,3601,2026-10
Octubre 2026,11881538,2997,2026-10
Octubre 2026,11881536,3603,2026-10
Octubre 2026,11881533,2999,2026-10
Octubre 2026,11881530,2999,2026-10
Octubre 2026,11881528,1115,2026-10
Octubre 2026,11881527,1024,2026-10
Octubre 2026,11881526,3602,2026-10
Octubre 2026,11881525,1002,2026-10
Octubre 2026,11881524,RT-4001-,2026-10
Octubre 2026,11881523,1087,2026-10
Octubre 2026,11881522,2997,2026-10
Octubre 2026,11881520,1087,2026-10
Octubre 2026,11881518,1099,2026-10
Octubre 2026,11881516,1024,2026-10
Octubre 2026,11881514,3605,2026-10
Octubre 2026,11881513,2997,2026-10
Octubre 2026,11881507,2997,2026-10
Octubre 2026,11881506,3601,2026-10
Octubre 2026,11881503,2997,2026-10
Octubre 2026,11881502,3603,2026-10
Octubre 2026,11881501,1057,2026-10
Octubre 2026,11881498,2998,2026-10
Octubre 2026,11881497,1004,2026-10
Octubre 2026,11881492,3608,2026-10
Octubre 2026,11881490,3603,2026-10
Octubre 2026,11881489,1020,2026-10
Octubre 2026,11881487,3602,2026-10
Octubre 2026,11881485,1057,2026-10
Octubre 2026,11881480,3601,2026-10
Octubre 2026,11881476,3604,2026-10
Octubre 2026,11881475,3605,2026-10
Octubre 2026,11881474,3613,2026-10
Octubre 2026,11881473,3602,2026-10
Octubre 2026,11881471,1004,2026-10
Octubre 2026,11881470,3601,2026-10
Octubre 2026,11881469,1002,2026-10
Octubre 2026,11881464,3605,2026-10
Octubre 2026,11881462,3604,2026-10
Octubre 2026,11881460,2998,2026-10
Octubre 2026,11881459,3605,2026-10
Octubre 2026,11881457,1004,2026-10
Octubre 2026,11881456,1087,2026-10
Octubre 2026,11881454,3601,2026-10
Octubre 2026,11881453,3605,2026-10
Octubre 2026,11881452,3605,2026-10
Octubre 2026,11881448,2997,2026-10
Octubre 2026,11881447,1115,2026-10
Octubre 2026,11881441,2997,2026-10
Octubre 2026,11881440,3613,2026-10
Octubre 2026,11881439,3604,2026-10
Octubre 2026,11881438,3613,2026-10
Octubre 2026,11881437,3604,2026-10
Octubre 2026,11881435,1024,2026-10
Octubre 2026,11881432,1067,2026-10
Octubre 2026,11881430,3613,2026-10
Octubre 2026,11881429,3613,2026-10
Octubre 2026,11881428,2997,2026-10
Octubre 2026,11881427,2999,2026-10
Octubre 2026,11881426,2997,2026-10
Octubre 2026,11881424,1006,2026-10
Octubre 2026,11881423,2997,2026-10
Octubre 2026,11881422,1115,2026-10
Octubre 2026,11881420,2997,2026-10
Octubre 2026,11881419,3605,2026-10
Octubre 2026,11881418,1058,2026-10
Octubre 2026,11881416,2997,2026-10
Octubre 2026,11881414,3608,2026-10
Octubre 2026,11881413,3601,2026-10
Octubre 2026,11881409,1031,2026-10
Octubre 2026,11881408,2997,2026-10
Octubre 2026,11881405,2997,2026-10
Octubre 2026,11881404,3604,2026-10
Octubre 2026,11881399,1008,2026-10
Octubre 2026,11881396,2997,2026-10
Octubre 2026,11881394,2999,2026-10
Octubre 2026,11881393,3608,2026-10
Octubre 2026,11881389,1006,2026-10
Octubre 2026,11881387,2997,2026-10
Octubre 2026,11881386,3605,2026-10
Octubre 2026,11881384,1055,2026-10
Octubre 2026,11881383,1087,2026-10
Octubre 2026,11881382,3603,2026-10
Octubre 2026,11881381,2998,2026-10
Octubre 2026,11881380,2997,2026-10
Octubre 2026,11881377,3603,2026-10
Octubre 2026,11881376,3601,2026-10
Octubre 2026,11881374,3605,2026-10
Octubre 2026,11881373,3601,2026-10
Octubre 2026,11881370,1003,2026-10
Octubre 2026,11881368,1004,2026-10
Octubre 2026,11881366,1004,2026-10
Octubre 2026,11881364,wm-1085,2026-10
Octubre 2026,11881363,1077,2026-10
Octubre 2026,11881362,3605,2026-10
Octubre 2026,11881361,1020,2026-10
Octubre 2026,11881359,1008,2026-10
Octubre 2026,11881358,1080,2026-10
Octubre 2026,11881357,1002,2026-10
Octubre 2026,11881356,2997,2026-10
Octubre 2026,11881355,3602,2026-10
Octubre 2026,11881354,2997,2026-10
Octubre 2026,11881351,1024,2026-10
Octubre 2026,11881350,3602,2026-10
Octubre 2026,11881347,1057,2026-10
Octubre 2026,11881346,1052,2026-10
Octubre 2026,11881344,2998,2026-10
Octubre 2026,11881343,1087,2026-10
Octubre 2026,11881342,2999,2026-10
Octubre 2026,11881339,wm-1012,2026-10
Octubre 2026,11881338,2998,2026-10
Octubre 2026,11881335,3604,2026-10
Octubre 2026,11881331,1080,2026-10
Octubre 2026,11881330,3602,2026-10
Octubre 2026,11881329,3604,2026-10
Octubre 2026,11881327,1055,2026-10
Octubre 2026,11881326,3601,2026-10
Octubre 2026,11881323,1080,2026-10
Octubre 2026,11881322,2997,2026-10
Octubre 2026,11881321,3601,2026-10
Octubre 2026,11881320,1061,2026-10
Octubre 2026,11881318,3601,2026-10
Octubre 2026,11881317,2998,2026-10
Octubre 2026,11881315,1020,2026-10
Octubre 2026,11881314,1078,2026-10
Octubre 2026,11881311,1020,2026-10
Octubre 2026,11881309,3608,2026-10
Octubre 2026,11881308,1038,2026-10
Octubre 2026,11881307,1020,2026-10
Octubre 2026,11881304,2998,2026-10
Octubre 2026,11881302,3613,2026-10
Octubre 2026,11881301,2997,2026-10
Octubre 2026,11881295,3613,2026-10
Octubre 2026,11881294,1087,2026-10
Octubre 2026,11881291,1022,2026-10
Octubre 2026,11881288,3602,2026-10
Octubre 2026,11881283,3613,2026-10
Octubre 2026,11881282,3602,2026-10
Octubre 2026,11881281,3604,2026-10
Octubre 2026,11881280,2997,2026-10
Octubre 2026,11881277,1003,2026-10
Octubre 2026,11881276,3604,2026-10
Octubre 2026,11881275,3603,2026-10
Octubre 2026,11881272,3605,2026-10
Octubre 2026,11881271,2999,2026-10
Octubre 2026,11881269,1004,2026-10
Octubre 2026,11881268,3601,2026-10
Octubre 2026,11881267,RT-STS-PP-1027,2026-10
Octubre 2026,11881265,1108,2026-10
Octubre 2026,11881263,1061,2026-10
Octubre 2026,11881258,3613,2026-10
Octubre 2026,11881256,2997,2026-10
Octubre 2026,11881255,2998,2026-10
Octubre 2026,11881254,1087,2026-10
Octubre 2026,11881252,2997,2026-10
Octubre 2026,11881251,2998,2026-10
Octubre 2026,11881250,2997,2026-10
Octubre 2026,11881249,3603,2026-10
Octubre 2026,11881248,1057,2026-10
Octubre 2026,11881247,3613,2026-10
Octubre 2026,11881246,2999,2026-10
Octubre 2026,11881245,3601,2026-10
Octubre 2026,11881243,2997,2026-10
Octubre 2026,11881237,3604,2026-10
Octubre 2026,11881236,2997,2026-10
Octubre 2026,11881235,3608,2026-10
Octubre 2026,11881234,1038,2026-10
Octubre 2026,11881233,1057,2026-10
Octubre 2026,11881230,2997,2026-10
Octubre 2026,11881226,2998,2026-10
Octubre 2026,11881225,1003,2026-10
Octubre 2026,11881224,3605,2026-10
Octubre 2026,11881219,2999,2026-10
Octubre 2026,11881218,1087,2026-10
Octubre 2026,11881217,2999,2026-10
Octubre 2026,11881214,3601,2026-10
Octubre 2026,11881212,3604,2026-10
Octubre 2026,11881211,2997,2026-10
Octubre 2026,11881210,1002,2026-10
Octubre 2026,11881208,1087,2026-10
Octubre 2026,11881207,3605,2026-10
Octubre 2026,11881206,3605,2026-10
Octubre 2026,11881205,2999,2026-10
Octubre 2026,11881204,1011,2026-10
Octubre 2026,11881201,3605,2026-10
Octubre 2026,11881199,1024,2026-10
Octubre 2026,11881198,3601,2026-10
Octubre 2026,11881196,2999,2026-10
Octubre 2026,11881195,2997,2026-10
Octubre 2026,11881194,3604,2026-10
Octubre 2026,11881193,1087,2026-10
Octubre 2026,11881192,1087,2026-10
Octubre 2026,11881191,1054,2026-10
Octubre 2026,11881189,1024,2026-10
Octubre 2026,11881188,2997,2026-10
Octubre 2026,11881187,2997,2026-10
Octubre 2026,11881186,2999,2026-10
Octubre 2026,11881185,1020,2026-10
Octubre 2026,11881184,1038,2026-10
Octubre 2026,11881183,1020,2026-10
Octubre 2026,11881182,1002,2026-10
Octubre 2026,11881181,2998,2026-10
Octubre 2026,11881180,2999,2026-10
Octubre 2026,11881174,3601,2026-10
Octubre 2026,11881173,3605,2026-10
Octubre 2026,11881172,2999,2026-10
Octubre 2026,11881171,3604,2026-10
Octubre 2026,11881170,3613,2026-10
Octubre 2026,11881169,2997,2026-10
Octubre 2026,11881168,1054,2026-10
Octubre 2026,11881166,3613,2026-10
Octubre 2026,11881161,2999,2026-10
Octubre 2026,11881160,2999,2026-10
Octubre 2026,11881157,1003,2026-10
Octubre 2026,11881156,3603,2026-10
Octubre 2026,11881155,3608,2026-10
Octubre 2026,11881153,2997,2026-10
Octubre 2026,11881152,1058,2026-10
Octubre 2026,11881151,3603,2026-10
Octubre 2026,11881150,3605,2026-10
Octubre 2026,11881148,2998,2026-10
Octubre 2026,11881145,2999,2026-10
Octubre 2026,11881144,1011,2026-10
Octubre 2026,11881143,1057,2026-10
Octubre 2026,11881142,2999,2026-10
Octubre 2026,11881141,1020,2026-10
Octubre 2026,11881140,3602,2026-10
Octubre 2026,11881139,1008,2026-10
Octubre 2026,11881136,3608,2026-10
Octubre 2026,11881134,1069,2026-10
Octubre 2026,11881133,3602,2026-10
Octubre 2026,11881131,3601,2026-10
Octubre 2026,11881125,3601,2026-10
Octubre 2026,11881122,2998,2026-10
Octubre 2026,11881120,1020,2026-10
Octubre 2026,11881118,1008,2026-10
Octubre 2026,11881117,3605,2026-10
Octubre 2026,11881115,1020,2026-10
Octubre 2026,11881113,2997,2026-10
Octubre 2026,11881112,1011,2026-10
Octubre 2026,11881111,2999,2026-10
Octubre 2026,11881107,3613,2026-10
Octubre 2026,11881104,1038,2026-10
Octubre 2026,11881103,3605,2026-10
Octubre 2026,11881102,3601,2026-10
Octubre 2026,11881101,1024,2026-10
Octubre 2026,11881099,3604,2026-10
Octubre 2026,11881097,2997,2026-10
Octubre 2026,11881096,1006,2026-10
Octubre 2026,11881094,3605,2026-10
Octubre 2026,11881091,3604,2026-10
Octubre 2026,11881089,1031,2026-10
Octubre 2026,11881087,1087,2026-10
Octubre 2026,11881085,2999,2026-10
Octubre 2026,11881084,2997,2026-10
Octubre 2026,11881082,3601,2026-10
Octubre 2026,11881081,1038,2026-10
Octubre 2026,11881080,3605,2026-10
Octubre 2026,11881079,1011,2026-10
Octubre 2026,11881078,1024,2026-10
Octubre 2026,11881076,1051,2026-10
Octubre 2026,11881075,3601,2026-10
Octubre 2026,11881074,1008,2026-10
Octubre 2026,11881073,2997,2026-10
Octubre 2026,11881070,3608,2026-10
Octubre 2026,11881068,1004,2026-10
Octubre 2026,11881067,1004,2026-10
Octubre 2026,11881066,3602,2026-10
Octubre 2026,11881064,1115,2026-10
Octubre 2026,11881061,1008,2026-10
Octubre 2026,11881060,2999,2026-10
Octubre 2026,11881059,3603,2026-10
Octubre 2026,11881054,2997,2026-10
Octubre 2026,11881053,3602,2026-10
Octubre 2026,11881051,3601,2026-10
Octubre 2026,11881045,3605,2026-10
Octubre 2026,11881044,3608,2026-10
Octubre 2026,11881040,2998,2026-10
Octubre 2026,11881036,3605,2026-10
Octubre 2026,11881034,2999,2026-10
Octubre 2026,11881033,2998,2026-10
Octubre 2026,11881032,1006,2026-10
Octubre 2026,11881031,3605,2026-10
Octubre 2026,11881029,3601,2026-10
Octubre 2026,11881027,3601,2026-10
Octubre 2026,11881026,2999,2026-10
Octubre 2026,11881025,3602,2026-10
Octubre 2026,11881024,1003,2026-10
Octubre 2026,11881023,1006,2026-10
Octubre 2026,11881020,2998,2026-10
Octubre 2026,11881018,1054,2026-10
Octubre 2026,11881017,3613,2026-10
Octubre 2026,11881016,3601,2026-10
Octubre 2026,11881015,2998,2026-10
Octubre 2026,11881014,1057,2026-10
Octubre 2026,11881013,2997,2026-10
Octubre 2026,11881012,1020,2026-10
Octubre 2026,11881009,3604,2026-10
Octubre 2026,11881008,1004,2026-10
Octubre 2026,11881007,1020,2026-10
Octubre 2026,11881006,3601,2026-10
Octubre 2026,11881004,1054,2026-10
Octubre 2026,11881003,3613,2026-10
Octubre 2026,11881002,3602,2026-10
Octubre 2026,11880999,1004,2026-10
Octubre 2026,11880998,1004,2026-10
Octubre 2026,11880996,1057,2026-10
Octubre 2026,11880994,3613,2026-10
Octubre 2026,11880989,3604,2026-10
Octubre 2026,11880988,1061,2026-10
Octubre 2026,11880987,1020,2026-10
Octubre 2026,11880982,3605,2026-10
Octubre 2026,11880981,3605,2026-10
Octubre 2026,11880980,2997,2026-10
Octubre 2026,11880978,2999,2026-10
Octubre 2026,11880976,1004,2026-10
Octubre 2026,11880975,1058,2026-10
Octubre 2026,11880968,1067,2026-10
Octubre 2026,11880967,1057,2026-10
Octubre 2026,11880966,3601,2026-10
Octubre 2026,11880965,3605,2026-10
Octubre 2026,11880964,1020,2026-10
Octubre 2026,11880963,1057,2026-10
Octubre 2026,11880962,1087,2026-10
Octubre 2026,11880961,3613,2026-10
Octubre 2026,11880958,1024,2026-10
Octubre 2026,11880957,2997,2026-10
Octubre 2026,11880955,3603,2026-10
Octubre 2026,11880954,3602,2026-10
Octubre 2026,11880952,3601,2026-10
Octubre 2026,11880948,3601,2026-10
Octubre 2026,11880945,3601,2026-10
Octubre 2026,11880944,1038,2026-10
Octubre 2026,11880942,3613,2026-10
Octubre 2026,11880938,3608,2026-10
Octubre 2026,11880937,3605,2026-10
Octubre 2026,11880935,2999,2026-10
Octubre 2026,11880934,3601,2026-10
Octubre 2026,11880931,3603,2026-10
Octubre 2026,11880930,2998,2026-10
Octubre 2026,11880927,1004,2026-10
Octubre 2026,11880925,2999,2026-10
Octubre 2026,11880923,2999,2026-10
Octubre 2026,11880922,2997,2026-10
Octubre 2026,11880921,2998,2026-10
Octubre 2026,11880920,2997,2026-10
Octubre 2026,11880919,3601,2026-10
Octubre 2026,11880918,3605,2026-10
Octubre 2026,11880917,1087,2026-10
Octubre 2026,11880916,3601,2026-10
Octubre 2026,11880912,3604,2026-10
Octubre 2026,11880911,1067,2026-10
Octubre 2026,11880910,1057,2026-10
Octubre 2026,11880906,1038,2026-10
Octubre 2026,11880905,3604,2026-10
Octubre 2026,11880904,2997,2026-10
Octubre 2026,11880903,2999,2026-10
Octubre 2026,11880899,1038,2026-10
Octubre 2026,11880897,2997,2026-10
Octubre 2026,11880895,2997,2026-10
Octubre 2026,11880892,1024,2026-10
Octubre 2026,11880891,3608,2026-10
Octubre 2026,11880890,3603,2026-10
Octubre 2026,11880888,1002,2026-10
Octubre 2026,11880885,1115,2026-10
Octubre 2026,11880883,masonlineprod0102-inv-pp-1018,2026-10
Octubre 2026,11880881,3613,2026-10
Octubre 2026,11880880,2997,2026-10
Octubre 2026,11880879,1004,2026-10
Octubre 2026,11880878,wm-1012,2026-10
Octubre 2026,11880877,1058,2026-10
Octubre 2026,11880876,1011,2026-10
Octubre 2026,11880875,1055,2026-10
Octubre 2026,11880872,1087,2026-10
Octubre 2026,11880870,RT-STS-PP-1027,2026-10
Octubre 2026,11880868,3601,2026-10
Octubre 2026,11880867,1087,2026-10
Octubre 2026,11880866,1006,2026-10
Octubre 2026,11880865,3601,2026-10
Octubre 2026,11880864,2999,2026-10
Octubre 2026,11880859,1054,2026-10
Octubre 2026,11880858,2997,2026-10
Octubre 2026,11880857,2999,2026-10
Octubre 2026,11880856,3601,2026-10
Octubre 2026,11880855,RTPU-FULLGM-S2S-1092,2026-10
Octubre 2026,11880854,3613,2026-10
Octubre 2026,11880853,3613,2026-10
Octubre 2026,11880852,1006,2026-10
Octubre 2026,11880849,1006,2026-10
Octubre 2026,11880845,1058,2026-10
Octubre 2026,11880843,1020,2026-10
Octubre 2026,11880841,2999,2026-10
Octubre 2026,11880840,1011,2026-10
Octubre 2026,11880836,2997,2026-10
Octubre 2026,11880835,1024,2026-10
Octubre 2026,11880833,1008,2026-10
Octubre 2026,11880831,2998,2026-10
Octubre 2026,11880830,3608,2026-10
Octubre 2026,11880826,3603,2026-10
Octubre 2026,11880825,3601,2026-10
Octubre 2026,11880824,2997,2026-10
Octubre 2026,11880823,1056,2026-10
Octubre 2026,11880822,1031,2026-10
Octubre 2026,11880821,1087,2026-10
Octubre 2026,11880819,2997,2026-10
Octubre 2026,11880817,1087,2026-10
Octubre 2026,11880816,1003,2026-10
Octubre 2026,11880815,1020,2026-10
Octubre 2026,11880809,2997,2026-10
Octubre 2026,11880808,1024,2026-10
Octubre 2026,11880806,2997,2026-10
Octubre 2026,11880805,2998,2026-10
Octubre 2026,11880803,2997,2026-10
Octubre 2026,11880802,1038,2026-10
Octubre 2026,11880801,1004,2026-10
Octubre 2026,11880800,3602,2026-10
Octubre 2026,11880799,1008,2026-10
Octubre 2026,11880798,2997,2026-10
Octubre 2026,11880796,1006,2026-10
Octubre 2026,11880794,3604,2026-10
Octubre 2026,11880793,3608,2026-10
Octubre 2026,11880792,1004,2026-10
Octubre 2026,11880791,3603,2026-10
Octubre 2026,11880787,1006,2026-10
Octubre 2026,11880786,1054,2026-10
Octubre 2026,11880785,1020,2026-10
Octubre 2026,11880782,1024,2026-10
Octubre 2026,11880780,3602,2026-10
Octubre 2026,11880773,2999,2026-10
Octubre 2026,11880771,3613,2026-10
Octubre 2026,11880769,1020,2026-10
Octubre 2026,11880767,3602,2026-10
Octubre 2026,11880764,masonlineprod0102-inv-pp-1018,2026-10
Octubre 2026,11880762,1020,2026-10
Octubre 2026,11880757,2999,2026-10
Octubre 2026,11880750,1008,2026-10
Octubre 2026,11880749,1006,2026-10
Octubre 2026,11880747,1051,2026-10
Octubre 2026,11880745,1020,2026-10
Octubre 2026,11880744,2998,2026-10
Octubre 2026,11880743,1020,2026-10
Octubre 2026,11880742,2998,2026-10
Octubre 2026,11880741,2998,2026-10
Octubre 2026,11880739,2998,2026-10
Octubre 2026,11880738,3605,2026-10
Octubre 2026,11880737,3604,2026-10
Octubre 2026,11880735,3601,2026-10
Octubre 2026,11880734,1051,2026-10
Octubre 2026,11880732,2997,2026-10
Octubre 2026,11880731,2997,2026-10
Octubre 2026,11880729,1088,2026-10
Octubre 2026,11880726,3605,2026-10
Octubre 2026,11880725,3601,2026-10
Octubre 2026,11880724,2999,2026-10
Octubre 2026,11880723,3601,2026-10
Octubre 2026,11880722,2997,2026-10
Octubre 2026,11880721,3602,2026-10
Octubre 2026,11880718,2997,2026-10
Octubre 2026,11880715,2999,2026-10
Octubre 2026,11880712,1057,2026-10
Octubre 2026,11880711,3602,2026-10
Octubre 2026,11880709,1055,2026-10
Octubre 2026,11880708,1055,2026-10
Octubre 2026,11880707,1055,2026-10
Octubre 2026,11880704,1057,2026-10
Octubre 2026,11880687,3601,2026-10
Octubre 2026,11880686,1004,2026-10
Octubre 2026,11880683,1057,2026-10
Octubre 2026,11880682,3603,2026-10
Octubre 2026,11880680,1115,2026-10
Octubre 2026,11880678,1020,2026-10
Octubre 2026,11880677,3601,2026-10
Octubre 2026,11880674,2997,2026-10
Octubre 2026,11880671,1002,2026-10
Octubre 2026,11880669,1020,2026-10
Octubre 2026,11880664,RT-STS-PP-1084,2026-10
Octubre 2026,11880662,1003,2026-10
Octubre 2026,11880656,1020,2026-10
Octubre 2026,11880655,1057,2026-10
Octubre 2026,11880654,1008,2026-10
Octubre 2026,11880653,3605,2026-10
Octubre 2026,11880652,3601,2026-10
Octubre 2026,11880647,3608,2026-10
Octubre 2026,11880646,1061,2026-10
Octubre 2026,11880645,1002,2026-10
Octubre 2026,11880644,2997,2026-10
Octubre 2026,11880641,2998,2026-10
Octubre 2026,11880640,2998,2026-10
Octubre 2026,11880639,1024,2026-10
Octubre 2026,11880636,1002,2026-10
Octubre 2026,11880634,2998,2026-10
Octubre 2026,11880632,1038,2026-10
Octubre 2026,11880628,3613,2026-10
Octubre 2026,11880626,2999,2026-10
Octubre 2026,11880624,1057,2026-10
Octubre 2026,11880621,3601,2026-10
Octubre 2026,11880620,3613,2026-10
Octubre 2026,11880617,1004,2026-10
Octubre 2026,11880616,3604,2026-10
Octubre 2026,11880615,3613,2026-10
Octubre 2026,11880614,1054,2026-10
Octubre 2026,11880613,2998,2026-10
Octubre 2026,11880612,1038,2026-10
Octubre 2026,11880611,3613,2026-10
Octubre 2026,11880610,2998,2026-10
Octubre 2026,11880608,1057,2026-10
Octubre 2026,11880606,1002,2026-10
Octubre 2026,11880605,1056,2026-10
Octubre 2026,11880604,3603,2026-10
Octubre 2026,11880602,2998,2026-10
Octubre 2026,11880597,3601,2026-10
Octubre 2026,11880596,2999,2026-10
Octubre 2026,11880595,1080,2026-10
Octubre 2026,11880594,2999,2026-10
Octubre 2026,11880593,1002,2026-10
Octubre 2026,11880592,1006,2026-10
Octubre 2026,11880591,1115,2026-10
Octubre 2026,11880589,3602,2026-10
Octubre 2026,11880587,2997,2026-10
Octubre 2026,11880585,3602,2026-10
Octubre 2026,11880583,3603,2026-10
Octubre 2026,11880581,1007,2026-10
Octubre 2026,11880580,1024,2026-10
Octubre 2026,11880578,1087,2026-10
Octubre 2026,11880577,2997,2026-10
Octubre 2026,11880576,3604,2026-10
Octubre 2026,11880575,1115,2026-10
Octubre 2026,11880574,2997,2026-10
Octubre 2026,11880572,2999,2026-10
Octubre 2026,11880571,1008,2026-10
Octubre 2026,11880569,3605,2026-10
Octubre 2026,11880568,1024,2026-10
Octubre 2026,11880567,2999,2026-10
Octubre 2026,11880566,1008,2026-10
Octubre 2026,11880565,1006,2026-10
Octubre 2026,11880564,3605,2026-10
Octubre 2026,11880563,2998,2026-10
Octubre 2026,11880561,1087,2026-10
Octubre 2026,11880560,1031,2026-10
Octubre 2026,11880559,1020,2026-10
Octubre 2026,11880558,1002,2026-10
Octubre 2026,11880557,1088,2026-10
Octubre 2026,11880556,1020,2026-10
Octubre 2026,11880555,2998,2026-10
Octubre 2026,11880554,1011,2026-10
Octubre 2026,11880553,3613,2026-10
Octubre 2026,11880552,3605,2026-10
Octubre 2026,11880549,1087,2026-10
Octubre 2026,11880547,1031,2026-10
Octubre 2026,11880546,3603,2026-10
Octubre 2026,11880545,2999,2026-10
Octubre 2026,11880544,3603,2026-10
Octubre 2026,11880543,2998,2026-10
Octubre 2026,11880542,3602,2026-10
Octubre 2026,11880541,1080,2026-10
Octubre 2026,11880540,2999,2026-10
Octubre 2026,11880539,2997,2026-10
Octubre 2026,11880537,1020,2026-10
Octubre 2026,11880536,3613,2026-10
Octubre 2026,11880535,1020,2026-10
Octubre 2026,11880534,1004,2026-10
Octubre 2026,11880533,1020,2026-10
Octubre 2026,11880532,1024,2026-10
Octubre 2026,11880531,3605,2026-10
Octubre 2026,11880530,3605,2026-10
Octubre 2026,11880529,1006,2026-10
Octubre 2026,11880528,1011,2026-10
Octubre 2026,11880527,1080,2026-10
Octubre 2026,11880526,2997,2026-10
Octubre 2026,11880523,1054,2026-10
Octubre 2026,11880521,1080,2026-10
Octubre 2026,11880520,3603,2026-10
Octubre 2026,11880518,3613,2026-10
Octubre 2026,11880517,3601,2026-10
Octubre 2026,11880516,2999,2026-10
Octubre 2026,11880515,3601,2026-10
Octubre 2026,11880514,1058,2026-10
Octubre 2026,11880513,1008,2026-10
Octubre 2026,11880512,3605,2026-10
Octubre 2026,11880511,1053,2026-10
Octubre 2026,11880510,3608,2026-10
Octubre 2026,11880509,1031,2026-10
Octubre 2026,11880507,2999,2026-10
Octubre 2026,11880505,2998,2026-10
Octubre 2026,11880504,3613,2026-10
Octubre 2026,11880503,3602,2026-10
Octubre 2026,11880502,wm-1012,2026-10
Octubre 2026,11880501,3601,2026-10
Octubre 2026,11880499,2999,2026-10
Octubre 2026,11880498,3608,2026-10
Octubre 2026,11880497,2997,2026-10
Octubre 2026,11880496,2997,2026-10
Octubre 2026,11880494,3601,2026-10
Octubre 2026,11880493,3604,2026-10
Octubre 2026,11880492,2997,2026-10
Octubre 2026,11880491,3601,2026-10
Octubre 2026,11880490,1006,2026-10
Octubre 2026,11880489,2997,2026-10
Octubre 2026,11880486,2998,2026-10
Octubre 2026,11880485,1008,2026-10
Octubre 2026,11880484,1024,2026-10
Octubre 2026,11880481,1006,2026-10
Octubre 2026,11880480,3603,2026-10
Octubre 2026,11880479,2997,2026-10
Octubre 2026,11880478,2997,2026-10
Octubre 2026,11880476,3601,2026-10
Octubre 2026,11880475,1004,2026-10
Octubre 2026,11880474,1004,2026-10
Octubre 2026,11880473,3613,2026-10
Octubre 2026,11880472,1011,2026-10
Octubre 2026,11880471,1057,2026-10
Octubre 2026,11880470,2997,2026-10
Octubre 2026,11880468,1008,2026-10
Octubre 2026,11880467,1008,2026-10
Octubre 2026,11880466,2999,2026-10
Octubre 2026,11880464,2998,2026-10
Octubre 2026,11880463,2999,2026-10
Octubre 2026,11880458,1004,2026-10
Octubre 2026,11880456,1006,2026-10
Octubre 2026,11880455,1006,2026-10
Octubre 2026,11880454,2997,2026-10
Octubre 2026,11880453,1004,2026-10
Octubre 2026,11880452,3605,2026-10
Octubre 2026,11880451,1080,2026-10
Octubre 2026,11880450,2998,2026-10
Octubre 2026,11880449,2997,2026-10
Octubre 2026,11880448,1003,2026-10
Octubre 2026,11880447,3601,2026-10
Octubre 2026,11880445,3605,2026-10
Octubre 2026,11880443,1055,2026-10
Octubre 2026,11880439,RT-STS-PP-1084,2026-10
Octubre 2026,11880438,1087,2026-10
Octubre 2026,11880437,3602,2026-10
Octubre 2026,11880436,2998,2026-10
Octubre 2026,11880432,3613,2026-10
Octubre 2026,11880431,2997,2026-10
Octubre 2026,11880428,2998,2026-10
Octubre 2026,11880427,3601,2026-10
Octubre 2026,11880426,2999,2026-10
Octubre 2026,11880425,1011,2026-10
Octubre 2026,11880423,2998,2026-10
Octubre 2026,11880422,3613,2026-10
Octubre 2026,11880421,3605,2026-10
Octubre 2026,11880420,3605,2026-10
Octubre 2026,11880419,2997,2026-10
Octubre 2026,11880417,2999,2026-10
Octubre 2026,11880416,3604,2026-10
Octubre 2026,11880415,2997,2026-10
Octubre 2026,11880414,1080,2026-10
Octubre 2026,11880413,2998,2026-10
Octubre 2026,11880412,1006,2026-10
Octubre 2026,11880411,3605,2026-10
Octubre 2026,11880410,1003,2026-10
Octubre 2026,11880409,3604,2026-10
Octubre 2026,11880407,2997,2026-10
Octubre 2026,11880406,2999,2026-10
Octubre 2026,11880405,3602,2026-10
Octubre 2026,11880404,1080,2026-10
Octubre 2026,11880403,2998,2026-10
Octubre 2026,11880402,1031,2026-10
Octubre 2026,11880401,1054,2026-10
Octubre 2026,11880400,2997,2026-10
Octubre 2026,11880398,1008,2026-10
Octubre 2026,11880397,3603,2026-10
Octubre 2026,11880396,1087,2026-10
Octubre 2026,11880395,2997,2026-10
Octubre 2026,11880394,3605,2026-10
Octubre 2026,11880393,1042,2026-10
Octubre 2026,11880392,1006,2026-10
Octubre 2026,11880390,2999,2026-10
Octubre 2026,11880389,2997,2026-10
Octubre 2026,11880388,3603,2026-10
Octubre 2026,11880387,3608,2026-10
Octubre 2026,11880386,1058,2026-10
Octubre 2026,11880384,3613,2026-10
Octubre 2026,11880383,3601,2026-10
Octubre 2026,11880382,3603,2026-10
Octubre 2026,11880380,1058,2026-10
Octubre 2026,11880378,1054,2026-10
Octubre 2026,11880377,3605,2026-10
Octubre 2026,11880376,2998,2026-10
Octubre 2026,11880374,1087,2026-10
Octubre 2026,11880373,3604,2026-10
Octubre 2026,11880372,1056,2026-10
Octubre 2026,11880371,3605,2026-10
Octubre 2026,11880370,2999,2026-10
Octubre 2026,11880369,3605,2026-10
Octubre 2026,11880367,2997,2026-10
Octubre 2026,11880366,2998,2026-10
Octubre 2026,11880365,3602,2026-10
Octubre 2026,11880364,3604,2026-10
Octubre 2026,11880363,2997,2026-10
Octubre 2026,11880361,1031,2026-10
Octubre 2026,11880360,2998,2026-10
Octubre 2026,11880359,3605,2026-10
Octubre 2026,11880358,1004,2026-10
Octubre 2026,11880357,2999,2026-10
Octubre 2026,11880354,3613,2026-10
Octubre 2026,11880353,3604,2026-10
Octubre 2026,11880352,2997,2026-10
Octubre 2026,11880351,3605,2026-10
Octubre 2026,11880350,2997,2026-10
Octubre 2026,11880348,2998,2026-10
Octubre 2026,11880347,3603,2026-10
Octubre 2026,11880346,3604,2026-10
Octubre 2026,11880345,3605,2026-10
Octubre 2026,11880344,1006,2026-10
Octubre 2026,11880343,3601,2026-10
Octubre 2026,11880342,1008,2026-10
Octubre 2026,11880341,2997,2026-10
Octubre 2026,11880340,2997,2026-10
Octubre 2026,11880339,2997,2026-10
Octubre 2026,11880338,2999,2026-10
Octubre 2026,11880337,3602,2026-10
Octubre 2026,11880336,1054,2026-10
Octubre 2026,11880335,3603,2026-10
Octubre 2026,11880334,1038,2026-10
Octubre 2026,11880333,3605,2026-10
Octubre 2026,11880332,1011,2026-10
Octubre 2026,11880331,2997,2026-10
Octubre 2026,11880330,1061,2026-10
Octubre 2026,11880329,2997,2026-10
Octubre 2026,11880328,3613,2026-10
Octubre 2026,11880327,1054,2026-10
Octubre 2026,11880326,1011,2026-10
Octubre 2026,11880324,2998,2026-10
Octubre 2026,11880323,3603,2026-10
Octubre 2026,11880322,1054,2026-10
Octubre 2026,11880321,2997,2026-10
Octubre 2026,11880320,2999,2026-10
Octubre 2026,11880319,2997,2026-10
Octubre 2026,11880318,3613,2026-10
Octubre 2026,11880317,2997,2026-10
Octubre 2026,11880316,2997,2026-10
Octubre 2026,11880315,3603,2026-10
Octubre 2026,11880313,2997,2026-10
Octubre 2026,11880312,1004,2026-10
Octubre 2026,11880311,1020,2026-10
Octubre 2026,11880310,1022,2026-10
Octubre 2026,11880308,3601,2026-10
Octubre 2026,11880305,2997,2026-10
Octubre 2026,11880304,3613,2026-10
Octubre 2026,11880303,3601,2026-10
Octubre 2026,11880302,2997,2026-10
Octubre 2026,11880301,2999,2026-10
Octubre 2026,11880300,1026,2026-10
Octubre 2026,11880297,2997,2026-10
Octubre 2026,11880296,3605,2026-10
Octubre 2026,11880295,3603,2026-10
Octubre 2026,11880294,1008,2026-10
Octubre 2026,11880293,3608,2026-10
Octubre 2026,11880292,3613,2026-10
Octubre 2026,11880291,3613,2026-10
Octubre 2026,11880290,2999,2026-10
Octubre 2026,11880288,1087,2026-10
Octubre 2026,11880287,3601,2026-10
Octubre 2026,11880285,1020,2026-10
Octubre 2026,11880283,1003,2026-10
Octubre 2026,11880282,2997,2026-10
Octubre 2026,11880281,3603,2026-10
Octubre 2026,11880280,2999,2026-10
Octubre 2026,11880279,2998,2026-10
Octubre 2026,11880278,3601,2026-10
Octubre 2026,11880277,3608,2026-10
Octubre 2026,11880276,3605,2026-10
Octubre 2026,11880275,1004,2026-10
Octubre 2026,11880274,3613,2026-10
Octubre 2026,11880273,3601,2026-10
Octubre 2026,11880272,3601,2026-10
Octubre 2026,11880269,2998,2026-10
Octubre 2026,11880268,3601,2026-10
Octubre 2026,11880267,1057,2026-10
Octubre 2026,11880266,2997,2026-10
Octubre 2026,11880265,3602,2026-10
Octubre 2026,11880264,1098,2026-10
Octubre 2026,11880263,1058,2026-10
Octubre 2026,11880262,2997,2026-10
Octubre 2026,11880261,2999,2026-10
Octubre 2026,11880260,3613,2026-10
Octubre 2026,11880259,1087,2026-10
Octubre 2026,11880257,1115,2026-10
Octubre 2026,11880254,3605,2026-10
Octubre 2026,11880253,2997,2026-10
Octubre 2026,11880252,2997,2026-10
Octubre 2026,11880251,3602,2026-10
Octubre 2026,11880250,3601,2026-10
Octubre 2026,11880248,1006,2026-10
Octubre 2026,11880246,3613,2026-10
Octubre 2026,11880245,1006,2026-10
Octubre 2026,11880242,3602,2026-10
Octubre 2026,11880241,2997,2026-10
Octubre 2026,11880240,2997,2026-10
Octubre 2026,11880239,wm-1012,2026-10
Octubre 2026,11880237,3601,2026-10
Octubre 2026,11880236,3602,2026-10
Octubre 2026,11880235,2997,2026-10
Octubre 2026,11880234,1008,2026-10
Octubre 2026,11880233,2998,2026-10
Octubre 2026,11880232,3601,2026-10
Octubre 2026,11880231,2997,2026-10
Octubre 2026,11880230,1024,2026-10
Octubre 2026,11880227,1033,2026-10
Octubre 2026,11880226,2997,2026-10
Octubre 2026,11880225,1115,2026-10
Octubre 2026,11880223,3601,2026-10
Octubre 2026,11880222,3608,2026-10
Octubre 2026,11880221,3602,2026-10
Octubre 2026,11880220,3605,2026-10
Octubre 2026,11880219,3603,2026-10
Octubre 2026,11880218,1055,2026-10
Octubre 2026,11880216,2997,2026-10
Octubre 2026,11880211,1008,2026-10
Octubre 2026,11880210,2998,2026-10
Octubre 2026,11880208,2998,2026-10
Octubre 2026,11880207,2999,2026-10
Octubre 2026,11880206,2998,2026-10
Octubre 2026,11880204,3604,2026-10
Octubre 2026,11880203,3605,2026-10
Octubre 2026,11880202,2998,2026-10
Octubre 2026,11880200,3605,2026-10
Octubre 2026,11880199,2998,2026-10
Octubre 2026,11880198,1004,2026-10
Octubre 2026,11880197,3604,2026-10
Octubre 2026,11880195,3603,2026-10
Octubre 2026,11880190,3613,2026-10
Octubre 2026,11880189,1080,2026-10
Octubre 2026,11880187,1087,2026-10
Octubre 2026,11880186,3601,2026-10
Octubre 2026,11880185,2999,2026-10
Octubre 2026,11880182,3605,2026-10
Octubre 2026,11880181,2999,2026-10
Octubre 2026,11880180,2999,2026-10
Octubre 2026,11880179,1004,2026-10
Octubre 2026,11880178,3603,2026-10
Octubre 2026,11880177,3602,2026-10
Octubre 2026,11880176,3605,2026-10
Octubre 2026,11880175,2997,2026-10
Octubre 2026,11880174,2999,2026-10
Octubre 2026,11880173,3605,2026-10
Octubre 2026,11880172,2998,2026-10
Octubre 2026,11880171,3605,2026-10
Octubre 2026,11880170,2997,2026-10
Octubre 2026,11880169,3601,2026-10
Octubre 2026,11880168,2997,2026-10
Octubre 2026,11880167,2998,2026-10
Octubre 2026,11880166,3613,2026-10
Octubre 2026,11880165,3602,2026-10
Octubre 2026,11880164,1031,2026-10
Octubre 2026,11880163,3603,2026-10
Octubre 2026,11880162,3613,2026-10
Octubre 2026,11880161,1024,2026-10
Octubre 2026,11880159,3608,2026-10
Octubre 2026,11880158,3605,2026-10
Octubre 2026,11880157,2997,2026-10
Octubre 2026,11880156,1006,2026-10
Octubre 2026,11880155,3605,2026-10
Octubre 2026,11880154,2997,2026-10
Octubre 2026,11880153,1057,2026-10
Octubre 2026,11880152,2997,2026-10
Octubre 2026,11880151,3603,2026-10
Octubre 2026,11880149,3601,2026-10
Octubre 2026,11880148,3603,2026-10
Octubre 2026,11880147,2997,2026-10
Octubre 2026,11880146,3605,2026-10
Octubre 2026,11880145,1054,2026-10
Octubre 2026,11880144,2999,2026-10
Octubre 2026,11880143,2999,2026-10
Octubre 2026,11880142,1004,2026-10
Octubre 2026,11880140,2997,2026-10
Octubre 2026,11880139,2999,2026-10
Octubre 2026,11880138,3605,2026-10
Octubre 2026,11880137,2999,2026-10
Octubre 2026,11880135,3613,2026-10
Octubre 2026,11880134,1002,2026-10
Octubre 2026,11880133,1042,2026-10
Octubre 2026,11880131,1031,2026-10
Octubre 2026,11880130,3602,2026-10
Octubre 2026,11880129,1115,2026-10
Octubre 2026,11880128,3602,2026-10
Octubre 2026,11880127,3608,2026-10
Octubre 2026,11880126,2999,2026-10
Octubre 2026,11880124,1080,2026-10
Octubre 2026,11880123,3613,2026-10
Octubre 2026,11880122,2998,2026-10
Octubre 2026,11880120,1058,2026-10
Octubre 2026,11880119,1020,2026-10
Octubre 2026,11880117,1024,2026-10
Octubre 2026,11880116,1020,2026-10
Octubre 2026,11880113,2999,2026-10
Octubre 2026,11880111,3605,2026-10
Octubre 2026,11880110,1008,2026-10
Octubre 2026,11880109,1004,2026-10
Octubre 2026,11880108,2997,2026-10
Octubre 2026,11880107,3601,2026-10
Octubre 2026,11880105,2998,2026-10
Octubre 2026,11880103,2998,2026-10
Octubre 2026,11880102,2997,2026-10
Octubre 2026,11880101,3602,2026-10
Octubre 2026,11880100,2997,2026-10
Octubre 2026,11880099,3602,2026-10
Octubre 2026,11880098,3613,2026-10
Octubre 2026,11880096,1054,2026-10
Octubre 2026,11880095,1003,2026-10
Octubre 2026,11880093,3605,2026-10
Octubre 2026,11880092,1042,2026-10
Octubre 2026,11880091,2997,2026-10
Octubre 2026,11880090,1087,2026-10
Octubre 2026,11880089,3605,2026-10
Octubre 2026,11880088,1057,2026-10
Octubre 2026,11880087,3603,2026-10
Octubre 2026,11880086,3605,2026-10
Octubre 2026,11880085,1004,2026-10
Octubre 2026,11880084,3605,2026-10
Octubre 2026,11880083,2997,2026-10
Octubre 2026,11880081,3613,2026-10
Octubre 2026,11880080,3608,2026-10
Octubre 2026,11880079,3605,2026-10
Octubre 2026,11880078,2997,2026-10
Octubre 2026,11880077,wm-1012,2026-10
Octubre 2026,11880076,3605,2026-10
Octubre 2026,11880075,3605,2026-10
Octubre 2026,11880073,2999,2026-10
Octubre 2026,11880072,3602,2026-10
Octubre 2026,11880071,1006,2026-10
Octubre 2026,11880069,3605,2026-10
Octubre 2026,11880068,2999,2026-10
Octubre 2026,11880067,1004,2026-10
Octubre 2026,11880066,2997,2026-10
Octubre 2026,11880065,3605,2026-10
Octubre 2026,11880063,2997,2026-10
Octubre 2026,11880062,3605,2026-10
Octubre 2026,11880061,3613,2026-10
Octubre 2026,11880060,3604,2026-10
Octubre 2026,11880059,3605,2026-10
Octubre 2026,11880058,1006,2026-10
Octubre 2026,11880056,3605,2026-10
Octubre 2026,11880055,3613,2026-10
Octubre 2026,11880052,1087,2026-10
Octubre 2026,11880051,3604,2026-10
Octubre 2026,11880049,3605,2026-10
Octubre 2026,11880048,1042,2026-10
Octubre 2026,11880047,1031,2026-10
Octubre 2026,11880046,3603,2026-10
Octubre 2026,11880045,3613,2026-10
Octubre 2026,11880044,1011,2026-10
Octubre 2026,11880042,2999,2026-10
Octubre 2026,11880041,1087,2026-10
Octubre 2026,11880040,2998,2026-10
Octubre 2026,11880038,1038,2026-10
Octubre 2026,11880037,2999,2026-10
Octubre 2026,11880036,1007,2026-10
Octubre 2026,11880035,1087,2026-10
Octubre 2026,11880034,2997,2026-10
Octubre 2026,11880033,1087,2026-10
Octubre 2026,11880032,3608,2026-10
Octubre 2026,11880031,1024,2026-10
Octubre 2026,11880030,2998,2026-10
Octubre 2026,11880029,3605,2026-10
Octubre 2026,11880026,2999,2026-10
Octubre 2026,11880025,1087,2026-10
Octubre 2026,11880024,2997,2026-10
Octubre 2026,11880023,3602,2026-10
Octubre 2026,11880022,2997,2026-10
Octubre 2026,11880021,3608,2026-10
Octubre 2026,11880020,2999,2026-10
Octubre 2026,11880019,2998,2026-10
Octubre 2026,11880015,2998,2026-10
Octubre 2026,11880014,3604,2026-10
Octubre 2026,11880012,2999,2026-10
Octubre 2026,11880011,3603,2026-10
Octubre 2026,11880007,1087,2026-10
Octubre 2026,11880006,3601,2026-10
Octubre 2026,11880005,3605,2026-10
Octubre 2026,11880004,2999,2026-10
Octubre 2026,11880002,2997,2026-10
Octubre 2026,11880001,3603,2026-10
Octubre 2026,11879999,3608,2026-10
Octubre 2026,11879998,2999,2026-10
Octubre 2026,11879994,3603,2026-10
Octubre 2026,11879993,2999,2026-10
Octubre 2026,11879992,3604,2026-10
Octubre 2026,11879990,3613,2026-10
Octubre 2026,11879989,1051,2026-10
Octubre 2026,11879988,3605,2026-10
Octubre 2026,11879987,1004,2026-10
Octubre 2026,11879986,1003,2026-10
Octubre 2026,11879985,2997,2026-10
Octubre 2026,11879984,2997,2026-10
Octubre 2026,11879983,2998,2026-10
Octubre 2026,11879982,2999,2026-10
Octubre 2026,11879981,1007,2026-10
Octubre 2026,11879980,3601,2026-10
Octubre 2026,11879979,2997,2026-10
Octubre 2026,11879977,2997,2026-10
Octubre 2026,11879974,2999,2026-10
Octubre 2026,11879973,3613,2026-10
Octubre 2026,11879971,1004,2026-10
Octubre 2026,11879968,1020,2026-10
Octubre 2026,11879967,3603,2026-10
Octubre 2026,11879966,2997,2026-10
Octubre 2026,11879965,2998,2026-10
Octubre 2026,11879964,2997,2026-10
Octubre 2026,11879962,1004,2026-10
Octubre 2026,11879961,2999,2026-10
Octubre 2026,11879960,3605,2026-10
Octubre 2026,11879958,3601,2026-10
Octubre 2026,11879957,3601,2026-10
Octubre 2026,11879955,1002,2026-10
Octubre 2026,11879954,2997,2026-10
Octubre 2026,11879952,1054,2026-10
Octubre 2026,11879951,2997,2026-10
Octubre 2026,11879950,1054,2026-10
Octubre 2026,11879949,1058,2026-10
Octubre 2026,11879948,2997,2026-10
Octubre 2026,11879947,1087,2026-10
Octubre 2026,11879945,2997,2026-10
Octubre 2026,11879944,3608,2026-10
Octubre 2026,11879943,3602,2026-10
Octubre 2026,11879942,2998,2026-10
Octubre 2026,11879940,1006,2026-10
Octubre 2026,11879938,2998,2026-10
Octubre 2026,11879937,2999,2026-10
Octubre 2026,11879936,2997,2026-10
Octubre 2026,11879935,2999,2026-10
Octubre 2026,11879933,3604,2026-10
Octubre 2026,11879932,3601,2026-10
Octubre 2026,11879931,2999,2026-10
Octubre 2026,11879930,1004,2026-10
Octubre 2026,11879929,2999,2026-10
Octubre 2026,11879928,3605,2026-10
Octubre 2026,11879927,1087,2026-10
Octubre 2026,11879926,2999,2026-10
Octubre 2026,11879925,3605,2026-10
Octubre 2026,11879924,2999,2026-10
Octubre 2026,11879923,2999,2026-10
Octubre 2026,11879922,3605,2026-10
Octubre 2026,11879921,1002,2026-10
Octubre 2026,11879920,3613,2026-10
Octubre 2026,11879919,1020,2026-10
Octubre 2026,11879918,3605,2026-10
Octubre 2026,11879916,2999,2026-10
Octubre 2026,11879913,3602,2026-10
Octubre 2026,11879912,3602,2026-10
Octubre 2026,11879911,2997,2026-10
Octubre 2026,11879908,1006,2026-10
Octubre 2026,11879907,2998,2026-10
Octubre 2026,11879906,2997,2026-10
Octubre 2026,11879904,1006,2026-10
Octubre 2026,11879902,3613,2026-10
Octubre 2026,11879900,2997,2026-10
Octubre 2026,11879899,3602,2026-10
Octubre 2026,11879898,1004,2026-10
Octubre 2026,11879897,3602,2026-10
Octubre 2026,11879896,3604,2026-10
Octubre 2026,11879895,2999,2026-10
Octubre 2026,11879894,1002,2026-10
Octubre 2026,11879890,1057,2026-10
Octubre 2026,11879889,3602,2026-10
Octubre 2026,11879888,1058,2026-10
Octubre 2026,11879887,3613,2026-10
Octubre 2026,11879886,2998,2026-10
Octubre 2026,11879885,2997,2026-10
Octubre 2026,11879883,2997,2026-10
Octubre 2026,11879882,1088,2026-10
Octubre 2026,11879881,2998,2026-10
Octubre 2026,11879880,3604,2026-10
Octubre 2026,11879879,RT-4001-,2026-10
Octubre 2026,11879877,3605,2026-10
Octubre 2026,11879876,1006,2026-10
Octubre 2026,11879875,3608,2026-10
Octubre 2026,11879874,2997,2026-10
Octubre 2026,11879872,3605,2026-10
Octubre 2026,11879871,1008,2026-10
Octubre 2026,11879870,3601,2026-10
Octubre 2026,11879869,3613,2026-10
Octubre 2026,11879868,3613,2026-10
Octubre 2026,11879867,3605,2026-10
Octubre 2026,11879865,1087,2026-10
Octubre 2026,11879864,2997,2026-10
Octubre 2026,11879863,3605,2026-10
Octubre 2026,11879862,2999,2026-10
Octubre 2026,11879861,1087,2026-10
Octubre 2026,11879860,3605,2026-10
Octubre 2026,11879859,2997,2026-10
Octubre 2026,11879856,2997,2026-10
Octubre 2026,11879854,3613,2026-10
Octubre 2026,11879853,3601,2026-10
Octubre 2026,11879852,1004,2026-10
Octubre 2026,11879851,3604,2026-10
Octubre 2026,11879850,3605,2026-10
Octubre 2026,11879848,2997,2026-10
Octubre 2026,11879847,3601,2026-10
Octubre 2026,11879845,2997,2026-10
Octubre 2026,11879842,1003,2026-10
Octubre 2026,11879841,2998,2026-10
Octubre 2026,11879840,3608,2026-10
Octubre 2026,11879839,3608,2026-10
Octubre 2026,11879838,3602,2026-10
Octubre 2026,11879837,3608,2026-10
Octubre 2026,11879836,2998,2026-10
Octubre 2026,11879835,2997,2026-10
Octubre 2026,11879830,1024,2026-10
Octubre 2026,11879829,1058,2026-10
Octubre 2026,11879827,3605,2026-10
Octubre 2026,11879826,3613,2026-10
Octubre 2026,11879825,3602,2026-10
Octubre 2026,11879824,3608,2026-10
Octubre 2026,11879823,1080,2026-10
Octubre 2026,11879822,2998,2026-10
Octubre 2026,11879821,1020,2026-10
Octubre 2026,11879820,3613,2026-10
Octubre 2026,11879819,2999,2026-10
Octubre 2026,11879818,RT-STS-PP-1030,2026-10
Octubre 2026,11879817,3603,2026-10
Octubre 2026,11879816,3613,2026-10
Octubre 2026,11879815,1002,2026-10
Octubre 2026,11879814,1061,2026-10
Octubre 2026,11879813,1038,2026-10
Octubre 2026,11879812,2998,2026-10
Octubre 2026,11879811,1057,2026-10
Octubre 2026,11879809,1020,2026-10
Octubre 2026,11879808,1020,2026-10
Octubre 2026,11879807,1051,2026-10
Octubre 2026,11879806,3605,2026-10
Octubre 2026,11879805,1004,2026-10
Octubre 2026,11879804,3604,2026-10
Octubre 2026,11879803,1080,2026-10
Octubre 2026,11879802,2997,2026-10
Octubre 2026,11879800,1031,2026-10
Octubre 2026,11879798,2997,2026-10
Octubre 2026,11879796,3604,2026-10
Octubre 2026,11879793,3603,2026-10
Octubre 2026,11879792,2997,2026-10
Octubre 2026,11879791,1080,2026-10
Octubre 2026,11879790,3602,2026-10
Octubre 2026,11879789,1024,2026-10
Octubre 2026,11879788,2999,2026-10
Octubre 2026,11879786,1033,2026-10
Octubre 2026,11879782,3605,2026-10
Octubre 2026,11879781,2998,2026-10
Octubre 2026,11879779,1088,2026-10
Octubre 2026,11879778,3601,2026-10
Octubre 2026,11879776,2997,2026-10
Octubre 2026,11879775,1038,2026-10
Octubre 2026,11879774,3602,2026-10
Octubre 2026,11879772,2999,2026-10
Octubre 2026,11879771,2998,2026-10
Octubre 2026,11879770,1087,2026-10
Octubre 2026,11879769,3602,2026-10
Octubre 2026,11879768,3601,2026-10
Octubre 2026,11879766,1058,2026-10
Octubre 2026,11879765,3608,2026-10
Octubre 2026,11879764,1033,2026-10
Octubre 2026,11879763,1087,2026-10
Octubre 2026,11879762,3613,2026-10
Octubre 2026,11879760,2997,2026-10
Octubre 2026,11879759,3613,2026-10
Octubre 2026,11879758,2998,2026-10
Octubre 2026,11879757,1007,2026-10
Octubre 2026,11879755,3602,2026-10
Octubre 2026,11879754,1080,2026-10
Octubre 2026,11879753,2999,2026-10
Octubre 2026,11879752,1054,2026-10
Octubre 2026,11879751,1033,2026-10
Octubre 2026,11879749,2997,2026-10
Octubre 2026,11879748,2998,2026-10
Octubre 2026,11879746,2997,2026-10
Octubre 2026,11879745,2997,2026-10
Octubre 2026,11879744,2999,2026-10
Octubre 2026,11879743,2997,2026-10
Octubre 2026,11879742,1008,2026-10
Octubre 2026,11879741,2999,2026-10
Octubre 2026,11879740,1006,2026-10
Octubre 2026,11879739,1087,2026-10
Octubre 2026,11879738,3605,2026-10
Octubre 2026,11879736,3605,2026-10
Octubre 2026,11879735,3605,2026-10
Octubre 2026,11879733,3613,2026-10
Octubre 2026,11879732,2998,2026-10
Octubre 2026,11879731,1003,2026-10
Octubre 2026,11879729,2997,2026-10
Octubre 2026,11879728,1087,2026-10
Octubre 2026,11879727,2999,2026-10
Octubre 2026,11879726,2999,2026-10
Octubre 2026,11879724,1003,2026-10
Octubre 2026,11879723,2999,2026-10
Octubre 2026,11879721,2997,2026-10
Octubre 2026,11879720,1003,2026-10
Octubre 2026,11879719,1026,2026-10
Octubre 2026,11879718,3601,2026-10
Octubre 2026,11879717,2998,2026-10
Octubre 2026,11879716,2999,2026-10
Octubre 2026,11879713,2997,2026-10
Octubre 2026,11879712,1003,2026-10
Octubre 2026,11879711,3602,2026-10
Octubre 2026,11879710,1004,2026-10
Octubre 2026,11879709,1004,2026-10
Octubre 2026,11879708,1054,2026-10
Octubre 2026,11879707,3604,2026-10
Octubre 2026,11879706,1020,2026-10
Octubre 2026,11879705,1080,2026-10
Octubre 2026,11879704,3604,2026-10
Octubre 2026,11879703,3603,2026-10
Octubre 2026,11879702,1087,2026-10
Octubre 2026,11879701,2997,2026-10
Octubre 2026,11879700,2999,2026-10
Octubre 2026,11879699,3608,2026-10
Octubre 2026,11879698,2997,2026-10
Octubre 2026,11879697,2999,2026-10
Octubre 2026,11879695,2998,2026-10
Octubre 2026,11879694,2997,2026-10
Octubre 2026,11879692,2997,2026-10
Octubre 2026,11879690,1087,2026-10
Octubre 2026,11879689,2998,2026-10
Octubre 2026,11879688,2998,2026-10
Octubre 2026,11879687,1003,2026-10
Octubre 2026,11879686,1054,2026-10
Octubre 2026,11879684,RTPU-FULLGM-1050,2026-10
Octubre 2026,11879681,1054,2026-10
Octubre 2026,11879680,1004,2026-10
Octubre 2026,11879679,2998,2026-10
Octubre 2026,11879677,2997,2026-10
Octubre 2026,11879676,3605,2026-10
Octubre 2026,11879674,3601,2026-10
Octubre 2026,11879672,3603,2026-10
Octubre 2026,11879671,1020,2026-10
Octubre 2026,11879670,3613,2026-10
Octubre 2026,11879669,3613,2026-10
Octubre 2026,11879668,1087,2026-10
Octubre 2026,11879667,3603,2026-10
Octubre 2026,11879666,3603,2026-10
Octubre 2026,11879665,1004,2026-10
Octubre 2026,11879662,3608,2026-10
Octubre 2026,11879661,1024,2026-10
Octubre 2026,11879660,2997,2026-10
Octubre 2026,11879659,1058,2026-10
Octubre 2026,11879657,3613,2026-10
Octubre 2026,11879656,1057,2026-10
Octubre 2026,11879655,1006,2026-10
Octubre 2026,11879654,3605,2026-10
Octubre 2026,11879653,2998,2026-10
Octubre 2026,11879652,1098,2026-10
Octubre 2026,11879651,1042,2026-10
Octubre 2026,11879650,3605,2026-10
Octubre 2026,11879649,3605,2026-10
Octubre 2026,11879648,1087,2026-10
Octubre 2026,11879647,3613,2026-10
Octubre 2026,11879646,2997,2026-10
Octubre 2026,11879645,1004,2026-10
Octubre 2026,11879644,1080,2026-10
Octubre 2026,11879643,1011,2026-10
Octubre 2026,11879641,3601,2026-10
Octubre 2026,11879640,3602,2026-10
Octubre 2026,11879639,2997,2026-10
Octubre 2026,11879638,1098,2026-10
Octubre 2026,11879637,3602,2026-10
Octubre 2026,11879636,1020,2026-10
Octubre 2026,11879635,2997,2026-10
Octubre 2026,11879634,2998,2026-10
Octubre 2026,11879633,3605,2026-10
Octubre 2026,11879630,3604,2026-10
Octubre 2026,11879629,3603,2026-10
Octubre 2026,11879627,1004,2026-10
Octubre 2026,11879625,3608,2026-10
Octubre 2026,11879624,1054,2026-10
Octubre 2026,11879623,3603,2026-10
Octubre 2026,11879622,2997,2026-10
Octubre 2026,11879620,3605,2026-10
Octubre 2026,11879619,1058,2026-10
Octubre 2026,11879618,1002,2026-10
Octubre 2026,11879617,3613,2026-10
Octubre 2026,11879616,3602,2026-10
Octubre 2026,11879615,2999,2026-10
Octubre 2026,11879614,3608,2026-10
Octubre 2026,11879613,3605,2026-10
Octubre 2026,11879612,2998,2026-10
Octubre 2026,11879611,2999,2026-10
Octubre 2026,11879610,3613,2026-10
Octubre 2026,11879609,3604,2026-10
Octubre 2026,11879608,1026,2026-10
Octubre 2026,11879605,2997,2026-10
Octubre 2026,11879604,3605,2026-10
Octubre 2026,11879599,3605,2026-10
Octubre 2026,11879598,3602,2026-10
Octubre 2026,11879596,3613,2026-10
Octubre 2026,11879595,3603,2026-10
Octubre 2026,11879594,1003,2026-10
Octubre 2026,11879592,2999,2026-10
Octubre 2026,11879591,2997,2026-10
Octubre 2026,11879590,2997,2026-10
Octubre 2026,11879589,1002,2026-10
Octubre 2026,11879588,3602,2026-10
Octubre 2026,11879586,3603,2026-10
Octubre 2026,11879585,1054,2026-10
Octubre 2026,11879584,1011,2026-10
Octubre 2026,11879583,1020,2026-10
Octubre 2026,11879582,1024,2026-10
Octubre 2026,11879581,1080,2026-10
Octubre 2026,11879580,2998,2026-10
Octubre 2026,11879579,1006,2026-10
Octubre 2026,11879577,1004,2026-10
Octubre 2026,11879576,1003,2026-10
Octubre 2026,11879575,3602,2026-10
Octubre 2026,11879574,1020,2026-10
Octubre 2026,11879573,3604,2026-10
Octubre 2026,11879572,2997,2026-10
Octubre 2026,11879571,1020,2026-10
Octubre 2026,11879570,3604,2026-10
Octubre 2026,11879569,2998,2026-10
Octubre 2026,11879568,3605,2026-10
Octubre 2026,11879567,3601,2026-10
Octubre 2026,11879566,1020,2026-10
Octubre 2026,11879564,2997,2026-10
Octubre 2026,11879563,1031,2026-10
Octubre 2026,11879561,2999,2026-10
Octubre 2026,11879560,1003,2026-10
Octubre 2026,11879559,3603,2026-10
Octubre 2026,11879558,3603,2026-10
Octubre 2026,11879557,2999,2026-10
Octubre 2026,11879556,3602,2026-10
Octubre 2026,11879555,3605,2026-10
Octubre 2026,11879553,3605,2026-10
Octubre 2026,11879552,1087,2026-10
Octubre 2026,11879551,3603,2026-10
Octubre 2026,11879550,1006,2026-10
Octubre 2026,11879549,2999,2026-10
Octubre 2026,11879548,3613,2026-10
Octubre 2026,11879547,3602,2026-10
Octubre 2026,11879546,1011,2026-10
Octubre 2026,11879545,1003,2026-10
Octubre 2026,11879544,3603,2026-10
Octubre 2026,11879541,2997,2026-10
Octubre 2026,11879540,3613,2026-10
Octubre 2026,11879538,3608,2026-10
Octubre 2026,11879536,2997,2026-10
Octubre 2026,11879534,1057,2026-10
Octubre 2026,11879533,1003,2026-10
Octubre 2026,11879532,2998,2026-10
Octubre 2026,11879529,1054,2026-10
Octubre 2026,11879528,3605,2026-10
Octubre 2026,11879527,3613,2026-10
Octubre 2026,11879526,3603,2026-10
Octubre 2026,11879525,3613,2026-10
Octubre 2026,11879524,2999,2026-10
Octubre 2026,11879523,3601,2026-10
Octubre 2026,11879522,3613,2026-10
Octubre 2026,11879520,2997,2026-10
Octubre 2026,11879518,1004,2026-10
Octubre 2026,11879515,1087,2026-10
Octubre 2026,11879514,1054,2026-10
Octubre 2026,11879512,1057,2026-10
Octubre 2026,11879510,3601,2026-10
Octubre 2026,11879509,2998,2026-10
Octubre 2026,11879507,3605,2026-10
Octubre 2026,11879506,2999,2026-10
Octubre 2026,11879505,1003,2026-10
Octubre 2026,11879504,3613,2026-10
Octubre 2026,11879503,3602,2026-10
Octubre 2026,11879501,1003,2026-10
Octubre 2026,11879499,1011,2026-10
Octubre 2026,11879498,3604,2026-10
Octubre 2026,11879496,3613,2026-10
Octubre 2026,11879495,1020,2026-10
Octubre 2026,11879494,2997,2026-10
Octubre 2026,11879493,1006,2026-10
Octubre 2026,11879492,3613,2026-10
Octubre 2026,11879491,2997,2026-10
Octubre 2026,11879490,1087,2026-10
Octubre 2026,11879489,2999,2026-10
Octubre 2026,11879488,3601,2026-10
Octubre 2026,11879487,3601,2026-10
Octubre 2026,11879486,3605,2026-10
Octubre 2026,11879485,3608,2026-10
Octubre 2026,11879484,3601,2026-10
Octubre 2026,11879483,3613,2026-10
Octubre 2026,11879482,1055,2026-10
Octubre 2026,11879481,1087,2026-10
Octubre 2026,11879480,1006,2026-10
Octubre 2026,11879478,1087,2026-10
Octubre 2026,11879477,2998,2026-10
Octubre 2026,11879475,1087,2026-10
Octubre 2026,11879474,1054,2026-10
Octubre 2026,11879472,2998,2026-10
Octubre 2026,11879471,3603,2026-10
Octubre 2026,11879470,3605,2026-10
Octubre 2026,11879468,2999,2026-10
Octubre 2026,11879467,3601,2026-10
Octubre 2026,11879466,2997,2026-10
Octubre 2026,11879465,2997,2026-10
Octubre 2026,11879461,3605,2026-10
Octubre 2026,11879460,2997,2026-10
Octubre 2026,11879458,1087,2026-10
Octubre 2026,11879457,2999,2026-10
Octubre 2026,11879455,3605,2026-10
Octubre 2026,11879454,2997,2026-10
Octubre 2026,11879453,3605,2026-10
Octubre 2026,11879452,1006,2026-10
Octubre 2026,11879449,wm-1012,2026-10
Octubre 2026,11879448,2997,2026-10
Octubre 2026,11879446,1087,2026-10
Octubre 2026,11879444,3601,2026-10
Octubre 2026,11879443,3603,2026-10
Octubre 2026,11879442,3601,2026-10
Octubre 2026,11879441,2998,2026-10
Octubre 2026,11879440,1087,2026-10
Octubre 2026,11879439,1087,2026-10
Octubre 2026,11879438,3605,2026-10
Octubre 2026,11879435,3602,2026-10
Octubre 2026,11879434,2999,2026-10
Octubre 2026,11879433,2998,2026-10
Octubre 2026,11879431,1006,2026-10
Octubre 2026,11879430,1087,2026-10
Octubre 2026,11879429,3601,2026-10
Octubre 2026,11879428,1020,2026-10
Octubre 2026,11879427,3601,2026-10
Octubre 2026,11879426,3605,2026-10
Octubre 2026,11879425,1024,2026-10
Octubre 2026,11879423,2997,2026-10
Octubre 2026,11879421,RT-4001-,2026-10
Octubre 2026,11879420,1004,2026-10
Octubre 2026,11879419,3605,2026-10
Octubre 2026,11879418,1004,2026-10
Octubre 2026,11879416,3604,2026-10
Octubre 2026,11879415,1080,2026-10
Octubre 2026,11879414,wm-1012,2026-10
Octubre 2026,11879413,1002,2026-10
Octubre 2026,11879412,1080,2026-10
Octubre 2026,11879410,3604,2026-10
Octubre 2026,11879408,1004,2026-10
Octubre 2026,11879407,2998,2026-10
Octubre 2026,11879406,2998,2026-10
Octubre 2026,11879405,2998,2026-10
Octubre 2026,11879404,1038,2026-10
Octubre 2026,11879403,1003,2026-10
Octubre 2026,11879399,3601,2026-10
Octubre 2026,11879397,3608,2026-10
Octubre 2026,11879396,2998,2026-10
Octubre 2026,11879395,3605,2026-10
Octubre 2026,11879394,1051,2026-10
Octubre 2026,11879393,2997,2026-10
Octubre 2026,11879392,3604,2026-10
Octubre 2026,11879390,3601,2026-10
Octubre 2026,11879389,1006,2026-10
Octubre 2026,11879388,3613,2026-10
Octubre 2026,11879387,2997,2026-10
Octubre 2026,11879386,2999,2026-10
Octubre 2026,11879385,3601,2026-10
Octubre 2026,11879382,3601,2026-10
Octubre 2026,11879379,masonlineprod0102-inv-pp-1018,2026-10
Octubre 2026,11879378,2998,2026-10
Octubre 2026,11879377,3603,2026-10
Octubre 2026,11879376,2999,2026-10
Octubre 2026,11879375,2998,2026-10
Octubre 2026,11879374,2997,2026-10
Octubre 2026,11879373,1024,2026-10
Octubre 2026,11879370,2997,2026-10
Octubre 2026,11879369,2999,2026-10
Octubre 2026,11879368,2998,2026-10
Octubre 2026,11879366,1020,2026-10
Octubre 2026,11879365,3605,2026-10
Octubre 2026,11879364,2999,2026-10
Octubre 2026,11879363,3605,2026-10
Octubre 2026,11879361,2997,2026-10
Octubre 2026,11879358,3602,2026-10
Octubre 2026,11879357,2997,2026-10
Octubre 2026,11879356,3601,2026-10
Octubre 2026,11879355,1061,2026-10
Octubre 2026,11879354,3604,2026-10
Octubre 2026,11879352,1077,2026-10
Octubre 2026,11879351,2997,2026-10
Octubre 2026,11879348,3608,2026-10
Octubre 2026,11879347,2999,2026-10
Octubre 2026,11879346,1055,2026-10
Octubre 2026,11879345,3601,2026-10
Octubre 2026,11879344,2999,2026-10
Octubre 2026,11879343,3602,2026-10
Octubre 2026,11879342,3602,2026-10
Octubre 2026,11879341,3603,2026-10
Octubre 2026,11879340,2998,2026-10
Octubre 2026,11879339,1080,2026-10
Octubre 2026,11879338,1056,2026-10
Octubre 2026,11879336,1080,2026-10
Octubre 2026,11879334,1008,2026-10
Octubre 2026,11879333,1020,2026-10
Octubre 2026,11879332,2997,2026-10
Octubre 2026,11879330,3603,2026-10
Octubre 2026,11879329,2999,2026-10
Octubre 2026,11879328,2998,2026-10
Octubre 2026,11879327,1087,2026-10
Octubre 2026,11879325,3613,2026-10
Octubre 2026,11879323,3605,2026-10
Octubre 2026,11879322,1004,2026-10
Octubre 2026,11879321,1002,2026-10
Octubre 2026,11879317,1038,2026-10
Octubre 2026,11879316,1042,2026-10
Octubre 2026,11879313,3605,2026-10
Octubre 2026,11879309,2998,2026-10
Octubre 2026,11879308,2999,2026-10
Octubre 2026,11879307,2997,2026-10
Octubre 2026,11879306,2999,2026-10
Octubre 2026,11879304,3604,2026-10
Octubre 2026,11879303,1058,2026-10
Octubre 2026,11879301,3605,2026-10
Octubre 2026,11879300,1003,2026-10
Octubre 2026,11879299,3605,2026-10
Octubre 2026,11879297,2999,2026-10
Octubre 2026,11879296,3613,2026-10
Octubre 2026,11879295,3603,2026-10
Octubre 2026,11879294,2997,2026-10
Octubre 2026,11879293,1038,2026-10
Octubre 2026,11879292,1080,2026-10
Octubre 2026,11879291,2997,2026-10
Octubre 2026,11879290,1080,2026-10
Octubre 2026,11879289,3605,2026-10
Octubre 2026,11879288,1087,2026-10
Octubre 2026,11879287,1002,2026-10
Octubre 2026,11879286,1003,2026-10
Octubre 2026,11879285,3608,2026-10
Octubre 2026,11879284,3602,2026-10
Octubre 2026,11879282,3603,2026-10
Octubre 2026,11879281,3604,2026-10
Octubre 2026,11879280,2998,2026-10
Octubre 2026,11879279,1031,2026-10
Octubre 2026,11879277,1007,2026-10
Octubre 2026,11879275,2997,2026-10
Octubre 2026,11879274,3601,2026-10
Octubre 2026,11879271,2998,2026-10
Octubre 2026,11879270,1058,2026-10
Octubre 2026,11879269,3604,2026-10
Octubre 2026,11879267,3604,2026-10
Octubre 2026,11879262,1003,2026-10
Octubre 2026,11879261,2999,2026-10
Octubre 2026,11879260,2998,2026-10
Octubre 2026,11879259,1020,2026-10
Octubre 2026,11879257,RT-STS-PP-1084,2026-10
Octubre 2026,11879256,3605,2026-10
Octubre 2026,11879255,3605,2026-10
Octubre 2026,11879254,3608,2026-10
Octubre 2026,11879253,3601,2026-10
Octubre 2026,11879252,1024,2026-10
Octubre 2026,11879250,2997,2026-10
Octubre 2026,11879247,3602,2026-10
Octubre 2026,11879244,1004,2026-10
Octubre 2026,11879243,3605,2026-10
Octubre 2026,11879242,2997,2026-10
Octubre 2026,11879241,3605,2026-10
Octubre 2026,11879240,2997,2026-10
Octubre 2026,11879239,3603,2026-10
Octubre 2026,11879238,1038,2026-10
Octubre 2026,11879237,1054,2026-10
Octubre 2026,11879236,1055,2026-10
Octubre 2026,11879235,2997,2026-10
Octubre 2026,11879233,3602,2026-10
Octubre 2026,11879232,2998,2026-10
Octubre 2026,11879231,1002,2026-10
Octubre 2026,11879230,2999,2026-10
Octubre 2026,11879229,1055,2026-10
Octubre 2026,11879227,3603,2026-10
Octubre 2026,11879225,1087,2026-10
Octubre 2026,11879224,3601,2026-10
Octubre 2026,11879223,3608,2026-10
Octubre 2026,11879221,3605,2026-10
Octubre 2026,11879220,1020,2026-10
Octubre 2026,11879219,3605,2026-10
Octubre 2026,11879217,1057,2026-10
Octubre 2026,11879215,3602,2026-10
Octubre 2026,11879214,3601,2026-10
Octubre 2026,11879213,2997,2026-10
Octubre 2026,11879212,2999,2026-10
Octubre 2026,11879211,1004,2026-10
Octubre 2026,11879210,3603,2026-10
Octubre 2026,11879209,3608,2026-10
Octubre 2026,11879208,2998,2026-10
Octubre 2026,11879207,1087,2026-10
Octubre 2026,11879206,3602,2026-10
Octubre 2026,11879205,3605,2026-10
Octubre 2026,11879203,2999,2026-10
Octubre 2026,11879202,1002,2026-10
Octubre 2026,11879201,3604,2026-10
Octubre 2026,11879200,2999,2026-10
Octubre 2026,11879199,2999,2026-10
Octubre 2026,11879197,1054,2026-10
Octubre 2026,11879196,1054,2026-10
Octubre 2026,11879195,2997,2026-10
Octubre 2026,11879193,3608,2026-10
Octubre 2026,11879192,2999,2026-10
Octubre 2026,11879191,3602,2026-10
Octubre 2026,11879190,3603,2026-10
Octubre 2026,11879188,3601,2026-10
Octubre 2026,11879186,3602,2026-10
Octubre 2026,11879185,1080,2026-10
Octubre 2026,11879184,2999,2026-10
Octubre 2026,11879183,3605,2026-10
Octubre 2026,11879182,2999,2026-10
Octubre 2026,11879180,3601,2026-10
Octubre 2026,11879178,1004,2026-10
Octubre 2026,11879177,1004,2026-10
Octubre 2026,11879176,1024,2026-10
Octubre 2026,11879175,1057,2026-10
Octubre 2026,11879174,2999,2026-10
Octubre 2026,11879173,3613,2026-10
Octubre 2026,11879172,3605,2026-10
Octubre 2026,11879170,2997,2026-10
Octubre 2026,11879169,2999,2026-10
Octubre 2026,11879168,1087,2026-10
Octubre 2026,11879167,3605,2026-10
Octubre 2026,11879166,3608,2026-10
Octubre 2026,11879165,1054,2026-10
Octubre 2026,11879164,2998,2026-10
Octubre 2026,11879163,1031,2026-10
Octubre 2026,11879162,1006,2026-10
Octubre 2026,11879161,1111,2026-10
Octubre 2026,11879160,3605,2026-10
Octubre 2026,11879159,1087,2026-10
Octubre 2026,11879158,1002,2026-10
Octubre 2026,11879157,1055,2026-10
Octubre 2026,11879156,2998,2026-10
Octubre 2026,11879155,1058,2026-10
Octubre 2026,11879154,1080,2026-10
Octubre 2026,11879153,1087,2026-10
Octubre 2026,11879152,2998,2026-10
Octubre 2026,11879151,2999,2026-10
Octubre 2026,11879150,1004,2026-10
Octubre 2026,11879149,1087,2026-10
Octubre 2026,11879147,3603,2026-10
Octubre 2026,11879146,3605,2026-10
Octubre 2026,11879145,3604,2026-10
Octubre 2026,11879144,3613,2026-10
Octubre 2026,11879143,2997,2026-10
Octubre 2026,11879141,3603,2026-10
Octubre 2026,11879140,3603,2026-10
Octubre 2026,11879137,3603,2026-10
Octubre 2026,11879136,3605,2026-10
Octubre 2026,11879135,3605,2026-10
Octubre 2026,11879134,3601,2026-10
Octubre 2026,11879133,1008,2026-10
Octubre 2026,11879131,2999,2026-10
Octubre 2026,11879130,1057,2026-10
Octubre 2026,11879129,2997,2026-10
Octubre 2026,11879127,3602,2026-10
Octubre 2026,11879126,wm-1012,2026-10
Octubre 2026,11879123,3613,2026-10
Octubre 2026,11879122,3602,2026-10
Octubre 2026,11879121,3613,2026-10
Octubre 2026,11879120,2997,2026-10
Octubre 2026,11879119,3613,2026-10
Octubre 2026,11879117,1087,2026-10
Octubre 2026,11879116,3602,2026-10
Octubre 2026,11879115,3602,2026-10
Octubre 2026,11879114,3613,2026-10
Octubre 2026,11879113,3601,2026-10
Octubre 2026,11879110,2999,2026-10
Octubre 2026,11879108,3601,2026-10
Octubre 2026,11879107,1038,2026-10
Octubre 2026,11879105,1054,2026-10
Octubre 2026,11879104,1002,2026-10
Octubre 2026,11879103,3602,2026-10
Octubre 2026,11879101,1002,2026-10
Octubre 2026,11879099,1003,2026-10
Octubre 2026,11879098,2998,2026-10
Octubre 2026,11879097,1020,2026-10
Octubre 2026,11879093,3604,2026-10
Octubre 2026,11879092,3613,2026-10
Octubre 2026,11879091,3604,2026-10
Octubre 2026,11879090,3604,2026-10
Octubre 2026,11879088,1024,2026-10
Octubre 2026,11879087,2997,2026-10
Octubre 2026,11879085,3613,2026-10
Octubre 2026,11879084,3605,2026-10
Octubre 2026,11879083,3603,2026-10
Octubre 2026,11879079,3604,2026-10
Octubre 2026,11879078,3605,2026-10
Octubre 2026,11879077,3613,2026-10
Octubre 2026,11879075,3613,2026-10
Octubre 2026,11879074,2999,2026-10
Octubre 2026,11879073,1038,2026-10
Octubre 2026,11879072,2999,2026-10
Octubre 2026,11879071,2997,2026-10
Octubre 2026,11879070,2998,2026-10
Octubre 2026,11879068,3601,2026-10
Octubre 2026,11879067,2998,2026-10
Octubre 2026,11879066,2997,2026-10
Octubre 2026,11879062,2998,2026-10
Octubre 2026,11879061,3605,2026-10
Octubre 2026,11879060,3605,2026-10
Octubre 2026,11879058,1058,2026-10
Octubre 2026,11879057,3601,2026-10
Octubre 2026,11879056,2997,2026-10
Octubre 2026,11879055,1006,2026-10
Octubre 2026,11879054,1054,2026-10
Octubre 2026,11879053,2997,2026-10
Octubre 2026,11879052,1054,2026-10
Octubre 2026,11879051,1003,2026-10
Octubre 2026,11879050,3605,2026-10
Octubre 2026,11879048,1054,2026-10
Octubre 2026,11879047,2997,2026-10
Octubre 2026,11879046,3605,2026-10
Octubre 2026,11879044,2997,2026-10
Octubre 2026,11879042,1008,2026-10
Octubre 2026,11879041,1004,2026-10
Octubre 2026,11879040,3605,2026-10
Octubre 2026,11879039,3613,2026-10
Octubre 2026,11879037,3601,2026-10
Octubre 2026,11879036,3601,2026-10
Octubre 2026,11879035,3602,2026-10
Octubre 2026,11879034,3605,2026-10
Octubre 2026,11879033,3601,2026-10
Octubre 2026,11879032,2998,2026-10
Octubre 2026,11879031,2997,2026-10
Octubre 2026,11879030,3605,2026-10
Octubre 2026,11879029,1115,2026-10
Octubre 2026,11879028,1087,2026-10
Octubre 2026,11879023,2997,2026-10
Octubre 2026,11879022,3604,2026-10
Octubre 2026,11879020,1115,2026-10
Octubre 2026,11879019,3608,2026-10
Octubre 2026,11879018,3603,2026-10
Octubre 2026,11879012,2999,2026-10
Octubre 2026,11879009,1024,2026-10
Octubre 2026,11879006,3601,2026-10
Octubre 2026,11879005,3601,2026-10
Octubre 2026,11879004,1087,2026-10
Octubre 2026,11879002,3601,2026-10
Octubre 2026,11879001,1003,2026-10
Octubre 2026,11879000,1004,2026-10
Octubre 2026,11878999,2997,2026-10
Octubre 2026,11878996,3601,2026-10
Octubre 2026,11878993,2999,2026-10
Octubre 2026,11878990,3613,2026-10
Octubre 2026,11878988,masonlineprod0102-inv-pp-1018,2026-10
Octubre 2026,11878987,3605,2026-10
Octubre 2026,11878986,2997,2026-10
Octubre 2026,11878985,1007,2026-10
Octubre 2026,11878984,1004,2026-10
Octubre 2026,11878982,RTPU-FULLGM-S2S-1039,2026-10
Octubre 2026,11878981,1054,2026-10
Octubre 2026,11878979,3605,2026-10
Octubre 2026,11878978,1020,2026-10
Octubre 2026,11878975,2997,2026-10
Octubre 2026,11878973,1002,2026-10
Octubre 2026,11878972,1054,2026-10
Octubre 2026,11878971,2998,2026-10
Octubre 2026,11878970,3601,2026-10
Octubre 2026,11878969,1024,2026-10
Octubre 2026,11878968,2997,2026-10
Octubre 2026,11878967,2997,2026-10
Octubre 2026,11878962,1020,2026-10
Octubre 2026,11878961,3601,2026-10
Octubre 2026,11878958,1004,2026-10
Octubre 2026,11878957,2998,2026-10
Octubre 2026,11878956,2997,2026-10
Octubre 2026,11878955,1002,2026-10
Octubre 2026,11878954,1024,2026-10
Octubre 2026,11878953,1004,2026-10
Octubre 2026,11878951,3604,2026-10
Octubre 2026,11878950,1008,2026-10
Octubre 2026,11878948,2997,2026-10
Octubre 2026,11878947,3602,2026-10
Octubre 2026,11878946,1054,2026-10
Octubre 2026,11878945,1067,2026-10
Octubre 2026,11878944,1002,2026-10
Octubre 2026,11878943,3605,2026-10
Octubre 2026,11878942,1058,2026-10
Octubre 2026,11878941,2997,2026-10
Octubre 2026,11878940,2997,2026-10
Octubre 2026,11878939,1002,2026-10
Octubre 2026,11878937,3602,2026-10
Octubre 2026,11878936,1006,2026-10
Octubre 2026,11878935,2997,2026-10
Octubre 2026,11878934,1004,2026-10
Octubre 2026,11878933,2997,2026-10
Octubre 2026,11878931,3605,2026-10
Octubre 2026,11878930,1004,2026-10
Octubre 2026,11878929,1108,2026-10
Octubre 2026,11878927,1060,2026-10
Octubre 2026,11878926,3613,2026-10
Octubre 2026,11878925,2997,2026-10
Octubre 2026,11878924,1057,2026-10
Octubre 2026,11878923,2999,2026-10
Octubre 2026,11878922,wm-1012,2026-10
Octubre 2026,11878921,1038,2026-10
Octubre 2026,11878920,1020,2026-10
Octubre 2026,11878919,1033,2026-10
Octubre 2026,11878917,3601,2026-10
Octubre 2026,11878916,3604,2026-10
Octubre 2026,11878913,3613,2026-10
Octubre 2026,11878912,3602,2026-10
Octubre 2026,11878911,3601,2026-10
Octubre 2026,11878910,1038,2026-10
Octubre 2026,11878909,3601,2026-10
Octubre 2026,11878908,1058,2026-10
Octubre 2026,11878907,2997,2026-10
Octubre 2026,11878905,1051,2026-10
Octubre 2026,11878903,2998,2026-10
Octubre 2026,11878902,3613,2026-10
Octubre 2026,11878901,3601,2026-10
Octubre 2026,11878899,1098,2026-10
Octubre 2026,11878897,1061,2026-10
Octubre 2026,11878896,2998,2026-10
Octubre 2026,11878893,1002,2026-10
Octubre 2026,11878892,2998,2026-10
Octubre 2026,11878891,3601,2026-10
Octubre 2026,11878890,1054,2026-10
Octubre 2026,11878889,1058,2026-10
Octubre 2026,11878887,1087,2026-10
Octubre 2026,11878886,1006,2026-10
Octubre 2026,11878885,2997,2026-10
Octubre 2026,11878884,1006,2026-10
Octubre 2026,11878883,3604,2026-10
Octubre 2026,11878882,3613,2026-10
Octubre 2026,11878880,2997,2026-10
Octubre 2026,11878879,1054,2026-10
Octubre 2026,11878877,2998,2026-10
Octubre 2026,11878876,3601,2026-10
Octubre 2026,11878875,2998,2026-10
Octubre 2026,11878874,3602,2026-10
Octubre 2026,11878873,1024,2026-10
Octubre 2026,11878871,2998,2026-10
Octubre 2026,11878870,3605,2026-10
Octubre 2026,11878868,3605,2026-10
Octubre 2026,11878867,3604,2026-10
Octubre 2026,11878866,3605,2026-10
Octubre 2026,11878865,3603,2026-10
Octubre 2026,11878864,3602,2026-10
Octubre 2026,11878863,3603,2026-10
Octubre 2026,11878859,3605,2026-10
Octubre 2026,11878858,2997,2026-10
Octubre 2026,11878857,3601,2026-10
Octubre 2026,11878856,1008,2026-10
Octubre 2026,11878855,2998,2026-10
Octubre 2026,11878854,2997,2026-10
Octubre 2026,11878853,3602,2026-10
Octubre 2026,11878850,1054,2026-10
Octubre 2026,11878849,1003,2026-10
Octubre 2026,11878848,3603,2026-10
Octubre 2026,11878847,2998,2026-10
Octubre 2026,11878846,3613,2026-10
Octubre 2026,11878845,2999,2026-10
Octubre 2026,11878844,3605,2026-10
Octubre 2026,11878843,1057,2026-10
Octubre 2026,11878842,2997,2026-10
Octubre 2026,11878839,1087,2026-10
Octubre 2026,11878838,1020,2026-10
Octubre 2026,11878836,2997,2026-10
Octubre 2026,11878835,2999,2026-10
Octubre 2026,11878834,3603,2026-10
Octubre 2026,11878833,1080,2026-10
Octubre 2026,11878832,2999,2026-10
Octubre 2026,11878831,1058,2026-10
Octubre 2026,11878830,1058,2026-10
Octubre 2026,11878829,1024,2026-10
Octubre 2026,11878828,3601,2026-10
Octubre 2026,11878827,2997,2026-10
Octubre 2026,11878826,3601,2026-10
Octubre 2026,11878825,3613,2026-10
Octubre 2026,11878824,3601,2026-10
Octubre 2026,11878823,3601,2026-10
Octubre 2026,11878822,2997,2026-10
Octubre 2026,11878821,3613,2026-10
Octubre 2026,11878820,1054,2026-10
Octubre 2026,11878818,3605,2026-10
Octubre 2026,11878816,3605,2026-10
Octubre 2026,11878815,2997,2026-10
Octubre 2026,11878814,3601,2026-10
Octubre 2026,11878813,3613,2026-10
Octubre 2026,11878811,3601,2026-10
Octubre 2026,11878810,1058,2026-10
Octubre 2026,11878809,3613,2026-10
Octubre 2026,11878808,3613,2026-10
Octubre 2026,11878807,3613,2026-10
Octubre 2026,11878806,3605,2026-10
Octubre 2026,11878805,2997,2026-10
Octubre 2026,11878803,3601,2026-10
Octubre 2026,11878802,3613,2026-10
Octubre 2026,11878800,2998,2026-10
Octubre 2026,11878799,1087,2026-10
Octubre 2026,11878798,3613,2026-10
Octubre 2026,11878797,3605,2026-10
Octubre 2026,11878795,3605,2026-10
Octubre 2026,11878792,2998,2026-10
Octubre 2026,11878791,2999,2026-10
Octubre 2026,11878790,3605,2026-10
Octubre 2026,11878789,1054,2026-10
Octubre 2026,11878787,3605,2026-10
Octubre 2026,11878786,3608,2026-10
Octubre 2026,11878785,1087,2026-10
Octubre 2026,11878782,3605,2026-10
Octubre 2026,11878781,3604,2026-10
Octubre 2026,11878780,2997,2026-10
Octubre 2026,11878779,2998,2026-10
Octubre 2026,11878776,1054,2026-10
Octubre 2026,11878775,1006,2026-10
Octubre 2026,11878772,2999,2026-10
Octubre 2026,11878770,3601,2026-10
Octubre 2026,11878768,3604,2026-10
Octubre 2026,11878767,1087,2026-10
Octubre 2026,11878766,2999,2026-10
Octubre 2026,11878765,3601,2026-10
Octubre 2026,11878764,2997,2026-10
Octubre 2026,11878761,1006,2026-10
Octubre 2026,11878760,1058,2026-10
Octubre 2026,11878759,1058,2026-10
Octubre 2026,11878758,3601,2026-10
Octubre 2026,11878756,3603,2026-10
Octubre 2026,11878752,3613,2026-10
Octubre 2026,11878749,3603,2026-10
Octubre 2026,11878748,2999,2026-10
Octubre 2026,11878747,1002,2026-10
Octubre 2026,11878746,3613,2026-10
Octubre 2026,11878743,1006,2026-10
Octubre 2026,11878742,wm-1012,2026-10
Octubre 2026,11878741,1020,2026-10
Octubre 2026,11878737,3601,2026-10
Octubre 2026,11878736,3605,2026-10
Octubre 2026,11878735,1020,2026-10
Octubre 2026,11878734,1087,2026-10
Octubre 2026,11878733,2999,2026-10
Octubre 2026,11878732,1087,2026-10
Octubre 2026,11878731,1020,2026-10
Octubre 2026,11878730,2997,2026-10
Octubre 2026,11878729,1002,2026-10
Octubre 2026,11878728,1054,2026-10
Octubre 2026,11878727,1057,2026-10
Octubre 2026,11878726,2998,2026-10
Octubre 2026,11878725,1054,2026-10
Octubre 2026,11878723,3603,2026-10
Octubre 2026,11878721,3601,2026-10
Octubre 2026,11878720,3603,2026-10
Octubre 2026,11878719,2997,2026-10
Octubre 2026,11878718,3605,2026-10
Octubre 2026,11878716,1054,2026-10
Octubre 2026,11878715,1054,2026-10
Octubre 2026,11878714,2999,2026-10
Octubre 2026,11878713,3603,2026-10
Octubre 2026,11878708,1024,2026-10
Octubre 2026,11878707,1024,2026-10
Octubre 2026,11878706,3604,2026-10
Octubre 2026,11878704,1087,2026-10
Octubre 2026,11878702,3613,2026-10
Octubre 2026,11878700,1031,2026-10
Octubre 2026,11878699,3603,2026-10
Octubre 2026,11878698,2997,2026-10
Octubre 2026,11878697,2999,2026-10
Octubre 2026,11878696,1006,2026-10
Octubre 2026,11878695,1057,2026-10
Octubre 2026,11878694,3603,2026-10
Octubre 2026,11878691,1024,2026-10
Octubre 2026,11878689,2998,2026-10
Octubre 2026,11878687,1004,2026-10
Octubre 2026,11878686,2998,2026-10
Octubre 2026,11878685,1054,2026-10
Octubre 2026,11878682,3603,2026-10
Octubre 2026,11878681,1068,2026-10
Octubre 2026,11878680,2999,2026-10
Octubre 2026,11878679,1008,2026-10
Octubre 2026,11878678,1024,2026-10
Octubre 2026,11878677,2998,2026-10
Octubre 2026,11878676,2997,2026-10
Octubre 2026,11878674,2997,2026-10
Octubre 2026,11878673,2997,2026-10
Octubre 2026,11878670,3604,2026-10
Octubre 2026,11878666,1054,2026-10
Octubre 2026,11878665,1006,2026-10
Octubre 2026,11878664,3602,2026-10
Octubre 2026,11878663,2997,2026-10
Octubre 2026,11878662,3604,2026-10
Octubre 2026,11878660,1057,2026-10
Octubre 2026,11878659,2997,2026-10
Octubre 2026,11878658,1024,2026-10
Octubre 2026,11878657,1054,2026-10
Octubre 2026,11878655,2997,2026-10
Octubre 2026,11878654,2997,2026-10
Octubre 2026,11878653,1087,2026-10
Octubre 2026,11878649,3604,2026-10
Octubre 2026,11878648,2997,2026-10
Octubre 2026,11878645,2998,2026-10
Octubre 2026,11878644,3602,2026-10
Octubre 2026,11878642,2999,2026-10
Octubre 2026,11878641,1002,2026-10
Octubre 2026,11878640,1087,2026-10
Octubre 2026,11878639,1004,2026-10
Octubre 2026,11878638,2999,2026-10
Octubre 2026,11878637,2997,2026-10
Octubre 2026,11878636,3613,2026-10
Octubre 2026,11878634,1006,2026-10
Octubre 2026,11878633,3608,2026-10
Octubre 2026,11878632,2998,2026-10
Octubre 2026,11878631,3605,2026-10
Octubre 2026,11878630,3601,2026-10
Octubre 2026,11878629,3604,2026-10
Octubre 2026,11878628,3602,2026-10
Octubre 2026,11878625,1024,2026-10
Octubre 2026,11878621,2999,2026-10
Octubre 2026,11878620,1087,2026-10
Octubre 2026,11878618,2997,2026-10
Octubre 2026,11878617,1108,2026-10
Octubre 2026,11878616,1067,2026-10
Octubre 2026,11878615,2998,2026-10
Octubre 2026,11878613,2997,2026-10
Octubre 2026,11878610,3613,2026-10
Octubre 2026,11878609,1054,2026-10
Octubre 2026,11878607,2998,2026-10
Octubre 2026,11878606,2998,2026-10
Octubre 2026,11878605,1003,2026-10
Octubre 2026,11878603,1087,2026-10
Octubre 2026,11878602,2997,2026-10
Octubre 2026,11878601,1008,2026-10
Octubre 2026,11878600,1020,2026-10
Octubre 2026,11878599,3601,2026-10
Octubre 2026,11878598,1087,2026-10
Octubre 2026,11878597,3613,2026-10
Octubre 2026,11878596,3603,2026-10
Octubre 2026,11878595,2998,2026-10
Octubre 2026,11878594,3603,2026-10
Octubre 2026,11878593,2999,2026-10
Octubre 2026,11878592,2997,2026-10
Octubre 2026,11878591,2999,2026-10
Octubre 2026,11878590,2997,2026-10
Octubre 2026,11878588,2998,2026-10
Octubre 2026,11878586,3603,2026-10
Octubre 2026,11878584,3603,2026-10
Octubre 2026,11878583,3601,2026-10
Octubre 2026,11878582,1008,2026-10
Octubre 2026,11878580,1108,2026-10
Octubre 2026,11878579,2999,2026-10
Octubre 2026,11878578,3613,2026-10
Octubre 2026,11878577,1080,2026-10
Octubre 2026,11878576,3613,2026-10
Octubre 2026,11878574,3604,2026-10
Octubre 2026,11878573,2997,2026-10
Octubre 2026,11878571,2997,2026-10
Octubre 2026,11878570,3603,2026-10
Octubre 2026,11878568,2999,2026-10
Octubre 2026,11878567,3601,2026-10
Octubre 2026,11878565,3603,2026-10
Octubre 2026,11878564,2999,2026-10
Octubre 2026,11878561,1003,2026-10
Octubre 2026,11878560,1038,2026-10
Octubre 2026,11878559,3604,2026-10
Octubre 2026,11878558,1024,2026-10
Octubre 2026,11878557,3602,2026-10
Octubre 2026,11878556,2998,2026-10
Octubre 2026,11878555,2997,2026-10
Octubre 2026,11878552,1057,2026-10
Octubre 2026,11878551,2997,2026-10
Octubre 2026,11878549,3602,2026-10
Octubre 2026,11878548,3601,2026-10
Octubre 2026,11878545,1024,2026-10
Octubre 2026,11878544,2997,2026-10
Octubre 2026,11878543,3605,2026-10
Octubre 2026,11878540,3613,2026-10
Octubre 2026,11878539,3603,2026-10
Octubre 2026,11878538,1067,2026-10
Octubre 2026,11878537,2997,2026-10
Octubre 2026,11878536,2997,2026-10
Octubre 2026,11878535,2998,2026-10
Octubre 2026,11878534,3603,2026-10
Octubre 2026,11878532,3603,2026-10
Octubre 2026,11878531,2998,2026-10
Octubre 2026,11878530,3603,2026-10
Octubre 2026,11878529,1058,2026-10
Octubre 2026,11878528,3602,2026-10
Octubre 2026,11878525,1003,2026-10
Octubre 2026,11878524,3613,2026-10
Octubre 2026,11878523,3613,2026-10
Octubre 2026,11878521,1038,2026-10
Octubre 2026,11878519,3601,2026-10
Octubre 2026,11878518,3605,2026-10
Octubre 2026,11878517,3602,2026-10
Octubre 2026,11878516,1087,2026-10
Octubre 2026,11878515,1003,2026-10
Octubre 2026,11878514,2997,2026-10
Octubre 2026,11878513,3601,2026-10
Octubre 2026,11878512,2997,2026-10
Octubre 2026,11878511,3601,2026-10
Octubre 2026,11878510,3602,2026-10
Octubre 2026,11878509,3603,2026-10
Octubre 2026,11878507,2997,2026-10
Octubre 2026,11878506,1003,2026-10
Octubre 2026,11878505,3605,2026-10
Octubre 2026,11878503,2998,2026-10
Octubre 2026,11878502,1054,2026-10
Octubre 2026,11878501,2999,2026-10
Octubre 2026,11878500,2997,2026-10
Octubre 2026,11878499,1011,2026-10
Octubre 2026,11878498,2997,2026-10
Octubre 2026,11878497,2997,2026-10
Octubre 2026,11878496,2997,2026-10
Octubre 2026,11878495,1003,2026-10
Octubre 2026,11878494,masonlineprod0102-inv-pp-1018,2026-10
Octubre 2026,11878493,2998,2026-10
Octubre 2026,11878492,2998,2026-10
Octubre 2026,11878491,1004,2026-10
Octubre 2026,11878490,3602,2026-10
Octubre 2026,11878489,2997,2026-10
Octubre 2026,11878488,1108,2026-10
Octubre 2026,11878487,3613,2026-10
Octubre 2026,11878485,3613,2026-10
Octubre 2026,11878483,2998,2026-10
Octubre 2026,11878482,wm-1012,2026-10
Octubre 2026,11878481,1087,2026-10
Octubre 2026,11878480,3613,2026-10
Octubre 2026,11878478,1003,2026-10
Octubre 2026,11878477,1056,2026-10
Octubre 2026,11878475,2998,2026-10
Octubre 2026,11878473,3602,2026-10
Octubre 2026,11878471,2998,2026-10
Octubre 2026,11878470,2997,2026-10
Octubre 2026,11878469,3605,2026-10
Octubre 2026,11878468,3603,2026-10
Octubre 2026,11878467,3605,2026-10
Octubre 2026,11878466,3613,2026-10
Octubre 2026,11878465,3602,2026-10
Octubre 2026,11878464,1006,2026-10
Octubre 2026,11878463,3601,2026-10
Octubre 2026,11878462,2998,2026-10
Octubre 2026,11878459,2997,2026-10
Octubre 2026,11878458,2997,2026-10
Octubre 2026,11878457,2998,2026-10
Octubre 2026,11878456,3601,2026-10
Octubre 2026,11878455,1051,2026-10
Octubre 2026,11878453,3601,2026-10
Octubre 2026,11878452,3603,2026-10
Octubre 2026,11878451,2997,2026-10
Octubre 2026,11878450,1002,2026-10
Octubre 2026,11878449,2997,2026-10
Octubre 2026,11878448,1038,2026-10
Octubre 2026,11878447,2998,2026-10
Octubre 2026,11878446,3601,2026-10
Octubre 2026,11878445,2998,2026-10
Octubre 2026,11878442,1054,2026-10
Octubre 2026,11878441,2998,2026-10
Octubre 2026,11878440,2997,2026-10
Octubre 2026,11878438,2998,2026-10
Octubre 2026,11878437,1057,2026-10
Octubre 2026,11878436,3603,2026-10
Octubre 2026,11878435,2997,2026-10
Octubre 2026,11878434,2997,2026-10
Octubre 2026,11878433,3603,2026-10
Octubre 2026,11878432,3601,2026-10
Octubre 2026,11878431,2997,2026-10
Octubre 2026,11878430,2999,2026-10
Octubre 2026,11878429,3601,2026-10
Octubre 2026,11878428,1004,2026-10
Octubre 2026,11878427,2997,2026-10
Octubre 2026,11878425,3604,2026-10
Octubre 2026,11878422,3603,2026-10
Octubre 2026,11878421,2999,2026-10
Octubre 2026,11878420,3601,2026-10
Octubre 2026,11878419,1038,2026-10
Octubre 2026,11878418,2999,2026-10
Octubre 2026,11878417,1024,2026-10
Octubre 2026,11878416,3601,2026-10
Octubre 2026,11878415,1002,2026-10
Octubre 2026,11878414,1002,2026-10
Octubre 2026,11878412,3601,2026-10
Octubre 2026,11878408,3605,2026-10
Octubre 2026,11878406,3601,2026-10
Octubre 2026,11878405,3601,2026-10
Octubre 2026,11878404,3605,2026-10
Octubre 2026,11878403,3603,2026-10
Octubre 2026,11878402,3613,2026-10
Octubre 2026,11878401,3605,2026-10
Octubre 2026,11878400,2997,2026-10
Octubre 2026,11878398,1038,2026-10
Octubre 2026,11878397,1067,2026-10
Octubre 2026,11878396,2997,2026-10
Octubre 2026,11878395,2997,2026-10
Octubre 2026,11878394,1003,2026-10
Octubre 2026,11878393,3605,2026-10
Octubre 2026,11878392,2997,2026-10
Octubre 2026,11878390,2998,2026-10
Octubre 2026,11878389,3605,2026-10
Octubre 2026,11878388,2997,2026-10
Octubre 2026,11878387,2999,2026-10
Octubre 2026,11878385,1003,2026-10
Octubre 2026,11878384,1004,2026-10
Octubre 2026,11878383,3613,2026-10
Octubre 2026,11878381,3605,2026-10
Octubre 2026,11878380,3601,2026-10
Octubre 2026,11878379,3601,2026-10
Octubre 2026,11878378,2997,2026-10
Octubre 2026,11878377,3613,2026-10
Octubre 2026,11878376,1054,2026-10
Octubre 2026,11878375,1057,2026-10
Octubre 2026,11878374,3604,2026-10
Octubre 2026,11878373,3601,2026-10
Octubre 2026,11878372,2999,2026-10
Octubre 2026,11878371,1020,2026-10
Octubre 2026,11878370,3601,2026-10
Octubre 2026,11878369,2998,2026-10
Octubre 2026,11878368,3605,2026-10
Octubre 2026,11878367,3601,2026-10
Octubre 2026,11878366,3605,2026-10
Octubre 2026,11878364,1002,2026-10
Octubre 2026,11878363,3603,2026-10
Octubre 2026,11878361,2998,2026-10
Octubre 2026,11878360,1008,2026-10
Octubre 2026,11878359,3613,2026-10
Octubre 2026,11878357,1087,2026-10
Octubre 2026,11878356,2998,2026-10
Octubre 2026,11878355,2997,2026-10
Octubre 2026,11878354,3601,2026-10
Octubre 2026,11878353,2998,2026-10
Octubre 2026,11878352,1006,2026-10
Octubre 2026,11878351,2998,2026-10
Octubre 2026,11878349,1087,2026-10
Octubre 2026,11878348,3603,2026-10
Octubre 2026,11878347,3603,2026-10
Octubre 2026,11878346,1057,2026-10
Octubre 2026,11878345,2997,2026-10
Octubre 2026,11878344,2999,2026-10
Octubre 2026,11878342,3604,2026-10
Octubre 2026,11878341,3601,2026-10
Octubre 2026,11878340,3603,2026-10
Octubre 2026,11878338,1057,2026-10
Octubre 2026,11878337,3605,2026-10
Octubre 2026,11878336,3603,2026-10
Octubre 2026,11878334,2997,2026-10
Octubre 2026,11878332,2997,2026-10
Octubre 2026,11878331,1003,2026-10
Octubre 2026,11878330,3601,2026-10
Octubre 2026,11878329,1011,2026-10
Octubre 2026,11878328,3602,2026-10
Octubre 2026,11878327,3603,2026-10
Octubre 2026,11878325,3605,2026-10
Octubre 2026,11878324,2999,2026-10
Octubre 2026,11878323,3601,2026-10
Octubre 2026,11878322,2997,2026-10
Octubre 2026,11878321,3603,2026-10
Octubre 2026,11878320,1002,2026-10
Octubre 2026,11878319,2999,2026-10
Octubre 2026,11878318,1011,2026-10
Octubre 2026,11878317,2997,2026-10
Octubre 2026,11878316,3603,2026-10
Octubre 2026,11878315,1020,2026-10
Octubre 2026,11878314,2998,2026-10
Octubre 2026,11878313,2998,2026-10
Octubre 2026,11878312,3603,2026-10
Octubre 2026,11878311,1058,2026-10
Octubre 2026,11878309,1002,2026-10
Octubre 2026,11878308,1087,2026-10
Octubre 2026,11878307,1087,2026-10
Octubre 2026,11878306,3613,2026-10
Octubre 2026,11878305,3603,2026-10
Octubre 2026,11878304,1024,2026-10
Octubre 2026,11878303,2999,2026-10
Octubre 2026,11878302,1061,2026-10
Octubre 2026,11878301,2999,2026-10
Octubre 2026,11878300,1080,2026-10
Octubre 2026,11878299,1087,2026-10
Octubre 2026,11878298,1004,2026-10
Octubre 2026,11878297,1080,2026-10
Octubre 2026,11878296,2999,2026-10
Octubre 2026,11878295,1002,2026-10
Octubre 2026,11878294,1024,2026-10
Octubre 2026,11878293,2997,2026-10
Octubre 2026,11878290,3603,2026-10
Octubre 2026,11878289,3613,2026-10
Octubre 2026,11878288,1038,2026-10
Octubre 2026,11878286,1087,2026-10
Octubre 2026,11878282,3608,2026-10
Octubre 2026,11878280,3603,2026-10
Octubre 2026,11878279,3601,2026-10
Octubre 2026,11878278,2997,2026-10
Octubre 2026,11878277,3605,2026-10
Octubre 2026,11878276,1057,2026-10
Octubre 2026,11878275,2999,2026-10
Octubre 2026,11878273,2997,2026-10
Octubre 2026,11878272,3602,2026-10
Octubre 2026,11878271,3605,2026-10
Octubre 2026,11878270,3605,2026-10
Octubre 2026,11878269,1004,2026-10
Octubre 2026,11878267,1058,2026-10
Octubre 2026,11878265,1003,2026-10
Octubre 2026,11878262,2998,2026-10
Octubre 2026,11878260,3605,2026-10
Octubre 2026,11878259,1087,2026-10
Octubre 2026,11878258,2997,2026-10
Octubre 2026,11878257,2997,2026-10
Octubre 2026,11878254,3613,2026-10
Octubre 2026,11878253,2997,2026-10
Octubre 2026,11878252,2997,2026-10
Octubre 2026,11878250,3605,2026-10
Octubre 2026,11878249,3604,2026-10
Octubre 2026,11878248,1002,2026-10
Octubre 2026,11878247,1054,2026-10
Octubre 2026,11878246,2997,2026-10
Octubre 2026,11878245,1004,2026-10
Octubre 2026,11878244,2999,2026-10
Octubre 2026,11878243,1002,2026-10
Octubre 2026,11878242,3603,2026-10
Octubre 2026,11878241,3604,2026-10
Octubre 2026,11878240,3613,2026-10
Octubre 2026,11878239,1024,2026-10
Octubre 2026,11878237,2997,2026-10
Octubre 2026,11878236,3603,2026-10
Octubre 2026,11878235,1004,2026-10
Octubre 2026,11878234,3602,2026-10
Octubre 2026,11878233,1055,2026-10
Octubre 2026,11878232,3602,2026-10
Octubre 2026,11878230,3605,2026-10
Octubre 2026,11878229,1004,2026-10
Octubre 2026,11878228,1003,2026-10
Octubre 2026,11878226,2998,2026-10
Octubre 2026,11878225,3602,2026-10
Octubre 2026,11878224,3602,2026-10
Octubre 2026,11878223,3602,2026-10
Octubre 2026,11878222,1011,2026-10
Octubre 2026,11878221,2998,2026-10
Octubre 2026,11878220,3601,2026-10
Octubre 2026,11878219,2998,2026-10
Octubre 2026,11878217,2997,2026-10
Octubre 2026,11878216,2999,2026-10
Octubre 2026,11878215,3608,2026-10
Octubre 2026,11878214,3601,2026-10
Octubre 2026,11878213,3608,2026-10
Octubre 2026,11878212,3601,2026-10
Octubre 2026,11878211,3601,2026-10
Octubre 2026,11878210,1087,2026-10
Octubre 2026,11878209,3601,2026-10
Octubre 2026,11878207,3604,2026-10
Octubre 2026,11878205,2997,2026-10
Octubre 2026,11878204,3605,2026-10
Octubre 2026,11878201,1058,2026-10
Octubre 2026,11878198,1007,2026-10
Octubre 2026,11878196,1087,2026-10
Octubre 2026,11878195,3603,2026-10
Octubre 2026,11878194,1002,2026-10
Octubre 2026,11878190,2998,2026-10
Octubre 2026,11878188,1115,2026-10
Octubre 2026,11878183,3605,2026-10
Octubre 2026,11878182,2998,2026-10
Octubre 2026,11878181,1003,2026-10
Octubre 2026,11878180,1020,2026-10
Octubre 2026,11878179,1055,2026-10
Octubre 2026,11878178,3601,2026-10
Octubre 2026,11878177,2998,2026-10
Octubre 2026,11878174,2999,2026-10
Octubre 2026,11878170,3604,2026-10
Octubre 2026,11878169,wm-1012,2026-10
Octubre 2026,11878168,3602,2026-10
Octubre 2026,11878167,2998,2026-10
Octubre 2026,11878166,2997,2026-10
Octubre 2026,11878165,1080,2026-10
Octubre 2026,11878164,2997,2026-10
Octubre 2026,11878163,1057,2026-10
Octubre 2026,11878162,2999,2026-10
Octubre 2026,11878161,1024,2026-10
Octubre 2026,11878160,1080,2026-10
Octubre 2026,11878158,1080,2026-10
Octubre 2026,11878157,1006,2026-10
Octubre 2026,11878156,3602,2026-10
Octubre 2026,11878155,2997,2026-10
Octubre 2026,11878154,3603,2026-10
Octubre 2026,11878153,1006,2026-10
Octubre 2026,11878152,1006,2026-10
Octubre 2026,11878151,3602,2026-10
Octubre 2026,11878150,1003,2026-10
Octubre 2026,11878149,3608,2026-10
Octubre 2026,11878147,2998,2026-10
Octubre 2026,11878146,3608,2026-10
Octubre 2026,11878145,3613,2026-10
Octubre 2026,11878144,1020,2026-10
Octubre 2026,11878143,1006,2026-10
Octubre 2026,11878142,2999,2026-10
Octubre 2026,11878141,3608,2026-10
Octubre 2026,11878140,3613,2026-10
Octubre 2026,11878139,1080,2026-10
Octubre 2026,11878138,3613,2026-10
Octubre 2026,11878136,2998,2026-10
Octubre 2026,11878135,3603,2026-10
Octubre 2026,11878134,2997,2026-10
Octubre 2026,11878132,3601,2026-10
Octubre 2026,11878131,1020,2026-10
Octubre 2026,11878130,2999,2026-10
Octubre 2026,11878129,3602,2026-10
Octubre 2026,11878127,3605,2026-10
Octubre 2026,11878126,3605,2026-10
Octubre 2026,11878123,3613,2026-10
Octubre 2026,11878122,3613,2026-10
Octubre 2026,11878120,2999,2026-10
Octubre 2026,11878119,1004,2026-10
Octubre 2026,11878118,3601,2026-10
Octubre 2026,11878117,3605,2026-10
Octubre 2026,11878115,2998,2026-10
Octubre 2026,11878112,2998,2026-10
Octubre 2026,11878111,3602,2026-10
Octubre 2026,11878110,2999,2026-10
Octubre 2026,11878109,3603,2026-10
Octubre 2026,11878108,1011,2026-10
Octubre 2026,11878107,3602,2026-10
Octubre 2026,11878106,3601,2026-10
Octubre 2026,11878105,2999,2026-10
Octubre 2026,11878104,3603,2026-10
Octubre 2026,11878102,1058,2026-10
Octubre 2026,11878101,3613,2026-10
Octubre 2026,11878098,2997,2026-10
Octubre 2026,11878097,1055,2026-10
Octubre 2026,11878096,2997,2026-10
Octubre 2026,11878095,1020,2026-10
Octubre 2026,11878094,3603,2026-10
Octubre 2026,11878093,1058,2026-10
Octubre 2026,11878092,2997,2026-10
Octubre 2026,11878090,1024,2026-10
Octubre 2026,11878089,3601,2026-10
Octubre 2026,11878088,2997,2026-10
Octubre 2026,11878087,2998,2026-10
Octubre 2026,11878084,3602,2026-10
Octubre 2026,11878082,2999,2026-10
Octubre 2026,11878081,1054,2026-10
Octubre 2026,11878080,1024,2026-10
Octubre 2026,11878079,1003,2026-10
Octubre 2026,11878078,2998,2026-10
Octubre 2026,11878077,2997,2026-10
Octubre 2026,11878076,1057,2026-10
Octubre 2026,11878074,1003,2026-10
