date,Tienda,Nombre,company_tax,ecommerce_tax,orders,units
2025-10-01,1002,Rio IV,71574257.34,3147835.45,33.0,964.521
2025-10-01,1003,San Luis,84618750.09,1099756.24,18.0,344.0
2025-10-01,1004,San Fernando,74357000.18,7757714.49,55.0,1412.812
2025-10-01,1005,Las Heras,59075244.86,0.0,0.0,0.0
2025-10-01,1006,San Juan,62228054.35,1718141.01,24.0,747.929
2025-10-01,1007,La Rioja,110615714.98,0.0,0.0,0.0
2025-10-01,1008,Corrientes,64801453.83,2122521.51,22.0,498.207
2025-10-01,1010,Córdoba Sur,46149770.31,1573998.31,2.0,2.0
2025-10-01,1011,Salta,48272940.23,533353.58,12.0,263.664
2025-10-01,1012,Santiago,64851661.74,0.0,0.0,0.0
2025-10-01,1013,Tigre,47736030.79,0.0,0.0,0.0
2025-10-01,1014,Lujan,36913879.84,150087.43,4.0,95.0
2025-10-01,1015,Maipú,49670618.44,0.0,0.0,0.0
2025-10-01,1016,Avellaneda 2,53611836.73,0.0,0.0,0.0
2025-10-01,1017,La Tablada,46125585.6,0.0,0.0,0.0
2025-10-01,1018,Quilmes,120672156.76,0.0,0.0,0.0
2025-10-01,1020,Tucumán,59912947.28,7964724.11,49.0,1036.875
2025-10-01,1021,Neuquén 2,63639982.7,0.0,0.0,0.0
2025-10-01,1022,Bariloche,47508215.83,0.0,0.0,0.0
2025-10-01,1023,La Pampa,58064770.4,0.0,0.0,0.0
2025-10-01,1024,Formosa,100903804.85,4388465.92,83.0,2174.575
2025-10-01,1026,Catamarca,65450119.94,3592029.34,8.0,7.0
2025-10-01,1027,Mataderos,13798577.41,0.0,0.0,0.0
2025-10-01,1028,Alte Brown,39403959.51,0.0,0.0,0.0
2025-10-01,1029,Moreno,30911251.06,544798.0,2.0,2.0
2025-10-01,1030,José C Paz,13637448.2,0.0,0.0,0.0
2025-10-01,1031,Jujuy,61810915.8,810500.45,16.0,355.945
2025-10-01,1032,Malvinas Arg,42950460.25,0.0,0.0,0.0
2025-10-01,1033,Rio Salí,40242548.3,2483985.16,4.0,4.0
2025-10-01,1035,3 de Febrero,24601391.85,369395.24,7.0,201.956
2025-10-01,1036,Moreno Shopping,13924666.3,0.0,0.0,0.0
2025-10-01,1037,San Martin,11106455.49,0.0,0.0,0.0
2025-10-01,1038,Cipolletti,54690984.77,970611.61,16.0,465.58
2025-10-01,1039,Paraná 2,54232528.88,0.0,0.0,0.0
2025-10-01,1042,Trelew,33636223.26,9999.0,1.0,1.0
2025-10-01,1043,Laferrere,46508773.35,0.0,0.0,0.0
2025-10-01,1044,"Hurlingham (AV, Villegas)",13806603.97,0.0,0.0,0.0
2025-10-01,1045,"Hurlingham (AV, Vergara)",11095018.13,0.0,0.0,0.0
2025-10-01,1046,Pergamino,14830345.66,190208.55,1.0,1.0
2025-10-01,1050,Lanús,29387228.17,0.0,0.0,0.0
2025-10-01,1051,Posadas,73518512.05,53999.4,1.0,1.0
2025-10-01,1052,Oran,39208322.41,0.0,0.0,0.0
2025-10-01,1053,Viedma,28848415.75,0.0,0.0,0.0
2025-10-01,1054,Olavarría,42673406.16,1953764.64,21.0,429.257
2025-10-01,1055,Villa Mercedes,43805410.16,255741.89,5.0,211.0
2025-10-01,1056,Villa Nueva,34180641.34,3051683.94,5.0,6.0
2025-10-01,1057,Comodoro Rivadavia,54425680.37,1452911.22,27.0,746.675
2025-10-01,1058,Resistencia,44610775.14,1185382.67,15.0,569.575
2025-10-01,1059,Gonzalez Catán,35146389.21,0.0,0.0,0.0
2025-10-01,1060,Fuerza Aérea (Cba),38847063.23,0.0,0.0,0.0
2025-10-01,1061,Junín,51964825.86,72229.25,2.0,2.0
2025-10-01,1067,San Martín (Mza),35896661.42,0.0,0.0,0.0
2025-10-01,1068,Palmares (Mza),61570615.85,0.0,0.0,0.0
2025-10-01,1074,Goya (Ctes),32077868.04,3167472.41,5.0,6.0
2025-10-01,1075,Salta Fuerza Aérea,37997656.12,0.0,0.0,0.0
2025-10-01,1076,Lomas de Zamora,34245145.74,0.0,0.0,0.0
2025-10-01,1077,Gral Pico (La Pampa),47074384.65,0.0,0.0,0.0
2025-10-01,1078,Salta Tartagal,63346391.85,719999.12,1.0,1.0
2025-10-01,1080,Santiago del Estero Sur,44115812.47,4888667.42,39.0,1137.075
2025-10-01,1081,Rawson San Juan,28406847.06,0.0,0.0,0.0
2025-10-01,1082,"Tucumán (Av, Jujuy)",16487601.12,0.0,0.0,0.0
2025-10-01,1084,San Vicente,10482317.99,0.0,0.0,0.0
2025-10-01,1085,"Corrientes (Av, Maipú)",20810935.48,0.0,0.0,0.0
2025-10-01,1086,Formosa II,62750584.97,0.0,0.0,0.0
2025-10-01,1087,Pilar,47729228.46,5869465.33,39.0,1057.193
2025-10-01,1088,"Tuc, Concepción",40372433.22,2274997.43,3.0,3.0
2025-10-01,1092,San Juan Norte,36316148.11,0.0,0.0,0.0
2025-10-01,1093,Comodoro Rivadavia Norte,50814018.22,0.0,0.0,0.0
2025-10-01,1096,Caseros,33699383.44,0.0,0.0,0.0
2025-10-01,1097,Donato Alvarez (Cba),32249085.3,739999.0,1.0,1.0
2025-10-01,1098,"R,S, Peña, Chaco",28987633.68,0.0,0.0,0.0
2025-10-01,1099,Posadas II,48435480.78,32519.6,1.0,5.0
2025-10-01,1100,Santa Rosa (La Pampa) II,47527209.38,0.0,0.0,0.0
2025-10-01,1106,"Tuc, Ejército Del Norte",17515374.71,0.0,0.0,0.0
2025-10-01,1108,Puerto Madryn,42414129.63,0.0,0.0,0.0
2025-10-01,1110,Claypole,24328422.28,0.0,0.0,0.0
2025-10-01,1111,San Pedro de Jujuy,27396593.39,1458987.31,2.0,2.0
2025-10-01,1114,Clorinda,34024886.28,0.0,0.0,0.0
2025-10-01,1115,General Roca,33687392.88,1096710.52,10.0,230.673
2025-10-01,1116,Moron,28856885.03,0.0,0.0,0.0
2025-10-01,1119,Moreno Derqui,24019300.8,0.0,0.0,0.0
2025-10-01,2997,Constituyentes,157904344.24,8177231.27,113.0,3046.284
2025-10-01,2998,San Justo,89802034.22,10580861.74,105.0,3198.608
2025-10-01,2999,Avellaneda,89414399.89,6922246.89,79.0,2583.141
2025-10-01,3601,La Plata,103505252.43,7295338.73,79.0,2358.995
2025-10-01,3602,Bahía Blanca,108199800.14,4482026.03,59.0,1862.43
2025-10-01,3603,Santa Fe,76630292.28,4038685.84,63.0,1651.76
2025-10-01,3604,Paraná,66794244.6,4787989.44,47.0,1575.117
2025-10-01,3605,Córdoba Oeste,154509750.77,9473753.34,103.0,3287.094
2025-10-01,3606,Córdoba Este,86096367.88,3276297.99,52.0,1393.826
2025-10-01,3608,Neuquén,128693878.65,2796240.38,32.0,952.288
2025-10-01,3613,Mendoza,102786906.61,5942897.03,114.0,2808.491
2025-10-01,4001,Campana,15040955.52,317986.5,1.0,3.0
2025-10-02,1002,Rio IV,62643244.32,4010115.87,55.0,1342.584
2025-10-02,1003,San Luis,70388973.88,7912541.72,76.0,1427.041
2025-10-02,1004,San Fernando,75246349.49,3967865.13,49.0,1558.728
2025-10-02,1005,Las Heras,40196092.84,0.0,0.0,0.0
2025-10-02,1006,San Juan,56426384.15,5251174.02,30.0,674.34
2025-10-02,1007,La Rioja,110319539.82,2083997.62,3.0,3.0
2025-10-02,1008,Corrientes,67568545.09,621301.01,17.0,264.107
2025-10-02,1010,Córdoba Sur,49646807.33,0.0,0.0,0.0
2025-10-02,1011,Salta,59631985.42,1135069.19,16.0,366.978
2025-10-02,1012,Santiago,56629122.17,0.0,0.0,0.0
2025-10-02,1013,Tigre,43124669.68,0.0,0.0,0.0
2025-10-02,1014,Lujan,40240036.57,705540.34,12.0,374.586
2025-10-02,1015,Maipú,33264080.87,0.0,0.0,0.0
2025-10-02,1016,Avellaneda 2,54475215.93,0.0,0.0,0.0
2025-10-02,1017,La Tablada,44677908.13,0.0,0.0,0.0
2025-10-02,1018,Quilmes,116329266.38,1711992.4,3.0,10.0
2025-10-02,1020,Tucumán,46670746.75,3130699.15,50.0,1166.496
2025-10-02,1021,Neuquén 2,47213893.83,0.0,0.0,0.0
2025-10-02,1022,Bariloche,43829922.27,0.0,0.0,0.0
2025-10-02,1023,La Pampa,58093453.82,499997.5,2.0,3.0
2025-10-02,1024,Formosa,69134598.79,3023529.75,57.0,1490.334
2025-10-02,1026,Catamarca,51718029.75,0.0,0.0,0.0
2025-10-02,1027,Mataderos,16828050.16,0.0,0.0,0.0
2025-10-02,1028,Alte Brown,43777757.05,0.0,0.0,0.0
2025-10-02,1029,Moreno,27945179.69,0.0,0.0,0.0
2025-10-02,1030,José C Paz,12942212.97,0.0,0.0,0.0
2025-10-02,1031,Jujuy,67705972.01,376483.44,12.0,179.551
2025-10-02,1032,Malvinas Arg,44203204.0,0.0,0.0,0.0
2025-10-02,1033,Rio Salí,28379564.45,0.0,0.0,0.0
2025-10-02,1035,3 de Febrero,29920733.19,1779761.45,37.0,872.24
2025-10-02,1036,Moreno Shopping,16818415.82,267747.65,2.0,3.0
2025-10-02,1037,San Martin,13343747.19,0.0,0.0,0.0
2025-10-02,1038,Cipolletti,58028685.95,2985520.39,12.0,270.6
2025-10-02,1039,Paraná 2,53262832.75,0.0,0.0,0.0
2025-10-02,1042,Trelew,29075171.62,0.0,0.0,0.0
2025-10-02,1043,Laferrere,43490598.46,0.0,0.0,0.0
2025-10-02,1044,"Hurlingham (AV, Villegas)",13224879.08,0.0,0.0,0.0
2025-10-02,1045,"Hurlingham (AV, Vergara)",13056981.85,0.0,0.0,0.0
2025-10-02,1046,Pergamino,16019711.35,0.0,0.0,0.0
2025-10-02,1050,Lanús,28483070.66,0.0,0.0,0.0
2025-10-02,1051,Posadas,63121605.28,0.0,0.0,0.0
2025-10-02,1052,Oran,37134238.58,0.0,0.0,0.0
2025-10-02,1053,Viedma,36229447.57,722474.54,3.0,4.0
2025-10-02,1054,Olavarría,59030385.76,2365505.89,32.0,813.033
2025-10-02,1055,Villa Mercedes,34699918.44,774654.79,13.0,308.474
2025-10-02,1056,Villa Nueva,22308240.47,0.0,0.0,0.0
2025-10-02,1057,Comodoro Rivadavia,59474232.36,1810204.02,24.0,620.632
2025-10-02,1058,Resistencia,50521999.54,835451.22,21.0,347.389
2025-10-02,1059,Gonzalez Catán,36678625.8,0.0,0.0,0.0
2025-10-02,1060,Fuerza Aérea (Cba),33219059.27,0.0,0.0,0.0
2025-10-02,1061,Junín,56898843.65,0.0,0.0,0.0
2025-10-02,1067,San Martín (Mza),26372598.41,0.0,0.0,0.0
2025-10-02,1068,Palmares (Mza),49829497.75,0.0,0.0,0.0
2025-10-02,1074,Goya (Ctes),27008832.04,0.0,0.0,0.0
2025-10-02,1075,Salta Fuerza Aérea,35995520.79,0.0,0.0,0.0
2025-10-02,1076,Lomas de Zamora,42041785.06,479988.0,1.0,1.0
2025-10-02,1077,Gral Pico (La Pampa),41633755.92,0.0,0.0,0.0
2025-10-02,1078,Salta Tartagal,61780948.26,0.0,0.0,0.0
2025-10-02,1080,Santiago del Estero Sur,38361379.91,1451666.95,15.0,464.729
2025-10-02,1081,Rawson San Juan,25117294.75,0.0,0.0,0.0
2025-10-02,1082,"Tucumán (Av, Jujuy)",17455604.44,0.0,0.0,0.0
2025-10-02,1084,San Vicente,10728962.34,0.0,0.0,0.0
2025-10-02,1085,"Corrientes (Av, Maipú)",17632970.72,0.0,0.0,0.0
2025-10-02,1086,Formosa II,41757872.3,0.0,0.0,0.0
2025-10-02,1087,Pilar,58487022.09,4060600.45,36.0,923.829
2025-10-02,1088,"Tuc, Concepción",25778833.78,0.0,0.0,0.0
2025-10-02,1092,San Juan Norte,29707817.36,0.0,0.0,0.0
2025-10-02,1093,Comodoro Rivadavia Norte,51805355.11,0.0,0.0,0.0
2025-10-02,1096,Caseros,42179880.56,0.0,0.0,0.0
2025-10-02,1097,Donato Alvarez (Cba),34062749.82,1357998.62,2.0,2.0
2025-10-02,1098,"R,S, Peña, Chaco",29550006.41,1728997.93,2.0,3.0
2025-10-02,1099,Posadas II,43425304.74,495553.75,2.0,3.0
2025-10-02,1100,Santa Rosa (La Pampa) II,31501655.74,0.0,0.0,0.0
2025-10-02,1106,"Tuc, Ejército Del Norte",22438916.27,0.0,0.0,0.0
2025-10-02,1108,Puerto Madryn,36735890.44,0.0,0.0,0.0
2025-10-02,1110,Claypole,30152228.3,0.0,0.0,0.0
2025-10-02,1111,San Pedro de Jujuy,28069687.81,669999.0,1.0,1.0
2025-10-02,1114,Clorinda,24865180.93,0.0,0.0,0.0
2025-10-02,1115,General Roca,32758553.53,348718.35,11.0,163.0
2025-10-02,1116,Moron,35330568.92,0.0,0.0,0.0
2025-10-02,1119,Moreno Derqui,23772937.6,0.0,0.0,0.0
2025-10-02,2997,Constituyentes,149694189.44,11881225.56,141.0,4016.283
2025-10-02,2998,San Justo,88312378.12,8339284.62,113.0,2942.735
2025-10-02,2999,Avellaneda,98831159.22,8558062.4,93.0,2756.538
2025-10-02,3601,La Plata,136380248.9,9180377.49,101.0,2604.306
2025-10-02,3602,Bahía Blanca,100976706.15,9149411.54,77.0,1775.14
2025-10-02,3603,Santa Fe,79023593.75,5129899.32,76.0,1563.234
2025-10-02,3604,Paraná,70033167.67,4674970.44,51.0,1449.669
2025-10-02,3605,Córdoba Oeste,155496325.14,9853884.63,123.0,3534.792
2025-10-02,3606,Córdoba Este,81502923.92,3461377.1,48.0,1364.977
2025-10-02,3608,Neuquén,104444593.11,3704494.51,42.0,1372.405
2025-10-02,3613,Mendoza,82558866.09,6800246.15,95.0,2711.437
2025-10-02,4001,Campana,18643923.92,0.0,0.0,0.0
2025-10-03,1002,Rio IV,78003853.47,6989518.81,50.0,1604.573
2025-10-03,1003,San Luis,78928990.21,7044990.24,44.0,1214.557
2025-10-03,1004,San Fernando,88556621.68,7617928.04,89.0,2401.178
2025-10-03,1005,Las Heras,51447063.44,0.0,0.0,0.0
2025-10-03,1006,San Juan,68932915.0,5870023.53,45.0,891.78
2025-10-03,1007,La Rioja,110720004.38,0.0,0.0,0.0
2025-10-03,1008,Corrientes,76504613.57,1687149.56,16.0,339.233
2025-10-03,1010,Córdoba Sur,55515613.6,0.0,0.0,0.0
2025-10-03,1011,Salta,62023536.75,8224598.08,24.0,268.01
2025-10-03,1012,Santiago,60613467.08,0.0,0.0,0.0
2025-10-03,1013,Tigre,56724662.27,0.0,0.0,0.0
2025-10-03,1014,Lujan,62652791.34,3866699.54,31.0,792.84
2025-10-03,1015,Maipú,41479337.1,0.0,0.0,0.0
2025-10-03,1016,Avellaneda 2,64875153.27,0.0,0.0,0.0
2025-10-03,1017,La Tablada,39959704.81,0.0,0.0,0.0
2025-10-03,1018,Quilmes,78391200.03,0.0,0.0,0.0
2025-10-03,1020,Tucumán,48712336.3,5285702.35,46.0,1273.8
2025-10-03,1021,Neuquén 2,63425024.37,0.0,0.0,0.0
2025-10-03,1022,Bariloche,69683420.88,0.0,0.0,0.0
2025-10-03,1023,La Pampa,69490528.27,0.0,0.0,0.0
2025-10-03,1024,Formosa,78565014.03,3567874.78,42.0,1417.117
2025-10-03,1026,Catamarca,66643425.68,62430.95,1.0,3.0
2025-10-03,1027,Mataderos,14092657.43,0.0,0.0,0.0
2025-10-03,1028,Alte Brown,48555490.68,2189980.31,4.0,4.0
2025-10-03,1029,Moreno,35623995.44,1396993.31,2.0,2.0
2025-10-03,1030,José C Paz,15831619.57,1653987.31,2.0,2.0
2025-10-03,1031,Jujuy,71580880.35,2392394.62,23.0,480.891
2025-10-03,1032,Malvinas Arg,45888451.13,0.0,0.0,0.0
2025-10-03,1033,Rio Salí,37619138.84,3490995.55,6.0,6.0
2025-10-03,1035,3 de Febrero,36893446.16,4597279.98,31.0,817.172
2025-10-03,1036,Moreno Shopping,15820566.12,0.0,0.0,0.0
2025-10-03,1037,San Martin,15035238.83,0.0,0.0,0.0
2025-10-03,1038,Cipolletti,67721344.8,1007736.06,21.0,346.207
2025-10-03,1039,Paraná 2,55954257.37,0.0,0.0,0.0
2025-10-03,1042,Trelew,34937917.16,0.0,0.0,0.0
2025-10-03,1043,Laferrere,40747982.44,0.0,0.0,0.0
2025-10-03,1044,"Hurlingham (AV, Villegas)",15399017.0,0.0,0.0,0.0
2025-10-03,1045,"Hurlingham (AV, Vergara)",13782546.65,0.0,0.0,0.0
2025-10-03,1046,Pergamino,19803241.1,0.0,0.0,0.0
2025-10-03,1050,Lanús,39730959.78,0.0,0.0,0.0
2025-10-03,1051,Posadas,59011763.28,2066991.31,4.0,4.0
2025-10-03,1052,Oran,37659908.73,1398998.43,2.0,2.0
2025-10-03,1053,Viedma,46811411.61,1357998.59,1.0,2.0
2025-10-03,1054,Olavarría,55781194.14,3660246.74,38.0,941.79
2025-10-03,1055,Villa Mercedes,39597336.65,402704.22,9.0,149.135
2025-10-03,1056,Villa Nueva,27669817.26,0.0,0.0,0.0
2025-10-03,1057,Comodoro Rivadavia,71595969.68,3020954.77,39.0,1247.953
2025-10-03,1058,Resistencia,49446186.03,5756855.19,29.0,602.832
2025-10-03,1059,Gonzalez Catán,38230345.43,0.0,0.0,0.0
2025-10-03,1060,Fuerza Aérea (Cba),33882408.81,0.0,0.0,0.0
2025-10-03,1061,Junín,62724358.07,0.0,0.0,0.0
2025-10-03,1067,San Martín (Mza),32349941.31,0.0,0.0,0.0
2025-10-03,1068,Palmares (Mza),50663708.44,0.0,0.0,0.0
2025-10-03,1074,Goya (Ctes),21707093.54,1499982.0,2.0,2.0
2025-10-03,1075,Salta Fuerza Aérea,41984060.5,0.0,0.0,0.0
2025-10-03,1076,Lomas de Zamora,46959790.55,0.0,0.0,0.0
2025-10-03,1077,Gral Pico (La Pampa),44341345.24,0.0,0.0,0.0
2025-10-03,1078,Salta Tartagal,54439818.26,0.0,0.0,0.0
2025-10-03,1080,Santiago del Estero Sur,37623373.86,5740855.28,43.0,961.402
2025-10-03,1081,Rawson San Juan,29712590.93,0.0,0.0,0.0
2025-10-03,1082,"Tucumán (Av, Jujuy)",15837856.92,0.0,0.0,0.0
2025-10-03,1084,San Vicente,13224650.16,0.0,0.0,0.0
2025-10-03,1085,"Corrientes (Av, Maipú)",18672034.15,0.0,0.0,0.0
2025-10-03,1086,Formosa II,53346978.71,0.0,0.0,0.0
2025-10-03,1087,Pilar,71704412.09,3196198.02,49.0,1296.84
2025-10-03,1088,"Tuc, Concepción",40793350.62,5344992.36,8.0,10.0
2025-10-03,1092,San Juan Norte,35704019.59,0.0,0.0,0.0
2025-10-03,1093,Comodoro Rivadavia Norte,56341116.44,0.0,0.0,0.0
2025-10-03,1096,Caseros,44925957.97,0.0,0.0,0.0
2025-10-03,1097,Donato Alvarez (Cba),33586824.32,1259986.5,2.0,3.0
2025-10-03,1098,"R,S, Peña, Chaco",30523593.26,606998.31,2.0,2.0
2025-10-03,1099,Posadas II,38156783.95,1213997.31,3.0,3.0
2025-10-03,1100,Santa Rosa (La Pampa) II,42956894.0,0.0,0.0,0.0
2025-10-03,1106,"Tuc, Ejército Del Norte",24404441.14,0.0,0.0,0.0
2025-10-03,1108,Puerto Madryn,47289632.56,1719199.03,5.0,6.0
2025-10-03,1110,Claypole,32668220.05,2868480.19,4.0,4.0
2025-10-03,1111,San Pedro de Jujuy,34483527.13,0.0,0.0,0.0
2025-10-03,1114,Clorinda,26795794.68,0.0,0.0,0.0
2025-10-03,1115,General Roca,43408957.97,676657.66,13.0,256.005
2025-10-03,1116,Moron,37476851.0,0.0,0.0,0.0
2025-10-03,1119,Moreno Derqui,29022839.5,2780998.0,2.0,2.0
2025-10-03,2997,Constituyentes,180173406.82,15722759.3,214.0,5397.184
2025-10-03,2998,San Justo,109251854.65,20599074.24,162.0,5465.566
2025-10-03,2999,Avellaneda,110526717.98,12516438.26,153.0,4535.957
2025-10-03,3601,La Plata,144738586.09,10231645.79,118.0,3541.967
2025-10-03,3602,Bahía Blanca,119048465.08,7469825.88,86.0,1894.232
2025-10-03,3603,Santa Fe,90756555.01,5192680.58,67.0,1769.854
2025-10-03,3604,Paraná,89870707.61,5184003.2,56.0,1485.058
2025-10-03,3605,Córdoba Oeste,158857371.46,9845041.46,109.0,3019.141
2025-10-03,3606,Córdoba Este,83026937.67,3039654.0,50.0,1229.589
2025-10-03,3608,Neuquén,130084570.73,4060502.46,49.0,1118.738
2025-10-03,3613,Mendoza,96476253.71,8642486.75,125.0,3462.961
2025-10-03,4001,Campana,22801717.66,0.0,0.0,0.0
2025-10-04,1002,Rio IV,117233404.9,5495403.75,25.0,544.402
2025-10-04,1003,San Luis,131726452.43,2194636.74,23.0,665.9
2025-10-04,1004,San Fernando,110057077.14,4488404.13,40.0,1893.94
2025-10-04,1005,Las Heras,74504986.65,0.0,0.0,0.0
2025-10-04,1006,San Juan,99162329.8,2727072.36,25.0,978.15
2025-10-04,1007,La Rioja,172511190.43,0.0,0.0,0.0
2025-10-04,1008,Corrientes,106429196.52,2734130.44,24.0,652.601
2025-10-04,1010,Córdoba Sur,61280508.26,0.0,0.0,0.0
2025-10-04,1011,Salta,88144115.34,2653258.68,17.0,314.718
2025-10-04,1012,Santiago,80809560.2,0.0,0.0,0.0
2025-10-04,1013,Tigre,84097252.52,0.0,0.0,0.0
2025-10-04,1014,Lujan,66875542.94,2141056.86,11.0,192.807
2025-10-04,1015,Maipú,62458202.87,0.0,0.0,0.0
2025-10-04,1016,Avellaneda 2,101093281.0,0.0,0.0,0.0
2025-10-04,1017,La Tablada,68211292.69,0.0,0.0,0.0
2025-10-04,1018,Quilmes,90884090.41,0.0,0.0,0.0
2025-10-04,1020,Tucumán,94640148.49,26441480.49,52.0,339.755
2025-10-04,1021,Neuquén 2,87373237.19,0.0,0.0,0.0
2025-10-04,1022,Bariloche,121619342.1,0.0,0.0,0.0
2025-10-04,1023,La Pampa,132038782.4,0.0,0.0,0.0
2025-10-04,1024,Formosa,116044941.78,3724561.13,25.0,838.311
2025-10-04,1026,Catamarca,103184008.52,1689997.62,3.0,3.0
2025-10-04,1027,Mataderos,20315811.57,0.0,0.0,0.0
2025-10-04,1028,Alte Brown,64933483.79,0.0,0.0,0.0
2025-10-04,1029,Moreno,58421688.39,678999.31,1.0,1.0
2025-10-04,1030,José C Paz,24032371.4,0.0,0.0,0.0
2025-10-04,1031,Jujuy,116523302.53,4621582.12,16.0,153.699
2025-10-04,1032,Malvinas Arg,74355228.12,0.0,0.0,0.0
2025-10-04,1033,Rio Salí,65035620.79,9582275.23,17.0,19.0
2025-10-04,1035,3 de Febrero,50372449.07,1382023.55,12.0,332.709
2025-10-04,1036,Moreno Shopping,21748700.71,0.0,0.0,0.0
2025-10-04,1037,San Martin,20027459.19,0.0,0.0,0.0
2025-10-04,1038,Cipolletti,105334930.23,1254443.28,19.0,394.24
2025-10-04,1039,Paraná 2,90559276.37,0.0,0.0,0.0
2025-10-04,1042,Trelew,68363784.42,0.0,0.0,0.0
2025-10-04,1043,Laferrere,76474572.76,0.0,0.0,0.0
2025-10-04,1044,"Hurlingham (AV, Villegas)",18236671.8,0.0,0.0,0.0
2025-10-04,1045,"Hurlingham (AV, Vergara)",18342751.49,0.0,0.0,0.0
2025-10-04,1046,Pergamino,28344941.11,0.0,0.0,0.0
2025-10-04,1050,Lanús,54356563.73,0.0,0.0,0.0
2025-10-04,1051,Posadas,98132433.59,2788195.0,5.0,5.0
2025-10-04,1052,Oran,51926458.46,0.0,0.0,0.0
2025-10-04,1053,Viedma,78801252.33,0.0,0.0,0.0
2025-10-04,1054,Olavarría,79818874.85,1818568.79,22.0,717.648
2025-10-04,1055,Villa Mercedes,59761101.77,557418.93,7.0,112.801
2025-10-04,1056,Villa Nueva,49308729.13,1472681.38,3.0,3.0
2025-10-04,1057,Comodoro Rivadavia,140259039.37,3515292.59,40.0,1328.443
2025-10-04,1058,Resistencia,89707514.31,3144183.86,16.0,243.965
2025-10-04,1059,Gonzalez Catán,67913173.29,0.0,0.0,0.0
2025-10-04,1060,Fuerza Aérea (Cba),49856257.96,0.0,0.0,0.0
2025-10-04,1061,Junín,94441877.54,0.0,0.0,0.0
2025-10-04,1067,San Martín (Mza),44814583.68,0.0,0.0,0.0
2025-10-04,1068,Palmares (Mza),71498224.78,0.0,0.0,0.0
2025-10-04,1074,Goya (Ctes),32351175.96,0.0,0.0,0.0
2025-10-04,1075,Salta Fuerza Aérea,63554007.22,0.0,0.0,0.0
2025-10-04,1076,Lomas de Zamora,59056225.02,0.0,0.0,0.0
2025-10-04,1077,Gral Pico (La Pampa),103667019.25,64676.5,1.0,10.0
2025-10-04,1078,Salta Tartagal,80113739.33,0.0,0.0,0.0
2025-10-04,1080,Santiago del Estero Sur,71811529.38,9735318.52,34.0,773.671
2025-10-04,1081,Rawson San Juan,54644237.95,0.0,0.0,0.0
2025-10-04,1082,"Tucumán (Av, Jujuy)",27508452.9,0.0,0.0,0.0
2025-10-04,1084,San Vicente,20951130.49,0.0,0.0,0.0
2025-10-04,1085,"Corrientes (Av, Maipú)",30570439.73,0.0,0.0,0.0
2025-10-04,1086,Formosa II,70810671.26,0.0,0.0,0.0
2025-10-04,1087,Pilar,94308490.24,2665171.88,27.0,898.555
2025-10-04,1088,"Tuc, Concepción",58349207.44,559999.0,1.0,1.0
2025-10-04,1092,San Juan Norte,60331914.84,0.0,0.0,0.0
2025-10-04,1093,Comodoro Rivadavia Norte,92595746.95,0.0,0.0,0.0
2025-10-04,1096,Caseros,64398274.29,0.0,0.0,0.0
2025-10-04,1097,Donato Alvarez (Cba),53592957.33,707994.0,1.0,1.0
2025-10-04,1098,"R,S, Peña, Chaco",61144932.47,0.0,0.0,0.0
2025-10-04,1099,Posadas II,72547335.23,0.0,0.0,0.0
2025-10-04,1100,Santa Rosa (La Pampa) II,93125231.54,39999.0,1.0,1.0
2025-10-04,1106,"Tuc, Ejército Del Norte",30740049.68,0.0,0.0,0.0
2025-10-04,1108,Puerto Madryn,75714124.23,902497.3,3.0,3.0
2025-10-04,1110,Claypole,50838282.27,564999.31,1.0,1.0
2025-10-04,1111,San Pedro de Jujuy,55253783.16,762297.22,2.0,4.0
2025-10-04,1114,Clorinda,34027092.13,0.0,0.0,0.0
2025-10-04,1115,General Roca,81578284.69,1178653.74,8.0,42.0
2025-10-04,1116,Moron,54537345.93,0.0,0.0,0.0
2025-10-04,1119,Moreno Derqui,43634384.87,0.0,0.0,0.0
2025-10-04,2997,Constituyentes,255320897.37,21441034.59,186.0,4756.886
2025-10-04,2998,San Justo,174283427.14,11764322.0,85.0,2503.285
2025-10-04,2999,Avellaneda,166610258.22,12881539.07,138.0,4099.016
2025-10-04,3601,La Plata,198518775.05,9633874.54,117.0,3344.41
2025-10-04,3602,Bahía Blanca,221001165.76,5540797.71,59.0,2001.888
2025-10-04,3603,Santa Fe,163879906.34,5446708.13,61.0,2210.382
2025-10-04,3604,Paraná,121628517.33,4135960.71,41.0,1788.081
2025-10-04,3605,Córdoba Oeste,232725602.49,9315821.64,74.0,1797.648
2025-10-04,3606,Córdoba Este,163132658.87,14592212.43,34.0,635.72
2025-10-04,3608,Neuquén,198796744.57,3727330.1,34.0,1489.638
2025-10-04,3613,Mendoza,143466125.04,12763403.33,88.0,2475.222
2025-10-04,4001,Campana,25929388.97,0.0,0.0,0.0
2025-10-05,1002,Rio IV,129719476.33,774693.61,14.0,372.0
2025-10-05,1003,San Luis,129856954.66,0.0,0.0,0.0
2025-10-05,1004,San Fernando,102168878.83,1554739.08,15.0,670.114
2025-10-05,1005,Las Heras,77209525.68,0.0,0.0,0.0
2025-10-05,1006,San Juan,106990306.68,0.0,0.0,0.0
2025-10-05,1008,Corrientes,106984139.6,0.0,0.0,0.0
2025-10-05,1010,Córdoba Sur,52755078.2,0.0,0.0,0.0
2025-10-05,1011,Salta,76495013.54,0.0,0.0,0.0
2025-10-05,1012,Santiago,86526544.6,0.0,0.0,0.0
2025-10-05,1013,Tigre,69469421.46,0.0,0.0,0.0
2025-10-05,1014,Lujan,97182973.29,1050596.43,2.0,5.0
2025-10-05,1015,Maipú,71433901.65,0.0,0.0,0.0
2025-10-05,1016,Avellaneda 2,104243726.09,0.0,0.0,0.0
2025-10-05,1017,La Tablada,84940957.33,0.0,0.0,0.0
2025-10-05,1018,Quilmes,49901815.01,0.0,0.0,0.0
2025-10-05,1020,Tucumán,71130892.7,0.0,0.0,0.0
2025-10-05,1021,Neuquén 2,33057096.45,0.0,0.0,0.0
2025-10-05,1022,Bariloche,102311497.84,0.0,0.0,0.0
2025-10-05,1024,Formosa,86957869.86,0.0,0.0,0.0
2025-10-05,1026,Catamarca,99582968.08,0.0,0.0,0.0
2025-10-05,1027,Mataderos,17079896.24,0.0,0.0,0.0
2025-10-05,1028,Alte Brown,60245503.19,0.0,0.0,0.0
2025-10-05,1029,Moreno,46707834.82,0.0,0.0,0.0
2025-10-05,1030,José C Paz,18866563.68,0.0,0.0,0.0
2025-10-05,1031,Jujuy,61464831.27,296801.45,2.0,33.0
2025-10-05,1032,Malvinas Arg,67763367.24,0.0,0.0,0.0
2025-10-05,1033,Rio Salí,55238939.82,0.0,0.0,0.0
2025-10-05,1035,3 de Febrero,52968624.08,315099.32,5.0,58.761
2025-10-05,1036,Moreno Shopping,6525279.59,0.0,0.0,0.0
2025-10-05,1037,San Martin,9766832.3,0.0,0.0,0.0
2025-10-05,1039,Paraná 2,92408228.6,0.0,0.0,0.0
2025-10-05,1042,Trelew,48812620.48,0.0,0.0,0.0
2025-10-05,1043,Laferrere,82135427.56,0.0,0.0,0.0
2025-10-05,1044,"Hurlingham (AV, Villegas)",20269541.54,0.0,0.0,0.0
2025-10-05,1045,"Hurlingham (AV, Vergara)",13375251.39,0.0,0.0,0.0
2025-10-05,1046,Pergamino,22272663.52,0.0,0.0,0.0
2025-10-05,1050,Lanús,54093753.34,0.0,0.0,0.0
2025-10-05,1051,Posadas,75773404.32,0.0,0.0,0.0
2025-10-05,1052,Oran,55086143.79,0.0,0.0,0.0
2025-10-05,1053,Viedma,62298858.5,199998.81,3.0,1.0
2025-10-05,1054,Olavarría,107074347.74,1195103.74,8.0,195.0
2025-10-05,1055,Villa Mercedes,70843666.58,-3704.34,1.0,-2.0
2025-10-05,1056,Villa Nueva,51908512.74,0.0,0.0,0.0
2025-10-05,1057,Comodoro Rivadavia,98374941.73,0.0,0.0,0.0
2025-10-05,1058,Resistencia,84537462.53,3330324.79,19.0,430.519
2025-10-05,1059,Gonzalez Catán,75722081.88,0.0,0.0,0.0
2025-10-05,1060,Fuerza Aérea (Cba),43508610.12,0.0,0.0,0.0
2025-10-05,1061,Junín,93310448.89,0.0,0.0,0.0
2025-10-05,1067,San Martín (Mza),50915042.42,0.0,0.0,0.0
2025-10-05,1068,Palmares (Mza),64915626.04,0.0,0.0,0.0
2025-10-05,1074,Goya (Ctes),35803293.39,0.0,0.0,0.0
2025-10-05,1075,Salta Fuerza Aérea,63916338.43,0.0,0.0,0.0
2025-10-05,1076,Lomas de Zamora,52254470.26,414487.0,2.0,2.0
2025-10-05,1078,Salta Tartagal,69662359.73,0.0,0.0,0.0
2025-10-05,1080,Santiago del Estero Sur,63930925.1,0.0,0.0,0.0
2025-10-05,1081,Rawson San Juan,61566566.0,0.0,0.0,0.0
2025-10-05,1082,"Tucumán (Av, Jujuy)",28165103.12,0.0,0.0,0.0
2025-10-05,1084,San Vicente,15870390.95,0.0,0.0,0.0
2025-10-05,1085,"Corrientes (Av, Maipú)",33905828.6,0.0,0.0,0.0
2025-10-05,1086,Formosa II,53704031.56,0.0,0.0,0.0
2025-10-05,1087,Pilar,83046461.02,0.0,0.0,0.0
2025-10-05,1088,"Tuc, Concepción",54608252.68,0.0,0.0,0.0
2025-10-05,1092,San Juan Norte,73905798.82,0.0,0.0,0.0
2025-10-05,1093,Comodoro Rivadavia Norte,69952873.05,0.0,0.0,0.0
2025-10-05,1096,Caseros,58801255.8,0.0,0.0,0.0
2025-10-05,1097,Donato Alvarez (Cba),53552320.69,1238998.62,2.0,2.0
2025-10-05,1099,Posadas II,62444735.39,0.0,0.0,0.0
2025-10-05,1106,"Tuc, Ejército Del Norte",41248836.45,0.0,0.0,0.0
2025-10-05,1108,Puerto Madryn,58010977.33,0.0,0.0,0.0
2025-10-05,1110,Claypole,46173938.17,0.0,0.0,0.0
2025-10-05,1111,San Pedro de Jujuy,24361229.98,0.0,0.0,0.0
2025-10-05,1114,Clorinda,27120786.06,419999.0,1.0,1.0
2025-10-05,1115,General Roca,70918616.71,1688051.46,11.0,332.75
2025-10-05,1116,Moron,52633342.86,0.0,0.0,0.0
2025-10-05,1119,Moreno Derqui,48768015.03,0.0,0.0,0.0
2025-10-05,2997,Constituyentes,220877440.8,-15012.1,4.0,-6.0
2025-10-05,2998,San Justo,150139687.42,0.0,0.0,0.0
2025-10-05,2999,Avellaneda,155760452.35,-42660.57,5.0,-20.976
2025-10-05,3601,La Plata,186097014.42,358998.0,2.0,2.0
2025-10-05,3602,Bahía Blanca,176270796.7,794963.12,10.0,259.743
2025-10-05,3603,Santa Fe,210985053.6,-12676.0,1.0,-4.0
2025-10-05,3604,Paraná,141875402.07,0.0,0.0,0.0
2025-10-05,3605,Córdoba Oeste,201974698.16,0.0,0.0,0.0
2025-10-05,3606,Córdoba Este,145706995.33,2456047.33,26.0,927.647
2025-10-05,3608,Neuquén,187609648.37,8714284.93,25.0,698.77
2025-10-05,3613,Mendoza,151181584.37,5029640.82,22.0,345.675
2025-10-05,4001,Campana,20289545.23,0.0,0.0,0.0
2025-10-06,1002,Rio IV,67206733.65,6348011.78,44.0,1128.646
2025-10-06,1003,San Luis,69665478.84,1244899.31,29.0,732.182
2025-10-06,1004,San Fernando,84105417.42,4359486.92,34.0,1041.777
2025-10-06,1005,Las Heras,42633838.71,0.0,0.0,0.0
2025-10-06,1006,San Juan,53972934.23,7377167.61,38.0,1152.394
2025-10-06,1007,La Rioja,100709679.26,2335998.19,2.0,2.0
2025-10-06,1008,Corrientes,70989636.63,1924069.23,21.0,449.025
2025-10-06,1010,Córdoba Sur,73776824.38,0.0,0.0,0.0
2025-10-06,1011,Salta,45117497.81,1799596.51,16.0,487.835
2025-10-06,1012,Santiago,54553689.46,0.0,0.0,0.0
2025-10-06,1013,Tigre,52732455.29,0.0,0.0,0.0
2025-10-06,1014,Lujan,41287469.72,1202199.89,13.0,285.0
2025-10-06,1015,Maipú,40073806.15,0.0,0.0,0.0
2025-10-06,1016,Avellaneda 2,78247063.78,0.0,0.0,0.0
2025-10-06,1017,La Tablada,52611563.13,0.0,0.0,0.0
2025-10-06,1018,Quilmes,121404143.33,0.0,0.0,0.0
2025-10-06,1020,Tucumán,63813110.84,22404559.54,91.0,1542.982
2025-10-06,1021,Neuquén 2,62460234.07,0.0,0.0,0.0
2025-10-06,1022,Bariloche,62049557.38,0.0,0.0,0.0
2025-10-06,1023,La Pampa,49991167.92,743999.0,1.0,1.0
2025-10-06,1024,Formosa,65920298.7,5437660.43,81.0,2321.996
2025-10-06,1026,Catamarca,59688948.0,0.0,0.0,0.0
2025-10-06,1027,Mataderos,15891343.99,0.0,0.0,0.0
2025-10-06,1028,Alte Brown,35651033.23,0.0,0.0,0.0
2025-10-06,1029,Moreno,37250057.74,712994.0,1.0,1.0
2025-10-06,1030,José C Paz,15275768.26,0.0,0.0,0.0
2025-10-06,1031,Jujuy,66392855.43,6008043.53,15.0,507.22
2025-10-06,1032,Malvinas Arg,50743403.69,0.0,0.0,0.0
2025-10-06,1033,Rio Salí,31383135.32,0.0,0.0,0.0
2025-10-06,1035,3 de Febrero,31328171.21,2211515.89,6.0,90.0
2025-10-06,1036,Moreno Shopping,13887722.84,27993.0,1.0,1.0
2025-10-06,1037,San Martin,11587770.92,0.0,0.0,0.0
2025-10-06,1038,Cipolletti,65583027.42,695636.49,14.0,378.0
2025-10-06,1039,Paraná 2,55109571.62,0.0,0.0,0.0
2025-10-06,1042,Trelew,40316992.93,0.0,0.0,0.0
2025-10-06,1043,Laferrere,44249509.89,0.0,0.0,0.0
2025-10-06,1044,"Hurlingham (AV, Villegas)",14332946.52,0.0,0.0,0.0
2025-10-06,1045,"Hurlingham (AV, Vergara)",10743502.8,0.0,0.0,0.0
2025-10-06,1046,Pergamino,13043212.96,0.0,0.0,0.0
2025-10-06,1050,Lanús,37670121.43,0.0,0.0,0.0
2025-10-06,1051,Posadas,46036636.83,0.0,0.0,0.0
2025-10-06,1052,Oran,33931834.32,0.0,0.0,0.0
2025-10-06,1053,Viedma,33571549.37,0.0,0.0,0.0
2025-10-06,1054,Olavarría,40823878.64,596270.32,12.0,323.709
2025-10-06,1055,Villa Mercedes,39642959.12,507792.29,6.0,84.098
2025-10-06,1056,Villa Nueva,22225827.96,0.0,0.0,0.0
2025-10-06,1057,Comodoro Rivadavia,84506468.52,3238141.02,34.0,1182.19
2025-10-06,1058,Resistencia,43916356.84,882966.69,14.0,362.931
2025-10-06,1059,Gonzalez Catán,35313992.82,0.0,0.0,0.0
2025-10-06,1060,Fuerza Aérea (Cba),35196774.22,0.0,0.0,0.0
2025-10-06,1061,Junín,41092016.44,0.0,0.0,0.0
2025-10-06,1067,San Martín (Mza),24610116.69,0.0,0.0,0.0
2025-10-06,1068,Palmares (Mza),50472861.2,0.0,0.0,0.0
2025-10-06,1074,Goya (Ctes),14567473.23,0.0,0.0,0.0
2025-10-06,1075,Salta Fuerza Aérea,37488166.1,0.0,0.0,0.0
2025-10-06,1076,Lomas de Zamora,36531849.56,153490.0,1.0,10.0
2025-10-06,1077,Gral Pico (La Pampa),48095660.54,0.0,0.0,0.0
2025-10-06,1078,Salta Tartagal,39955470.54,0.0,0.0,0.0
2025-10-06,1080,Santiago del Estero Sur,44901917.48,8074195.41,40.0,1183.027
2025-10-06,1081,Rawson San Juan,28586673.64,0.0,0.0,0.0
2025-10-06,1082,"Tucumán (Av, Jujuy)",18071585.94,0.0,0.0,0.0
2025-10-06,1084,San Vicente,14338368.79,0.0,0.0,0.0
2025-10-06,1085,"Corrientes (Av, Maipú)",15443722.77,0.0,0.0,0.0
2025-10-06,1086,Formosa II,43260906.43,0.0,0.0,0.0
2025-10-06,1087,Pilar,58960721.32,5046530.2,54.0,2138.828
2025-10-06,1088,"Tuc, Concepción",38875407.98,707994.0,1.0,1.0
2025-10-06,1092,San Juan Norte,37052774.78,0.0,0.0,0.0
2025-10-06,1093,Comodoro Rivadavia Norte,65207313.7,0.0,0.0,0.0
2025-10-06,1096,Caseros,34935507.28,0.0,0.0,0.0
2025-10-06,1097,Donato Alvarez (Cba),40481598.02,0.0,0.0,0.0
2025-10-06,1098,"R,S, Peña, Chaco",25857356.25,0.0,0.0,0.0
2025-10-06,1099,Posadas II,33309389.83,343998.19,2.0,2.0
2025-10-06,1100,Santa Rosa (La Pampa) II,34559785.05,0.0,0.0,0.0
2025-10-06,1106,"Tuc, Ejército Del Norte",18982068.39,0.0,0.0,0.0
2025-10-06,1108,Puerto Madryn,49207202.75,0.0,0.0,0.0
2025-10-06,1110,Claypole,29366597.37,0.0,0.0,0.0
2025-10-06,1111,San Pedro de Jujuy,26216306.7,0.0,0.0,0.0
2025-10-06,1114,Clorinda,20815248.35,0.0,0.0,0.0
2025-10-06,1115,General Roca,42263539.8,825890.83,5.0,355.3
2025-10-06,1116,Moron,32928308.78,0.0,0.0,0.0
2025-10-06,1119,Moreno Derqui,29709335.27,0.0,0.0,0.0
2025-10-06,2997,Constituyentes,144864365.66,12741415.92,144.0,4372.517
2025-10-06,2998,San Justo,95350145.88,11937266.04,115.0,5136.848
2025-10-06,2999,Avellaneda,96502984.15,7736448.49,89.0,3111.515
2025-10-06,3601,La Plata,97817671.52,8388097.37,89.0,2994.867
2025-10-06,3602,Bahía Blanca,83540107.49,3344235.51,28.0,1070.822
2025-10-06,3603,Santa Fe,73236299.76,6691114.02,43.0,1583.546
2025-10-06,3604,Paraná,70335508.56,9052238.05,67.0,2962.27
2025-10-06,3605,Córdoba Oeste,144115611.21,19136756.79,135.0,3644.8
2025-10-06,3606,Córdoba Este,76249290.68,1976307.0,27.0,1003.523
2025-10-06,3608,Neuquén,132841909.15,8412752.48,36.0,1141.907
2025-10-06,3613,Mendoza,78139142.97,9208965.17,62.0,1906.201
2025-10-06,4001,Campana,17667977.24,0.0,0.0,0.0
2025-10-07,1002,Rio IV,59088606.31,6693552.5,44.0,1299.544
2025-10-07,1003,San Luis,77372157.12,2520413.11,33.0,1182.504
2025-10-07,1004,San Fernando,70338674.51,4293188.77,35.0,1535.477
2025-10-07,1005,Las Heras,44961482.95,0.0,0.0,0.0
2025-10-07,1006,San Juan,57418924.48,8316194.27,25.0,392.235
2025-10-07,1007,La Rioja,96857233.05,1623987.0,2.0,2.0
2025-10-07,1008,Corrientes,61677153.85,454183.43,11.0,206.74
2025-10-07,1010,Córdoba Sur,73950350.15,0.0,0.0,0.0
2025-10-07,1011,Salta,47382017.35,3203335.98,12.0,88.729
2025-10-07,1012,Santiago,53621080.81,0.0,0.0,0.0
2025-10-07,1013,Tigre,51669632.34,0.0,0.0,0.0
2025-10-07,1014,Lujan,43597821.85,2599865.26,14.0,495.961
2025-10-07,1015,Maipú,46038275.34,0.0,0.0,0.0
2025-10-07,1016,Avellaneda 2,52715129.39,0.0,0.0,0.0
2025-10-07,1017,La Tablada,33796304.16,0.0,0.0,0.0
2025-10-07,1018,Quilmes,127519269.33,0.0,0.0,0.0
2025-10-07,1020,Tucumán,55496995.76,13255205.15,49.0,1253.083
2025-10-07,1021,Neuquén 2,56573617.41,0.0,0.0,0.0
2025-10-07,1022,Bariloche,56864797.14,0.0,0.0,0.0
2025-10-07,1023,La Pampa,58010091.54,0.0,0.0,0.0
2025-10-07,1024,Formosa,69297269.48,3107964.48,46.0,1454.655
2025-10-07,1026,Catamarca,46425488.93,0.0,0.0,0.0
2025-10-07,1027,Mataderos,13660362.99,0.0,0.0,0.0
2025-10-07,1028,Alte Brown,39356500.65,820988.0,1.0,1.0
2025-10-07,1029,Moreno,30844016.59,0.0,0.0,0.0
2025-10-07,1030,José C Paz,15849095.16,0.0,0.0,0.0
2025-10-07,1031,Jujuy,68659982.09,1299497.58,14.0,212.895
2025-10-07,1032,Malvinas Arg,43932547.2,0.0,0.0,0.0
2025-10-07,1033,Rio Salí,37333104.79,2510596.81,4.0,4.0
2025-10-07,1035,3 de Febrero,29084878.7,654979.04,8.0,331.981
2025-10-07,1036,Moreno Shopping,17148837.04,2149998.0,2.0,2.0
2025-10-07,1037,San Martin,10689279.24,0.0,0.0,0.0
2025-10-07,1038,Cipolletti,64741984.36,0.0,0.0,0.0
2025-10-07,1039,Paraná 2,68831119.34,0.0,0.0,0.0
2025-10-07,1042,Trelew,48743925.11,329998.0,2.0,2.0
2025-10-07,1043,Laferrere,36836859.34,0.0,0.0,0.0
2025-10-07,1044,"Hurlingham (AV, Villegas)",12918690.4,0.0,0.0,0.0
2025-10-07,1045,"Hurlingham (AV, Vergara)",12071162.7,0.0,0.0,0.0
2025-10-07,1046,Pergamino,15900427.39,0.0,0.0,0.0
2025-10-07,1050,Lanús,33799092.71,0.0,0.0,0.0
2025-10-07,1051,Posadas,51970718.74,0.0,0.0,0.0
2025-10-07,1052,Oran,29217679.31,0.0,0.0,0.0
2025-10-07,1053,Viedma,38065385.39,0.0,0.0,0.0
2025-10-07,1054,Olavarría,38257212.19,815235.51,12.0,391.05
2025-10-07,1055,Villa Mercedes,33785215.61,829302.81,13.0,352.55
2025-10-07,1056,Villa Nueva,26048833.71,573999.31,1.0,1.0
2025-10-07,1057,Comodoro Rivadavia,87586579.71,4026703.9,35.0,1115.377
2025-10-07,1058,Resistencia,36066550.59,260375.72,6.0,114.0
2025-10-07,1059,Gonzalez Catán,36981611.98,0.0,0.0,0.0
2025-10-07,1060,Fuerza Aérea (Cba),28500980.49,0.0,0.0,0.0
2025-10-07,1061,Junín,47911090.78,0.0,0.0,0.0
2025-10-07,1067,San Martín (Mza),26952918.51,0.0,0.0,0.0
2025-10-07,1068,Palmares (Mza),50306240.06,0.0,0.0,0.0
2025-10-07,1074,Goya (Ctes),22941217.85,0.0,0.0,0.0
2025-10-07,1075,Salta Fuerza Aérea,40736747.62,0.0,0.0,0.0
2025-10-07,1076,Lomas de Zamora,35323006.97,0.0,0.0,0.0
2025-10-07,1077,Gral Pico (La Pampa),42410090.83,678999.31,1.0,1.0
2025-10-07,1078,Salta Tartagal,39627852.82,0.0,0.0,0.0
2025-10-07,1080,Santiago del Estero Sur,48378879.89,13603481.4,39.0,297.207
2025-10-07,1081,Rawson San Juan,25595231.33,0.0,0.0,0.0
2025-10-07,1082,"Tucumán (Av, Jujuy)",16228798.72,0.0,0.0,0.0
2025-10-07,1084,San Vicente,11544992.31,0.0,0.0,0.0
2025-10-07,1085,"Corrientes (Av, Maipú)",19763515.55,0.0,0.0,0.0
2025-10-07,1086,Formosa II,42640325.52,0.0,0.0,0.0
2025-10-07,1087,Pilar,59201224.87,4309413.31,28.0,1454.782
2025-10-07,1088,"Tuc, Concepción",31565056.82,0.0,0.0,0.0
2025-10-07,1092,San Juan Norte,32744600.81,0.0,0.0,0.0
2025-10-07,1093,Comodoro Rivadavia Norte,73946542.34,0.0,0.0,0.0
2025-10-07,1096,Caseros,33073119.84,0.0,0.0,0.0
2025-10-07,1097,Donato Alvarez (Cba),32606847.86,0.0,0.0,0.0
2025-10-07,1098,"R,S, Peña, Chaco",25174262.52,839999.31,1.0,1.0
2025-10-07,1099,Posadas II,33497267.06,0.0,0.0,0.0
2025-10-07,1100,Santa Rosa (La Pampa) II,32312649.04,0.0,0.0,0.0
2025-10-07,1106,"Tuc, Ejército Del Norte",19531370.25,0.0,0.0,0.0
2025-10-07,1108,Puerto Madryn,51359743.25,0.0,0.0,0.0
2025-10-07,1110,Claypole,25981491.64,0.0,0.0,0.0
2025-10-07,1111,San Pedro de Jujuy,30209781.97,0.0,0.0,0.0
2025-10-07,1114,Clorinda,19737515.45,0.0,0.0,0.0
2025-10-07,1115,General Roca,37697088.58,85310.38,1.0,47.0
2025-10-07,1116,Moron,31070363.51,0.0,0.0,0.0
2025-10-07,1119,Moreno Derqui,32888568.57,0.0,0.0,0.0
2025-10-07,2997,Constituyentes,117522395.07,10475849.94,89.0,2431.63
2025-10-07,2998,San Justo,86918019.06,8425744.47,101.0,2504.924
2025-10-07,2999,Avellaneda,91420427.34,12272364.91,79.0,2621.12
2025-10-07,3601,La Plata,104044517.6,7302909.86,82.0,2767.083
2025-10-07,3602,Bahía Blanca,77498190.96,3075105.7,37.0,1228.292
2025-10-07,3603,Santa Fe,89622070.33,8235159.1,60.0,1423.061
2025-10-07,3604,Paraná,90851831.65,6728420.7,44.0,1708.567
2025-10-07,3605,Córdoba Oeste,149586589.81,20938268.62,120.0,3707.851
2025-10-07,3606,Córdoba Este,74627513.02,2308687.02,27.0,1087.182
2025-10-07,3608,Neuquén,118875170.27,1681999.93,10.0,173.849
2025-10-07,3613,Mendoza,94077879.28,14674863.09,84.0,1956.795
2025-10-07,4001,Campana,16781097.36,0.0,0.0,0.0
2025-10-08,1002,Rio IV,55542458.49,2153230.6,24.0,556.535
2025-10-08,1003,San Luis,78428599.07,1942336.43,43.0,761.907
2025-10-08,1004,San Fernando,66761473.62,3996350.62,33.0,784.321
2025-10-08,1005,Las Heras,59443762.48,0.0,0.0,0.0
2025-10-08,1006,San Juan,55602173.63,3909006.98,34.0,1200.01
2025-10-08,1007,La Rioja,86639938.74,2313486.25,3.0,3.0
2025-10-08,1008,Corrientes,65917534.34,6472281.5,38.0,468.896
2025-10-08,1010,Córdoba Sur,54511572.28,2686992.31,5.0,3.0
2025-10-08,1011,Salta,53897429.91,3424534.66,23.0,431.92
2025-10-08,1012,Santiago,50716311.76,0.0,0.0,0.0
2025-10-08,1013,Tigre,42675839.54,0.0,0.0,0.0
2025-10-08,1014,Lujan,33320016.7,1533566.77,10.0,311.245
2025-10-08,1015,Maipú,46043674.55,0.0,0.0,0.0
2025-10-08,1016,Avellaneda 2,59857932.23,0.0,0.0,0.0
2025-10-08,1017,La Tablada,109931122.75,0.0,0.0,0.0
2025-10-08,1018,Quilmes,83456058.28,0.0,0.0,0.0
2025-10-08,1020,Tucumán,47687742.86,2734582.35,44.0,961.074
2025-10-08,1021,Neuquén 2,60012217.58,0.0,0.0,0.0
2025-10-08,1022,Bariloche,56918667.27,0.0,0.0,0.0
2025-10-08,1023,La Pampa,47104979.4,1539998.41,2.0,2.0
2025-10-08,1024,Formosa,61012002.83,2701489.77,42.0,945.141
2025-10-08,1026,Catamarca,87020338.87,6586464.89,8.0,8.0
2025-10-08,1027,Mataderos,12838841.74,0.0,0.0,0.0
2025-10-08,1028,Alte Brown,35743662.17,0.0,0.0,0.0
2025-10-08,1029,Moreno,29401032.42,739191.62,1.0,1.0
2025-10-08,1030,José C Paz,14007886.45,0.0,0.0,0.0
2025-10-08,1031,Jujuy,50046084.52,1142556.51,22.0,197.244
2025-10-08,1032,Malvinas Arg,34937277.23,0.0,0.0,0.0
2025-10-08,1033,Rio Salí,37232703.58,1990496.54,4.0,4.0
2025-10-08,1035,3 de Febrero,30930877.8,2583055.47,17.0,432.961
2025-10-08,1036,Moreno Shopping,14532512.16,0.0,0.0,0.0
2025-10-08,1037,San Martin,11442483.46,0.0,0.0,0.0
2025-10-08,1038,Cipolletti,60662948.96,1500312.36,27.0,601.513
2025-10-08,1039,Paraná 2,52267798.25,0.0,0.0,0.0
2025-10-08,1042,Trelew,45892337.61,59999.0,1.0,1.0
2025-10-08,1043,Laferrere,43167345.69,0.0,0.0,0.0
2025-10-08,1044,"Hurlingham (AV, Villegas)",12408724.96,0.0,0.0,0.0
2025-10-08,1045,"Hurlingham (AV, Vergara)",9495097.33,0.0,0.0,0.0
2025-10-08,1046,Pergamino,15522219.4,0.0,0.0,0.0
2025-10-08,1050,Lanús,32807385.01,0.0,0.0,0.0
2025-10-08,1051,Posadas,58079229.08,349999.31,1.0,1.0
2025-10-08,1052,Oran,32789141.63,0.0,0.0,0.0
2025-10-08,1053,Viedma,34674609.83,0.0,0.0,0.0
2025-10-08,1054,Olavarría,33617037.12,1483634.5,26.0,506.23
2025-10-08,1055,Villa Mercedes,38019359.12,1150134.56,23.0,429.165
2025-10-08,1056,Villa Nueva,27349461.58,-573999.31,1.0,-1.0
2025-10-08,1057,Comodoro Rivadavia,70253065.5,3359293.72,34.0,1275.757
2025-10-08,1058,Resistencia,39104779.21,1677623.06,26.0,690.157
2025-10-08,1059,Gonzalez Catán,37331134.45,0.0,0.0,0.0
2025-10-08,1060,Fuerza Aérea (Cba),30487389.33,0.0,0.0,0.0
2025-10-08,1061,Junín,58769917.8,0.0,0.0,0.0
2025-10-08,1067,San Martín (Mza),35267683.6,0.0,0.0,0.0
2025-10-08,1068,Palmares (Mza),59964112.15,0.0,0.0,0.0
2025-10-08,1074,Goya (Ctes),23249418.06,2525986.0,3.0,3.0
2025-10-08,1075,Salta Fuerza Aérea,36186822.77,0.0,0.0,0.0
2025-10-08,1076,Lomas de Zamora,33129202.64,0.0,0.0,0.0
2025-10-08,1077,Gral Pico (La Pampa),41750491.21,0.0,0.0,0.0
2025-10-08,1078,Salta Tartagal,41754366.43,0.0,0.0,0.0
2025-10-08,1080,Santiago del Estero Sur,30841140.05,1620293.41,19.0,688.17
2025-10-08,1081,Rawson San Juan,23820434.38,0.0,0.0,0.0
2025-10-08,1082,"Tucumán (Av, Jujuy)",18409050.15,0.0,0.0,0.0
2025-10-08,1084,San Vicente,12695286.62,0.0,0.0,0.0
2025-10-08,1085,"Corrientes (Av, Maipú)",18571669.23,0.0,0.0,0.0
2025-10-08,1086,Formosa II,39202637.35,0.0,0.0,0.0
2025-10-08,1087,Pilar,46944148.94,5410022.08,39.0,772.257
2025-10-08,1088,"Tuc, Concepción",35809867.27,1299999.0,1.0,1.0
2025-10-08,1092,San Juan Norte,30318874.03,0.0,0.0,0.0
2025-10-08,1093,Comodoro Rivadavia Norte,51618062.86,0.0,0.0,0.0
2025-10-08,1096,Caseros,36274274.61,0.0,0.0,0.0
2025-10-08,1097,Donato Alvarez (Cba),32524924.62,0.0,0.0,0.0
2025-10-08,1098,"R,S, Peña, Chaco",26962143.03,0.0,0.0,0.0
2025-10-08,1099,Posadas II,34940659.44,0.0,0.0,0.0
2025-10-08,1100,Santa Rosa (La Pampa) II,34270732.7,0.0,0.0,0.0
2025-10-08,1106,"Tuc, Ejército Del Norte",21630878.31,0.0,0.0,0.0
2025-10-08,1108,Puerto Madryn,47325605.0,3199998.0,1.0,2.0
2025-10-08,1110,Claypole,24158011.31,0.0,0.0,0.0
2025-10-08,1111,San Pedro de Jujuy,26526882.42,0.0,0.0,0.0
2025-10-08,1114,Clorinda,20827489.19,0.0,0.0,0.0
2025-10-08,1115,General Roca,35872111.54,593163.26,11.0,244.383
2025-10-08,1116,Moron,30152583.02,0.0,0.0,0.0
2025-10-08,1119,Moreno Derqui,27145501.76,0.0,0.0,0.0
2025-10-08,2997,Constituyentes,129897944.89,12408091.91,128.0,3201.156
2025-10-08,2998,San Justo,84992052.6,9390410.39,100.0,3096.801
2025-10-08,2999,Avellaneda,84029540.04,7141081.87,85.0,2523.16
2025-10-08,3601,La Plata,102259830.83,5654014.77,87.0,2345.688
2025-10-08,3602,Bahía Blanca,91094323.0,4859184.97,62.0,1615.12
2025-10-08,3603,Santa Fe,89751408.29,8547546.03,94.0,2309.227
2025-10-08,3604,Paraná,69729714.04,4451766.84,43.0,1240.268
2025-10-08,3605,Córdoba Oeste,137221198.73,17628377.87,136.0,3530.638
2025-10-08,3606,Córdoba Este,76433987.93,2239818.38,47.0,1156.852
2025-10-08,3608,Neuquén,101400140.89,3603379.73,43.0,1079.033
2025-10-08,3613,Mendoza,105251838.02,5880065.1,85.0,2345.925
2025-10-08,4001,Campana,12112497.62,0.0,0.0,0.0
2025-10-09,1002,Rio IV,67406603.31,4406042.7,44.0,1625.169
2025-10-09,1003,San Luis,79939251.22,2771279.65,53.0,1070.602
2025-10-09,1004,San Fernando,75992534.74,3696101.19,51.0,1315.331
2025-10-09,1005,Las Heras,41692471.3,-2712.0,1.0,-1.0
2025-10-09,1006,San Juan,52178716.17,2401904.68,26.0,436.481
2025-10-09,1007,La Rioja,90745209.53,0.0,0.0,0.0
2025-10-09,1008,Corrientes,71008411.55,867748.28,13.0,183.808
2025-10-09,1010,Córdoba Sur,71446115.32,0.0,0.0,0.0
2025-10-09,1011,Salta,59236789.54,2738444.56,27.0,584.2
2025-10-09,1012,Santiago,65642331.82,0.0,0.0,0.0
2025-10-09,1013,Tigre,51799766.41,0.0,0.0,0.0
2025-10-09,1014,Lujan,42680588.19,883731.5,13.0,312.271
2025-10-09,1015,Maipú,33598141.96,0.0,0.0,0.0
2025-10-09,1016,Avellaneda 2,56313182.26,0.0,0.0,0.0
2025-10-09,1017,La Tablada,82276180.37,0.0,0.0,0.0
2025-10-09,1018,Quilmes,88646356.98,0.0,0.0,0.0
2025-10-09,1020,Tucumán,52092122.58,3908712.35,54.0,1010.07
2025-10-09,1021,Neuquén 2,61721880.18,0.0,0.0,0.0
2025-10-09,1022,Bariloche,62341628.36,989998.0,2.0,2.0
2025-10-09,1023,La Pampa,45406905.23,0.0,0.0,0.0
2025-10-09,1024,Formosa,59167586.08,1773250.95,31.0,443.269
2025-10-09,1026,Catamarca,65196764.41,4825991.3,7.0,10.0
2025-10-09,1027,Mataderos,15583197.61,0.0,0.0,0.0
2025-10-09,1028,Alte Brown,42522706.37,0.0,0.0,0.0
2025-10-09,1029,Moreno,29675337.48,0.0,0.0,0.0
2025-10-09,1030,José C Paz,15466289.87,536370.8,2.0,6.0
2025-10-09,1031,Jujuy,68094896.04,423200.01,16.0,71.413
2025-10-09,1032,Malvinas Arg,46803314.8,0.0,0.0,0.0
2025-10-09,1033,Rio Salí,33352559.24,149999.41,1.0,1.0
2025-10-09,1035,3 de Febrero,33905086.55,863893.37,18.0,458.4
2025-10-09,1036,Moreno Shopping,18376293.31,0.0,0.0,0.0
2025-10-09,1037,San Martin,12020514.69,0.0,0.0,0.0
2025-10-09,1038,Cipolletti,68958671.65,5634496.32,27.0,498.427
2025-10-09,1039,Paraná 2,63354199.81,0.0,0.0,0.0
2025-10-09,1042,Trelew,42059492.49,0.0,0.0,0.0
2025-10-09,1043,Laferrere,33806513.15,0.0,0.0,0.0
2025-10-09,1044,"Hurlingham (AV, Villegas)",13522841.7,0.0,0.0,0.0
2025-10-09,1045,"Hurlingham (AV, Vergara)",14430381.78,0.0,0.0,0.0
2025-10-09,1046,Pergamino,17373683.8,0.0,0.0,0.0
2025-10-09,1050,Lanús,32398037.93,0.0,0.0,0.0
2025-10-09,1051,Posadas,51081874.17,0.0,0.0,0.0
2025-10-09,1052,Oran,33035413.43,0.0,0.0,0.0
2025-10-09,1053,Viedma,34472997.14,932998.4,2.0,2.0
2025-10-09,1054,Olavarría,53933029.9,1437818.62,30.0,597.858
2025-10-09,1055,Villa Mercedes,34164081.63,1170424.1,14.0,417.877
2025-10-09,1056,Villa Nueva,26684557.69,0.0,0.0,0.0
2025-10-09,1057,Comodoro Rivadavia,76774965.73,2420325.53,37.0,899.592
2025-10-09,1058,Resistencia,43718855.9,845452.19,21.0,341.802
2025-10-09,1059,Gonzalez Catán,32768840.13,0.0,0.0,0.0
2025-10-09,1060,Fuerza Aérea (Cba),34582673.71,0.0,0.0,0.0
2025-10-09,1061,Junín,39955364.25,0.0,0.0,0.0
2025-10-09,1067,San Martín (Mza),30015176.21,0.0,0.0,0.0
2025-10-09,1068,Palmares (Mza),46650796.42,0.0,0.0,0.0
2025-10-09,1074,Goya (Ctes),28838358.04,0.0,0.0,0.0
2025-10-09,1075,Salta Fuerza Aérea,39171800.91,0.0,0.0,0.0
2025-10-09,1076,Lomas de Zamora,42938187.52,0.0,0.0,0.0
2025-10-09,1077,Gral Pico (La Pampa),38868297.81,0.0,0.0,0.0
2025-10-09,1078,Salta Tartagal,41841424.45,659988.0,1.0,1.0
2025-10-09,1080,Santiago del Estero Sur,42465530.94,4975294.49,28.0,397.251
2025-10-09,1081,Rawson San Juan,29965214.62,0.0,0.0,0.0
2025-10-09,1082,"Tucumán (Av, Jujuy)",19315483.71,0.0,0.0,0.0
2025-10-09,1084,San Vicente,14443078.45,0.0,0.0,0.0
2025-10-09,1085,"Corrientes (Av, Maipú)",19087964.82,0.0,0.0,0.0
2025-10-09,1086,Formosa II,42512797.25,0.0,0.0,0.0
2025-10-09,1087,Pilar,64307587.45,4222937.38,44.0,1165.048
2025-10-09,1088,"Tuc, Concepción",34934380.3,0.0,0.0,0.0
2025-10-09,1092,San Juan Norte,36027557.3,0.0,0.0,0.0
2025-10-09,1093,Comodoro Rivadavia Norte,54405200.05,0.0,0.0,0.0
2025-10-09,1096,Caseros,41734118.36,0.0,0.0,0.0
2025-10-09,1097,Donato Alvarez (Cba),35191489.98,0.0,0.0,0.0
2025-10-09,1098,"R,S, Peña, Chaco",28400690.53,0.0,0.0,0.0
2025-10-09,1099,Posadas II,35654879.34,0.0,0.0,0.0
2025-10-09,1100,Santa Rosa (La Pampa) II,34550167.8,0.0,0.0,0.0
2025-10-09,1106,"Tuc, Ejército Del Norte",21219543.12,0.0,0.0,0.0
2025-10-09,1108,Puerto Madryn,50520031.65,27999.3,1.0,1.0
2025-10-09,1110,Claypole,26912784.93,0.0,0.0,0.0
2025-10-09,1111,San Pedro de Jujuy,33838778.09,707994.0,1.0,1.0
2025-10-09,1114,Clorinda,24057328.35,0.0,0.0,0.0
2025-10-09,1115,General Roca,38060416.58,748968.34,8.0,84.194
2025-10-09,1116,Moron,32982091.18,0.0,0.0,0.0
2025-10-09,1119,Moreno Derqui,23823106.23,0.0,0.0,0.0
2025-10-09,2997,Constituyentes,155294211.47,13685300.11,137.0,3194.71
2025-10-09,2998,San Justo,91647016.8,6719675.66,122.0,2912.263
2025-10-09,2999,Avellaneda,95932377.56,8085607.84,118.0,2881.852
2025-10-09,3601,La Plata,134951535.91,7858175.63,120.0,2683.619
2025-10-09,3602,Bahía Blanca,89613743.72,4788212.36,69.0,1860.711
2025-10-09,3603,Santa Fe,118104522.97,5994310.93,84.0,1830.801
2025-10-09,3604,Paraná,80120552.75,4962069.82,61.0,1919.427
2025-10-09,3605,Córdoba Oeste,153388234.03,14585432.79,145.0,3364.585
2025-10-09,3606,Córdoba Este,96114069.74,5615741.54,58.0,1561.763
2025-10-09,3608,Neuquén,125265002.4,4669387.01,55.0,1336.9
2025-10-09,3613,Mendoza,91355755.16,9108212.64,137.0,2672.888
2025-10-09,4001,Campana,19846264.0,524999.31,1.0,1.0
2025-10-10,1002,Rio IV,88527493.32,2437875.77,33.0,819.431
2025-10-10,1003,San Luis,99334029.6,2329192.7,25.0,584.193
2025-10-10,1004,San Fernando,112005844.14,10684357.29,71.0,1692.596
2025-10-10,1005,Las Heras,85211628.33,0.0,0.0,0.0
2025-10-10,1006,San Juan,80506817.08,2496312.35,41.0,784.597
2025-10-10,1007,La Rioja,117988684.1,775999.19,1.0,1.0
2025-10-10,1008,Corrientes,103368057.84,1459452.8,18.0,193.878
2025-10-10,1010,Córdoba Sur,40532544.38,0.0,0.0,0.0
2025-10-10,1011,Salta,61367541.93,514087.71,16.0,13.108
2025-10-10,1012,Santiago,78375195.58,0.0,0.0,0.0
2025-10-10,1013,Tigre,62467019.89,0.0,0.0,0.0
2025-10-10,1014,Lujan,83968403.89,1198104.66,17.0,250.765
2025-10-10,1015,Maipú,61815286.97,0.0,0.0,0.0
2025-10-10,1016,Avellaneda 2,93899496.31,0.0,0.0,0.0
2025-10-10,1017,La Tablada,91690231.64,0.0,0.0,0.0
2025-10-10,1018,Quilmes,97543815.17,0.0,0.0,0.0
2025-10-10,1020,Tucumán,75731576.78,6342638.97,43.0,1219.025
2025-10-10,1021,Neuquén 2,64705074.16,0.0,0.0,0.0
2025-10-10,1022,Bariloche,93045658.71,0.0,0.0,0.0
2025-10-10,1023,La Pampa,66121826.42,0.0,0.0,0.0
2025-10-10,1024,Formosa,79337674.99,3260827.54,28.0,491.32
2025-10-10,1026,Catamarca,108141793.51,-949999.0,1.0,-1.0
2025-10-10,1027,Mataderos,18433534.54,0.0,0.0,0.0
2025-10-10,1028,Alte Brown,55209379.26,0.0,0.0,0.0
2025-10-10,1029,Moreno,45809795.11,0.0,0.0,0.0
2025-10-10,1030,José C Paz,20333937.11,0.0,0.0,0.0
2025-10-10,1031,Jujuy,82907762.29,359248.52,8.0,96.843
2025-10-10,1032,Malvinas Arg,64872905.93,0.0,0.0,0.0
2025-10-10,1033,Rio Salí,55625881.91,0.0,0.0,0.0
2025-10-10,1035,3 de Febrero,50242985.49,822245.04,16.0,385.978
2025-10-10,1036,Moreno Shopping,15619780.06,0.0,0.0,0.0
2025-10-10,1037,San Martin,14973259.18,0.0,0.0,0.0
2025-10-10,1038,Cipolletti,64545827.34,540542.16,11.0,263.283
2025-10-10,1039,Paraná 2,70659079.85,0.0,0.0,0.0
2025-10-10,1042,Trelew,60282182.83,0.0,0.0,0.0
2025-10-10,1043,Laferrere,68468010.04,0.0,0.0,0.0
2025-10-10,1044,"Hurlingham (AV, Villegas)",19493360.96,0.0,0.0,0.0
2025-10-10,1045,"Hurlingham (AV, Vergara)",16819106.75,0.0,0.0,0.0
2025-10-10,1046,Pergamino,22071391.1,0.0,0.0,0.0
2025-10-10,1050,Lanús,56140638.65,0.0,0.0,0.0
2025-10-10,1051,Posadas,57524538.62,0.0,0.0,0.0
2025-10-10,1052,Oran,47350156.93,568973.3,2.0,2.0
2025-10-10,1053,Viedma,53382516.23,0.0,0.0,0.0
2025-10-10,1054,Olavarría,68971923.33,2302633.64,29.0,513.235
2025-10-10,1055,Villa Mercedes,57479955.13,542649.72,10.0,197.144
2025-10-10,1056,Villa Nueva,36757770.81,206999.09,1.0,1.0
2025-10-10,1057,Comodoro Rivadavia,118377707.59,1616485.22,28.0,697.676
2025-10-10,1058,Resistencia,68354374.28,4002764.87,25.0,634.867
2025-10-10,1059,Gonzalez Catán,63871164.46,0.0,0.0,0.0
2025-10-10,1060,Fuerza Aérea (Cba),45955626.69,0.0,0.0,0.0
2025-10-10,1061,Junín,72711823.83,0.0,0.0,0.0
2025-10-10,1067,San Martín (Mza),50662167.38,0.0,0.0,0.0
2025-10-10,1068,Palmares (Mza),70638895.13,0.0,0.0,0.0
2025-10-10,1074,Goya (Ctes),35664239.05,0.0,0.0,0.0
2025-10-10,1075,Salta Fuerza Aérea,56479101.44,0.0,0.0,0.0
2025-10-10,1076,Lomas de Zamora,55798359.89,0.0,0.0,0.0
2025-10-10,1077,Gral Pico (La Pampa),57181043.36,0.0,0.0,0.0
2025-10-10,1078,Salta Tartagal,61767373.03,3046996.62,3.0,4.0
2025-10-10,1080,Santiago del Estero Sur,67837389.89,8518572.7,41.0,773.312
2025-10-10,1081,Rawson San Juan,39661939.76,0.0,0.0,0.0
2025-10-10,1082,"Tucumán (Av, Jujuy)",30508921.02,0.0,0.0,0.0
2025-10-10,1084,San Vicente,22618774.65,0.0,0.0,0.0
2025-10-10,1085,"Corrientes (Av, Maipú)",25666199.38,0.0,0.0,0.0
2025-10-10,1086,Formosa II,59120463.24,0.0,0.0,0.0
2025-10-10,1087,Pilar,88359052.1,2029796.26,27.0,728.916
2025-10-10,1088,"Tuc, Concepción",48826207.26,0.0,0.0,0.0
2025-10-10,1092,San Juan Norte,55850185.13,0.0,0.0,0.0
2025-10-10,1093,Comodoro Rivadavia Norte,71385709.51,0.0,0.0,0.0
2025-10-10,1096,Caseros,56369440.23,0.0,0.0,0.0
2025-10-10,1097,Donato Alvarez (Cba),50318309.93,3895983.0,4.0,7.0
2025-10-10,1098,"R,S, Peña, Chaco",37432945.55,0.0,0.0,0.0
2025-10-10,1099,Posadas II,53529326.54,0.0,0.0,0.0
2025-10-10,1100,Santa Rosa (La Pampa) II,47543421.87,0.0,0.0,0.0
2025-10-10,1106,"Tuc, Ejército Del Norte",34117185.73,0.0,0.0,0.0
2025-10-10,1108,Puerto Madryn,71794760.37,0.0,0.0,0.0
2025-10-10,1110,Claypole,49622859.17,0.0,0.0,0.0
2025-10-10,1111,San Pedro de Jujuy,38068124.17,980999.0,1.0,1.0
2025-10-10,1114,Clorinda,31052193.68,0.0,0.0,0.0
2025-10-10,1115,General Roca,53369665.98,325754.65,5.0,94.367
2025-10-10,1116,Moron,47470695.09,0.0,0.0,0.0
2025-10-10,1119,Moreno Derqui,42782424.18,0.0,0.0,0.0
2025-10-10,2997,Constituyentes,227153811.93,11592387.65,160.0,3658.666
2025-10-10,2998,San Justo,141216734.75,8067152.57,123.0,2978.513
2025-10-10,2999,Avellaneda,143610388.61,8192198.84,128.0,3458.68
2025-10-10,3601,La Plata,173685164.5,5145020.83,81.0,2144.116
2025-10-10,3602,Bahía Blanca,138500454.91,4488740.55,69.0,1610.845
2025-10-10,3603,Santa Fe,142059696.77,3073996.66,54.0,1199.984
2025-10-10,3604,Paraná,108026652.99,2743731.87,37.0,995.59
2025-10-10,3605,Córdoba Oeste,197373543.94,14088541.22,94.0,2131.143
2025-10-10,3606,Córdoba Este,132435781.5,13124972.74,77.0,1266.273
2025-10-10,3608,Neuquén,159715538.8,2220399.37,24.0,679.038
2025-10-10,3613,Mendoza,136844042.69,12434103.09,124.0,2576.409
2025-10-10,4001,Campana,20294845.75,0.0,0.0,0.0
2025-10-11,1002,Rio IV,107805949.19,7210430.13,43.0,773.613
2025-10-11,1003,San Luis,124849834.41,3314072.33,33.0,736.193
2025-10-11,1004,San Fernando,88197961.57,3424206.56,33.0,1217.831
2025-10-11,1005,Las Heras,61938402.35,0.0,0.0,0.0
2025-10-11,1006,San Juan,88695373.34,7017454.86,35.0,595.123
2025-10-11,1007,La Rioja,120506430.82,0.0,0.0,0.0
2025-10-11,1008,Corrientes,108318029.63,6189912.96,21.0,138.928
2025-10-11,1010,Córdoba Sur,44160225.26,1595986.0,3.0,3.0
2025-10-11,1011,Salta,73441093.58,2974418.02,20.0,309.185
2025-10-11,1012,Santiago,78980338.84,0.0,0.0,0.0
2025-10-11,1013,Tigre,63663876.62,0.0,0.0,0.0
2025-10-11,1014,Lujan,76994501.96,1195267.22,10.0,267.818
2025-10-11,1015,Maipú,60061128.97,0.0,0.0,0.0
2025-10-11,1016,Avellaneda 2,87163247.06,0.0,0.0,0.0
2025-10-11,1017,La Tablada,80031137.59,0.0,0.0,0.0
2025-10-11,1018,Quilmes,71264684.02,0.0,0.0,0.0
2025-10-11,1020,Tucumán,73890668.78,6800203.45,52.0,1071.144
2025-10-11,1021,Neuquén 2,67566373.39,0.0,0.0,0.0
2025-10-11,1022,Bariloche,83201133.83,0.0,0.0,0.0
2025-10-11,1023,La Pampa,94173742.83,0.0,0.0,0.0
2025-10-11,1024,Formosa,82804729.78,1945962.77,34.0,724.182
2025-10-11,1026,Catamarca,92610292.33,3339996.0,4.0,4.0
2025-10-11,1027,Mataderos,15438507.39,0.0,0.0,0.0
2025-10-11,1028,Alte Brown,51205596.94,699588.0,1.0,1.0
2025-10-11,1029,Moreno,41831801.64,0.0,0.0,0.0
2025-10-11,1030,José C Paz,17364794.55,0.0,0.0,0.0
2025-10-11,1031,Jujuy,98776827.88,2741572.07,12.0,168.193
2025-10-11,1032,Malvinas Arg,53646755.21,0.0,0.0,0.0
2025-10-11,1033,Rio Salí,56005326.96,0.0,0.0,0.0
2025-10-11,1035,3 de Febrero,43197124.25,745561.32,8.0,303.54
2025-10-11,1036,Moreno Shopping,17869932.48,0.0,0.0,0.0
2025-10-11,1037,San Martin,16162792.34,0.0,0.0,0.0
2025-10-11,1038,Cipolletti,78499988.38,993027.79,13.0,410.238
2025-10-11,1039,Paraná 2,66065647.15,0.0,0.0,0.0
2025-10-11,1042,Trelew,57981367.69,0.0,0.0,0.0
2025-10-11,1043,Laferrere,59052204.89,0.0,0.0,0.0
2025-10-11,1044,"Hurlingham (AV, Villegas)",16650370.21,0.0,0.0,0.0
2025-10-11,1045,"Hurlingham (AV, Vergara)",15244897.45,0.0,0.0,0.0
2025-10-11,1046,Pergamino,23369315.32,0.0,0.0,0.0
2025-10-11,1050,Lanús,45713941.76,0.0,0.0,0.0
2025-10-11,1051,Posadas,67408188.35,0.0,0.0,0.0
2025-10-11,1052,Oran,43836380.97,0.0,0.0,0.0
2025-10-11,1053,Viedma,54041452.47,0.0,0.0,0.0
2025-10-11,1054,Olavarría,77401207.15,589046.82,13.0,249.253
2025-10-11,1055,Villa Mercedes,57931437.39,1365908.04,11.0,235.818
2025-10-11,1056,Villa Nueva,44759839.47,239997.0,2.0,6.0
2025-10-11,1057,Comodoro Rivadavia,92569726.97,2448412.47,31.0,709.105
2025-10-11,1058,Resistencia,71250060.66,2207901.16,10.0,235.441
2025-10-11,1059,Gonzalez Catán,52911561.31,0.0,0.0,0.0
2025-10-11,1060,Fuerza Aérea (Cba),43217016.4,0.0,0.0,0.0
2025-10-11,1061,Junín,73315105.74,599999.0,1.0,1.0
2025-10-11,1067,San Martín (Mza),46637412.63,0.0,0.0,0.0
2025-10-11,1068,Palmares (Mza),59540428.07,0.0,0.0,0.0
2025-10-11,1074,Goya (Ctes),42775244.9,0.0,0.0,0.0
2025-10-11,1075,Salta Fuerza Aérea,57343101.58,0.0,0.0,0.0
2025-10-11,1076,Lomas de Zamora,46785493.38,1339190.62,2.0,2.0
2025-10-11,1077,Gral Pico (La Pampa),92501536.84,131749.16,1.0,1.0
2025-10-11,1078,Salta Tartagal,55983590.31,395988.0,1.0,1.0
2025-10-11,1080,Santiago del Estero Sur,61567699.63,7253978.54,37.0,862.494
2025-10-11,1081,Rawson San Juan,43600089.82,0.0,0.0,0.0
2025-10-11,1082,"Tucumán (Av, Jujuy)",30821398.45,0.0,0.0,0.0
2025-10-11,1084,San Vicente,19494748.88,0.0,0.0,0.0
2025-10-11,1085,"Corrientes (Av, Maipú)",25740604.82,0.0,0.0,0.0
2025-10-11,1086,Formosa II,57966175.08,0.0,0.0,0.0
2025-10-11,1087,Pilar,74072495.05,1783284.94,25.0,530.593
2025-10-11,1088,"Tuc, Concepción",49797514.83,1854597.74,3.0,3.0
2025-10-11,1092,San Juan Norte,58104591.34,0.0,0.0,0.0
2025-10-11,1093,Comodoro Rivadavia Norte,62386929.15,0.0,0.0,0.0
2025-10-11,1096,Caseros,48760117.58,0.0,0.0,0.0
2025-10-11,1097,Donato Alvarez (Cba),49154607.15,0.0,0.0,0.0
2025-10-11,1098,"R,S, Peña, Chaco",46646210.15,0.0,0.0,0.0
2025-10-11,1099,Posadas II,56735444.56,2056485.0,4.0,4.0
2025-10-11,1100,Santa Rosa (La Pampa) II,56255173.51,0.0,0.0,0.0
2025-10-11,1106,"Tuc, Ejército Del Norte",32177458.88,0.0,0.0,0.0
2025-10-11,1108,Puerto Madryn,60664976.65,29999.0,1.0,1.0
2025-10-11,1110,Claypole,42345430.89,1264999.1,1.0,1.0
2025-10-11,1111,San Pedro de Jujuy,44082443.56,535999.19,1.0,1.0
2025-10-11,1114,Clorinda,30326567.86,0.0,0.0,0.0
2025-10-11,1115,General Roca,62194771.89,2647406.38,8.0,93.0
2025-10-11,1116,Moron,43812641.65,0.0,0.0,0.0
2025-10-11,1119,Moreno Derqui,37143883.35,0.0,0.0,0.0
2025-10-11,2997,Constituyentes,177257657.06,7751753.92,95.0,1850.815
2025-10-11,2998,San Justo,122420475.65,9380967.07,99.0,2586.523
2025-10-11,2999,Avellaneda,135112980.07,8577949.51,87.0,1778.256
2025-10-11,3601,La Plata,155880358.0,7097187.79,81.0,2228.942
2025-10-11,3602,Bahía Blanca,151874458.27,6964392.45,56.0,1578.314
2025-10-11,3603,Santa Fe,128202415.03,4047652.71,43.0,1092.28
2025-10-11,3604,Paraná,99200397.59,2671119.98,25.0,763.027
2025-10-11,3605,Córdoba Oeste,199205215.96,15988659.86,85.0,1907.368
2025-10-11,3606,Córdoba Este,131957766.27,1309151.88,23.0,328.643
2025-10-11,3608,Neuquén,179755547.29,7534857.92,36.0,577.718
2025-10-11,3613,Mendoza,107256551.68,5126713.15,54.0,1391.39
2025-10-11,4001,Campana,17011775.5,0.0,0.0,0.0
2025-10-12,1002,Rio IV,103765974.3,731248.79,16.0,413.0
2025-10-12,1003,San Luis,88276490.46,0.0,0.0,0.0
2025-10-12,1004,San Fernando,86939958.59,2345155.78,26.0,836.719
2025-10-12,1005,Las Heras,66023477.0,0.0,0.0,0.0
2025-10-12,1006,San Juan,78590731.79,1375998.19,2.0,2.0
2025-10-12,1008,Corrientes,120408048.44,0.0,0.0,0.0
2025-10-12,1010,Córdoba Sur,35783123.73,0.0,0.0,0.0
2025-10-12,1011,Salta,65616183.39,0.0,0.0,0.0
2025-10-12,1012,Santiago,67655027.69,0.0,0.0,0.0
2025-10-12,1013,Tigre,65715873.07,0.0,0.0,0.0
2025-10-12,1014,Lujan,91287041.01,0.0,0.0,0.0
2025-10-12,1015,Maipú,62054103.54,0.0,0.0,0.0
2025-10-12,1016,Avellaneda 2,96617191.14,0.0,0.0,0.0
2025-10-12,1017,La Tablada,88193410.32,0.0,0.0,0.0
2025-10-12,1018,Quilmes,32432651.45,209998.5,1.0,2.0
2025-10-12,1020,Tucumán,70267816.34,0.0,0.0,0.0
2025-10-12,1021,Neuquén 2,22609691.18,0.0,0.0,0.0
2025-10-12,1022,Bariloche,66747074.26,11165.4,1.0,1.0
2025-10-12,1024,Formosa,79096248.66,0.0,0.0,0.0
2025-10-12,1026,Catamarca,90445251.96,0.0,0.0,0.0
2025-10-12,1027,Mataderos,14296110.5,0.0,0.0,0.0
2025-10-12,1028,Alte Brown,43667861.89,0.0,0.0,0.0
2025-10-12,1029,Moreno,39725550.66,0.0,0.0,0.0
2025-10-12,1030,José C Paz,16492134.53,0.0,0.0,0.0
2025-10-12,1031,Jujuy,48285093.03,0.0,0.0,0.0
2025-10-12,1032,Malvinas Arg,63888674.84,0.0,0.0,0.0
2025-10-12,1033,Rio Salí,53476651.74,0.0,0.0,0.0
2025-10-12,1035,3 de Febrero,38133724.34,54500.07,2.0,47.0
2025-10-12,1036,Moreno Shopping,6163892.8,0.0,0.0,0.0
2025-10-12,1037,San Martin,8016005.85,0.0,0.0,0.0
2025-10-12,1039,Paraná 2,66394303.09,0.0,0.0,0.0
2025-10-12,1042,Trelew,49953639.68,0.0,0.0,0.0
2025-10-12,1043,Laferrere,64675602.79,0.0,0.0,0.0
2025-10-12,1044,"Hurlingham (AV, Villegas)",18162617.24,0.0,0.0,0.0
2025-10-12,1045,"Hurlingham (AV, Vergara)",12011840.45,0.0,0.0,0.0
2025-10-12,1046,Pergamino,16267557.93,0.0,0.0,0.0
2025-10-12,1050,Lanús,48900438.0,0.0,0.0,0.0
2025-10-12,1051,Posadas,66911562.51,1299999.0,1.0,1.0
2025-10-12,1052,Oran,50154772.2,0.0,0.0,0.0
2025-10-12,1053,Viedma,45331814.54,0.0,0.0,0.0
2025-10-12,1054,Olavarría,80119197.74,351642.27,3.0,83.432
2025-10-12,1055,Villa Mercedes,47703969.59,0.0,0.0,0.0
2025-10-12,1056,Villa Nueva,43563097.32,599999.0,1.0,1.0
2025-10-12,1057,Comodoro Rivadavia,84971129.65,-56139.0,2.0,-16.0
2025-10-12,1058,Resistencia,82557894.84,1129183.98,6.0,110.636
2025-10-12,1059,Gonzalez Catán,59991024.28,0.0,0.0,0.0
2025-10-12,1060,Fuerza Aérea (Cba),40130696.19,0.0,0.0,0.0
2025-10-12,1061,Junín,71478600.08,0.0,0.0,0.0
2025-10-12,1067,San Martín (Mza),50700181.33,0.0,0.0,0.0
2025-10-12,1068,Palmares (Mza),62813542.64,0.0,0.0,0.0
2025-10-12,1074,Goya (Ctes),41275652.37,0.0,0.0,0.0
2025-10-12,1075,Salta Fuerza Aérea,57402202.66,0.0,0.0,0.0
2025-10-12,1076,Lomas de Zamora,45674100.53,0.0,0.0,0.0
2025-10-12,1078,Salta Tartagal,54114613.29,0.0,0.0,0.0
2025-10-12,1080,Santiago del Estero Sur,56666290.8,0.0,0.0,0.0
2025-10-12,1081,Rawson San Juan,51572420.84,0.0,0.0,0.0
2025-10-12,1082,"Tucumán (Av, Jujuy)",31949321.63,0.0,0.0,0.0
2025-10-12,1084,San Vicente,15657787.34,0.0,0.0,0.0
2025-10-12,1085,"Corrientes (Av, Maipú)",35254264.37,0.0,0.0,0.0
2025-10-12,1086,Formosa II,48553420.85,0.0,0.0,0.0
2025-10-12,1087,Pilar,69352906.57,0.0,0.0,0.0
2025-10-12,1088,"Tuc, Concepción",49022976.5,1399999.0,1.0,1.0
2025-10-12,1092,San Juan Norte,52453929.23,0.0,0.0,0.0
2025-10-12,1093,Comodoro Rivadavia Norte,63064325.93,0.0,0.0,0.0
2025-10-12,1096,Caseros,45231648.32,0.0,0.0,0.0
2025-10-12,1097,Donato Alvarez (Cba),45753704.56,599999.0,1.0,1.0
2025-10-12,1099,Posadas II,52662223.39,0.0,0.0,0.0
2025-10-12,1106,"Tuc, Ejército Del Norte",30696372.55,0.0,0.0,0.0
2025-10-12,1108,Puerto Madryn,56912613.04,429466.0,2.0,3.0
2025-10-12,1110,Claypole,40160636.13,0.0,0.0,0.0
2025-10-12,1111,San Pedro de Jujuy,25376644.21,0.0,0.0,0.0
2025-10-12,1114,Clorinda,28374787.35,0.0,0.0,0.0
2025-10-12,1115,General Roca,45829737.08,0.0,0.0,0.0
2025-10-12,1116,Moron,46952950.48,0.0,0.0,0.0
2025-10-12,1119,Moreno Derqui,45510742.84,0.0,0.0,0.0
2025-10-12,2997,Constituyentes,186078794.31,-53466.25,4.0,-4.0
2025-10-12,2998,San Justo,134206721.99,200157.48,2.0,81.627
2025-10-12,2999,Avellaneda,137006588.93,530200.84,8.0,-95.559
2025-10-12,3601,La Plata,154556832.53,79355.53,1.0,34.435
2025-10-12,3602,Bahía Blanca,147854383.75,0.0,0.0,0.0
2025-10-12,3603,Santa Fe,169218542.92,0.0,0.0,0.0
2025-10-12,3604,Paraná,117046249.88,0.0,0.0,0.0
2025-10-12,3605,Córdoba Oeste,169548991.76,0.0,0.0,0.0
2025-10-12,3606,Córdoba Este,123274266.49,245202.14,5.0,99.0
2025-10-12,3608,Neuquén,151623108.97,942256.2,14.0,302.0
2025-10-12,3613,Mendoza,107594677.76,898740.66,18.0,437.429
2025-10-12,4001,Campana,18100348.65,0.0,0.0,0.0
2025-10-13,1002,Rio IV,56387030.37,6615510.39,32.0,805.284
2025-10-13,1003,San Luis,54839672.0,2211619.99,34.0,629.97
2025-10-13,1004,San Fernando,67902292.13,3503563.33,29.0,948.737
2025-10-13,1005,Las Heras,40599792.03,0.0,0.0,0.0
2025-10-13,1006,San Juan,56956690.28,3727240.67,27.0,790.485
2025-10-13,1007,La Rioja,80035700.13,0.0,0.0,0.0
2025-10-13,1008,Corrientes,54919978.44,1554572.47,13.0,107.387
2025-10-13,1010,Córdoba Sur,61656831.37,0.0,0.0,0.0
2025-10-13,1011,Salta,45858059.55,2648824.56,19.0,350.527
2025-10-13,1012,Santiago,50357290.57,0.0,0.0,0.0
2025-10-13,1013,Tigre,44171333.72,0.0,0.0,0.0
2025-10-13,1014,Lujan,33061991.02,384969.7,7.0,178.237
2025-10-13,1015,Maipú,33617350.46,0.0,0.0,0.0
2025-10-13,1016,Avellaneda 2,45617935.46,0.0,0.0,0.0
2025-10-13,1017,La Tablada,71604649.92,0.0,0.0,0.0
2025-10-13,1018,Quilmes,165053005.45,0.0,0.0,0.0
2025-10-13,1020,Tucumán,45185619.69,5536169.74,37.0,621.702
2025-10-13,1021,Neuquén 2,49137278.46,0.0,0.0,0.0
2025-10-13,1022,Bariloche,43251141.05,431999.09,1.0,1.0
2025-10-13,1023,La Pampa,37897432.26,0.0,0.0,0.0
2025-10-13,1024,Formosa,55676703.14,2282026.63,45.0,1115.132
2025-10-13,1026,Catamarca,52505707.51,0.0,0.0,0.0
2025-10-13,1027,Mataderos,12001806.08,0.0,0.0,0.0
2025-10-13,1028,Alte Brown,35196143.2,0.0,0.0,0.0
2025-10-13,1029,Moreno,25911771.59,0.0,0.0,0.0
2025-10-13,1030,José C Paz,11689614.19,0.0,0.0,0.0
2025-10-13,1031,Jujuy,49898316.42,412258.9,12.0,113.094
2025-10-13,1032,Malvinas Arg,35987084.67,0.0,0.0,0.0
2025-10-13,1033,Rio Salí,35454930.26,1756998.19,2.0,2.0
2025-10-13,1035,3 de Febrero,27024181.55,1033401.23,10.0,185.808
2025-10-13,1036,Moreno Shopping,12903414.78,0.0,0.0,0.0
2025-10-13,1037,San Martin,10845367.0,0.0,0.0,0.0
2025-10-13,1038,Cipolletti,50568829.21,816432.35,16.0,324.451
2025-10-13,1039,Paraná 2,42660102.81,0.0,0.0,0.0
2025-10-13,1042,Trelew,41548777.54,0.0,0.0,0.0
2025-10-13,1043,Laferrere,32118217.81,0.0,0.0,0.0
2025-10-13,1044,"Hurlingham (AV, Villegas)",11383888.63,0.0,0.0,0.0
2025-10-13,1045,"Hurlingham (AV, Vergara)",9530768.23,0.0,0.0,0.0
2025-10-13,1046,Pergamino,11372061.61,0.0,0.0,0.0
2025-10-13,1050,Lanús,27882009.9,0.0,0.0,0.0
2025-10-13,1051,Posadas,47238942.6,749999.0,1.0,1.0
2025-10-13,1052,Oran,25884550.31,0.0,0.0,0.0
2025-10-13,1053,Viedma,28896860.11,0.0,0.0,0.0
2025-10-13,1054,Olavarría,31118270.32,1757804.3,19.0,681.876
2025-10-13,1055,Villa Mercedes,27237254.09,2123252.7,14.0,372.375
2025-10-13,1056,Villa Nueva,20834422.05,39999.5,1.0,1.0
2025-10-13,1057,Comodoro Rivadavia,59485078.93,1916608.03,26.0,744.124
2025-10-13,1058,Resistencia,38240661.57,377383.96,13.0,183.95
2025-10-13,1059,Gonzalez Catán,37922047.83,0.0,0.0,0.0
2025-10-13,1060,Fuerza Aérea (Cba),26614910.1,0.0,0.0,0.0
2025-10-13,1061,Junín,29320092.29,0.0,0.0,0.0
2025-10-13,1067,San Martín (Mza),26189263.16,0.0,0.0,0.0
2025-10-13,1068,Palmares (Mza),38552267.47,0.0,0.0,0.0
2025-10-13,1074,Goya (Ctes),16555020.36,0.0,0.0,0.0
2025-10-13,1075,Salta Fuerza Aérea,32848903.08,0.0,0.0,0.0
2025-10-13,1076,Lomas de Zamora,30404132.08,0.0,0.0,0.0
2025-10-13,1077,Gral Pico (La Pampa),36700535.08,0.0,0.0,0.0
2025-10-13,1078,Salta Tartagal,35942276.74,0.0,0.0,0.0
2025-10-13,1080,Santiago del Estero Sur,35536267.93,5971927.63,35.0,664.931
2025-10-13,1081,Rawson San Juan,25831842.7,0.0,0.0,0.0
2025-10-13,1082,"Tucumán (Av, Jujuy)",20778824.99,0.0,0.0,0.0
2025-10-13,1084,San Vicente,9486753.4,0.0,0.0,0.0
2025-10-13,1085,"Corrientes (Av, Maipú)",16813687.3,0.0,0.0,0.0
2025-10-13,1086,Formosa II,36794720.84,0.0,0.0,0.0
2025-10-13,1087,Pilar,52202984.74,2793312.45,35.0,932.969
2025-10-13,1088,"Tuc, Concepción",38636702.92,0.0,0.0,0.0
2025-10-13,1092,San Juan Norte,32187535.86,0.0,0.0,0.0
2025-10-13,1093,Comodoro Rivadavia Norte,44501820.4,0.0,0.0,0.0
2025-10-13,1096,Caseros,26584417.3,0.0,0.0,0.0
2025-10-13,1097,Donato Alvarez (Cba),31016917.94,0.0,0.0,0.0
2025-10-13,1098,"R,S, Peña, Chaco",25236601.81,0.0,0.0,0.0
2025-10-13,1099,Posadas II,32117675.16,0.0,0.0,0.0
2025-10-13,1100,Santa Rosa (La Pampa) II,28489069.32,0.0,0.0,0.0
2025-10-13,1106,"Tuc, Ejército Del Norte",25412439.54,0.0,0.0,0.0
2025-10-13,1108,Puerto Madryn,41568455.09,259998.0,3.0,3.0
2025-10-13,1110,Claypole,21035556.78,0.0,0.0,0.0
2025-10-13,1111,San Pedro de Jujuy,26688677.58,0.0,0.0,0.0
2025-10-13,1114,Clorinda,26721193.25,0.0,0.0,0.0
2025-10-13,1115,General Roca,27633418.96,192148.18,6.0,65.65
2025-10-13,1116,Moron,22133312.43,0.0,0.0,0.0
2025-10-13,1119,Moreno Derqui,20875642.32,0.0,0.0,0.0
2025-10-13,2997,Constituyentes,116715669.94,8228264.9,109.0,3156.947
2025-10-13,2998,San Justo,71753278.74,7251462.98,77.0,2613.18
2025-10-13,2999,Avellaneda,78587478.33,8257188.22,76.0,1706.687
2025-10-13,3601,La Plata,89743394.28,5393452.23,78.0,2165.387
2025-10-13,3602,Bahía Blanca,68367999.31,4155501.97,46.0,1581.639
2025-10-13,3603,Santa Fe,66909806.17,4633054.65,43.0,1056.69
2025-10-13,3604,Paraná,53753349.13,5449459.31,47.0,1698.521
2025-10-13,3605,Córdoba Oeste,121879636.37,6500641.17,68.0,1949.889
2025-10-13,3606,Córdoba Este,71725211.89,1944190.32,38.0,1010.898
2025-10-13,3608,Neuquén,97904983.07,2707275.83,40.0,975.449
2025-10-13,3613,Mendoza,71789133.42,5396913.32,61.0,2014.957
2025-10-13,4001,Campana,13216564.99,0.0,0.0,0.0
2025-10-14,1002,Rio IV,55654717.54,1444616.93,25.0,591.787
2025-10-14,1003,San Luis,68504182.15,750620.26,15.0,304.577
2025-10-14,1004,San Fernando,68509161.82,3839576.0,43.0,1128.657
2025-10-14,1005,Las Heras,42172508.67,0.0,0.0,0.0
2025-10-14,1006,San Juan,51023821.31,1758007.18,18.0,498.715
2025-10-14,1007,La Rioja,72206409.57,0.0,0.0,0.0
2025-10-14,1008,Corrientes,58720133.84,733078.88,10.0,127.032
2025-10-14,1010,Córdoba Sur,61543777.4,0.0,0.0,0.0
2025-10-14,1011,Salta,62119416.16,2394334.64,10.0,212.398
2025-10-14,1012,Santiago,52974151.68,0.0,0.0,0.0
2025-10-14,1013,Tigre,43765858.3,0.0,0.0,0.0
2025-10-14,1014,Lujan,29908737.08,750101.37,8.0,356.26
2025-10-14,1015,Maipú,37060778.98,0.0,0.0,0.0
2025-10-14,1016,Avellaneda 2,44107535.69,0.0,0.0,0.0
2025-10-14,1017,La Tablada,55433996.62,0.0,0.0,0.0
2025-10-14,1018,Quilmes,76364547.61,0.0,0.0,0.0
2025-10-14,1020,Tucumán,67145038.15,14304853.1,43.0,822.075
2025-10-14,1021,Neuquén 2,52689311.86,0.0,0.0,0.0
2025-10-14,1022,Bariloche,53660100.38,0.0,0.0,0.0
2025-10-14,1023,La Pampa,38977130.22,0.0,0.0,0.0
2025-10-14,1024,Formosa,66016346.41,2905354.94,35.0,870.212
2025-10-14,1026,Catamarca,45213976.99,0.0,0.0,0.0
2025-10-14,1027,Mataderos,11108694.14,0.0,0.0,0.0
2025-10-14,1028,Alte Brown,31718365.81,0.0,0.0,0.0
2025-10-14,1029,Moreno,22648535.0,0.0,0.0,0.0
2025-10-14,1030,José C Paz,11433614.86,0.0,0.0,0.0
2025-10-14,1031,Jujuy,45628440.91,440941.47,12.0,181.772
2025-10-14,1032,Malvinas Arg,35387176.14,0.0,0.0,0.0
2025-10-14,1033,Rio Salí,36599500.19,0.0,0.0,0.0
2025-10-14,1035,3 de Febrero,26620988.95,2896993.34,12.0,186.841
2025-10-14,1036,Moreno Shopping,13510354.45,0.0,0.0,0.0
2025-10-14,1037,San Martin,9050751.09,0.0,0.0,0.0
2025-10-14,1038,Cipolletti,52645673.29,610135.35,12.0,296.419
2025-10-14,1039,Paraná 2,48209277.34,0.0,0.0,0.0
2025-10-14,1042,Trelew,38575226.83,739191.62,1.0,1.0
2025-10-14,1043,Laferrere,31689142.25,0.0,0.0,0.0
2025-10-14,1044,"Hurlingham (AV, Villegas)",9991470.85,0.0,0.0,0.0
2025-10-14,1045,"Hurlingham (AV, Vergara)",10401848.07,0.0,0.0,0.0
2025-10-14,1046,Pergamino,15468266.32,0.0,0.0,0.0
2025-10-14,1050,Lanús,26287811.65,0.0,0.0,0.0
2025-10-14,1051,Posadas,45367281.24,0.0,0.0,0.0
2025-10-14,1052,Oran,28482025.09,0.0,0.0,0.0
2025-10-14,1053,Viedma,33441312.2,0.0,0.0,0.0
2025-10-14,1054,Olavarría,41835274.19,591563.78,13.0,164.255
2025-10-14,1055,Villa Mercedes,32275892.33,439438.98,9.0,265.0
2025-10-14,1056,Villa Nueva,22934467.62,0.0,0.0,0.0
2025-10-14,1057,Comodoro Rivadavia,68474759.72,3672974.22,26.0,455.148
2025-10-14,1058,Resistencia,37695637.16,343232.93,11.0,197.369
2025-10-14,1059,Gonzalez Catán,32785311.7,0.0,0.0,0.0
2025-10-14,1060,Fuerza Aérea (Cba),32226255.39,0.0,0.0,0.0
2025-10-14,1061,Junín,36280799.91,0.0,0.0,0.0
2025-10-14,1067,San Martín (Mza),31491268.44,0.0,0.0,0.0
2025-10-14,1068,Palmares (Mza),50379972.39,0.0,0.0,0.0
2025-10-14,1074,Goya (Ctes),17562862.76,-359977.0,2.0,-1.0
2025-10-14,1075,Salta Fuerza Aérea,35048429.23,0.0,0.0,0.0
2025-10-14,1076,Lomas de Zamora,27808826.65,0.0,0.0,0.0
2025-10-14,1077,Gral Pico (La Pampa),39209175.21,195998.6,1.0,2.0
2025-10-14,1078,Salta Tartagal,36778713.52,0.0,0.0,0.0
2025-10-14,1080,Santiago del Estero Sur,35191485.24,3328785.55,20.0,328.657
2025-10-14,1081,Rawson San Juan,26781567.34,0.0,0.0,0.0
2025-10-14,1082,"Tucumán (Av, Jujuy)",14563087.65,0.0,0.0,0.0
2025-10-14,1084,San Vicente,11496486.13,0.0,0.0,0.0
2025-10-14,1085,"Corrientes (Av, Maipú)",21098847.63,0.0,0.0,0.0
2025-10-14,1086,Formosa II,37700646.83,0.0,0.0,0.0
2025-10-14,1087,Pilar,46408440.03,2497213.01,18.0,659.748
2025-10-14,1088,"Tuc, Concepción",33371296.86,0.0,0.0,0.0
2025-10-14,1092,San Juan Norte,29972661.84,0.0,0.0,0.0
2025-10-14,1093,Comodoro Rivadavia Norte,47274755.91,0.0,0.0,0.0
2025-10-14,1096,Caseros,28274399.86,0.0,0.0,0.0
2025-10-14,1097,Donato Alvarez (Cba),27471479.19,0.0,0.0,0.0
2025-10-14,1098,"R,S, Peña, Chaco",25051272.44,0.0,0.0,0.0
2025-10-14,1099,Posadas II,37213044.55,0.0,0.0,0.0
2025-10-14,1100,Santa Rosa (La Pampa) II,27417184.96,0.0,0.0,0.0
2025-10-14,1106,"Tuc, Ejército Del Norte",19482805.66,0.0,0.0,0.0
2025-10-14,1108,Puerto Madryn,46447561.61,0.0,0.0,0.0
2025-10-14,1110,Claypole,19980897.75,603499.0,1.0,1.0
2025-10-14,1111,San Pedro de Jujuy,27559240.2,0.0,0.0,0.0
2025-10-14,1114,Clorinda,26335407.2,0.0,0.0,0.0
2025-10-14,1115,General Roca,35308603.1,350239.45,6.0,128.395
2025-10-14,1116,Moron,25838820.91,0.0,0.0,0.0
2025-10-14,1119,Moreno Derqui,19835000.9,0.0,0.0,0.0
2025-10-14,2997,Constituyentes,119767816.3,9935458.62,70.0,1890.466
2025-10-14,2998,San Justo,74374775.59,7739276.42,78.0,1917.373
2025-10-14,2999,Avellaneda,73030105.52,5209084.27,65.0,2090.548
2025-10-14,3601,La Plata,79004547.25,4400094.65,66.0,1663.482
2025-10-14,3602,Bahía Blanca,68512646.61,2810748.56,45.0,908.944
2025-10-14,3603,Santa Fe,82665493.85,3008842.8,46.0,873.702
2025-10-14,3604,Paraná,58715496.58,3611376.66,32.0,757.132
2025-10-14,3605,Córdoba Oeste,126315375.07,7150492.29,66.0,1771.542
2025-10-14,3606,Córdoba Este,83759946.76,2835801.68,35.0,1255.944
2025-10-14,3608,Neuquén,95166017.47,1357212.92,31.0,440.278
2025-10-14,3613,Mendoza,84797583.18,3223212.28,64.0,1439.097
2025-10-14,4001,Campana,13587992.35,0.0,0.0,0.0
2025-10-15,1002,Rio IV,53486750.93,2443604.32,32.0,608.947
2025-10-15,1003,San Luis,73047007.79,1665313.41,37.0,528.434
2025-10-15,1004,San Fernando,64797312.77,5353422.79,44.0,969.347
2025-10-15,1005,Las Heras,57818907.97,0.0,0.0,0.0
2025-10-15,1006,San Juan,56327839.56,2283349.19,28.0,739.262
2025-10-15,1007,La Rioja,82328284.53,1289998.0,4.0,2.0
2025-10-15,1008,Corrientes,58821717.47,2340248.17,19.0,215.179
2025-10-15,1010,Córdoba Sur,37381514.16,0.0,0.0,0.0
2025-10-15,1011,Salta,49677782.41,2176967.62,7.0,117.422
2025-10-15,1012,Santiago,56100356.7,0.0,0.0,0.0
2025-10-15,1013,Tigre,38624936.2,0.0,0.0,0.0
2025-10-15,1014,Lujan,35607337.5,1379006.71,17.0,241.672
2025-10-15,1015,Maipú,47008521.99,0.0,0.0,0.0
2025-10-15,1016,Avellaneda 2,47159120.43,0.0,0.0,0.0
2025-10-15,1017,La Tablada,54867975.94,0.0,0.0,0.0
2025-10-15,1018,Quilmes,53387908.56,0.0,0.0,0.0
2025-10-15,1020,Tucumán,51061705.25,1578703.67,34.0,654.68
2025-10-15,1021,Neuquén 2,43835421.59,0.0,0.0,0.0
2025-10-15,1022,Bariloche,46744148.36,135599.0,3.0,2.0
2025-10-15,1023,La Pampa,46758815.88,1359986.31,3.0,3.0
2025-10-15,1024,Formosa,51532541.57,824970.74,29.0,473.725
2025-10-15,1026,Catamarca,63680601.77,5016974.26,9.0,11.0
2025-10-15,1027,Mataderos,10557960.07,0.0,0.0,0.0
2025-10-15,1028,Alte Brown,32702376.1,0.0,0.0,0.0
2025-10-15,1029,Moreno,23699392.86,0.0,0.0,0.0
2025-10-15,1030,José C Paz,9547506.06,0.0,0.0,0.0
2025-10-15,1031,Jujuy,60166584.17,421919.53,11.0,112.915
2025-10-15,1032,Malvinas Arg,31635488.22,0.0,0.0,0.0
2025-10-15,1033,Rio Salí,32443838.8,169999.15,1.0,1.0
2025-10-15,1035,3 de Febrero,22700629.75,-360102.32,7.0,168.235
2025-10-15,1036,Moreno Shopping,13813771.72,0.0,0.0,0.0
2025-10-15,1037,San Martin,10740134.18,0.0,0.0,0.0
2025-10-15,1038,Cipolletti,55214737.18,453927.74,10.0,223.377
2025-10-15,1039,Paraná 2,46327341.21,0.0,0.0,0.0
2025-10-15,1042,Trelew,33535008.32,0.0,0.0,0.0
2025-10-15,1043,Laferrere,30545895.49,0.0,0.0,0.0
2025-10-15,1044,"Hurlingham (AV, Villegas)",8960674.02,0.0,0.0,0.0
2025-10-15,1045,"Hurlingham (AV, Vergara)",10284871.84,0.0,0.0,0.0
2025-10-15,1046,Pergamino,13583478.57,0.0,0.0,0.0
2025-10-15,1050,Lanús,31176421.35,0.0,0.0,0.0
2025-10-15,1051,Posadas,59426026.38,0.0,0.0,0.0
2025-10-15,1052,Oran,36810837.44,0.0,0.0,0.0
2025-10-15,1053,Viedma,30437992.98,0.0,0.0,0.0
2025-10-15,1054,Olavarría,28631802.49,1515245.72,16.0,459.793
2025-10-15,1055,Villa Mercedes,38177204.53,1881523.79,14.0,276.0
2025-10-15,1056,Villa Nueva,27098460.93,0.0,0.0,0.0
2025-10-15,1057,Comodoro Rivadavia,63926176.52,3035083.36,31.0,763.92
2025-10-15,1058,Resistencia,39571445.52,901679.77,10.0,373.926
2025-10-15,1059,Gonzalez Catán,28996217.51,0.0,0.0,0.0
2025-10-15,1060,Fuerza Aérea (Cba),33068070.52,0.0,0.0,0.0
2025-10-15,1061,Junín,43238067.9,0.0,0.0,0.0
2025-10-15,1067,San Martín (Mza),33579298.77,0.0,0.0,0.0
2025-10-15,1068,Palmares (Mza),62967178.4,0.0,0.0,0.0
2025-10-15,1074,Goya (Ctes),22216016.95,0.0,0.0,0.0
2025-10-15,1075,Salta Fuerza Aérea,39516633.19,0.0,0.0,0.0
2025-10-15,1076,Lomas de Zamora,31064503.9,-7000.0,0.0,0.0
2025-10-15,1077,Gral Pico (La Pampa),37365087.37,0.0,0.0,0.0
2025-10-15,1078,Salta Tartagal,37744894.8,0.0,0.0,0.0
2025-10-15,1080,Santiago del Estero Sur,32783273.72,6894081.8,34.0,807.811
2025-10-15,1081,Rawson San Juan,23256240.98,0.0,0.0,0.0
2025-10-15,1082,"Tucumán (Av, Jujuy)",18101129.75,0.0,0.0,0.0
2025-10-15,1084,San Vicente,8155179.49,349999.31,1.0,1.0
2025-10-15,1085,"Corrientes (Av, Maipú)",18987230.89,0.0,0.0,0.0
2025-10-15,1086,Formosa II,30162814.68,0.0,0.0,0.0
2025-10-15,1087,Pilar,41443245.97,1990393.85,24.0,407.974
2025-10-15,1088,"Tuc, Concepción",40267865.85,0.0,0.0,0.0
2025-10-15,1092,San Juan Norte,30967099.85,0.0,0.0,0.0
2025-10-15,1093,Comodoro Rivadavia Norte,37286230.75,0.0,0.0,0.0
2025-10-15,1096,Caseros,29269589.54,0.0,0.0,0.0
2025-10-15,1097,Donato Alvarez (Cba),33179523.28,0.0,0.0,0.0
2025-10-15,1098,"R,S, Peña, Chaco",21570063.41,0.0,0.0,0.0
2025-10-15,1099,Posadas II,34054663.28,0.0,0.0,0.0
2025-10-15,1100,Santa Rosa (La Pampa) II,38070658.93,0.0,0.0,0.0
2025-10-15,1106,"Tuc, Ejército Del Norte",21640941.98,0.0,0.0,0.0
2025-10-15,1108,Puerto Madryn,43669449.52,0.0,0.0,0.0
2025-10-15,1110,Claypole,20261417.82,1079999.0,1.0,1.0
2025-10-15,1111,San Pedro de Jujuy,29897626.0,-707994.0,1.0,-1.0
2025-10-15,1114,Clorinda,24380604.68,0.0,0.0,0.0
2025-10-15,1115,General Roca,31046307.75,843491.01,7.0,136.067
2025-10-15,1116,Moron,23803064.45,0.0,0.0,0.0
2025-10-15,1119,Moreno Derqui,22338586.18,1258795.0,3.0,3.0
2025-10-15,2997,Constituyentes,135871919.48,6306963.17,87.0,1640.125
2025-10-15,2998,San Justo,74749738.58,8708671.51,75.0,2077.452
2025-10-15,2999,Avellaneda,69156072.1,3034068.22,57.0,1228.632
2025-10-15,3601,La Plata,90004597.22,4687008.68,66.0,1645.026
2025-10-15,3602,Bahía Blanca,80179777.88,2770868.64,47.0,949.702
2025-10-15,3603,Santa Fe,70162365.79,3852435.65,67.0,1325.495
2025-10-15,3604,Paraná,58463191.7,5915880.38,48.0,1281.612
2025-10-15,3605,Córdoba Oeste,116044910.02,4608715.95,68.0,1662.698
2025-10-15,3606,Córdoba Este,78733463.16,1803019.84,30.0,807.739
2025-10-15,3608,Neuquén,102032892.39,3421555.67,24.0,963.445
2025-10-15,3613,Mendoza,106354256.71,4961698.46,100.0,2110.558
2025-10-15,4001,Campana,10671836.12,0.0,0.0,0.0
2025-10-16,1002,Rio IV,54877445.4,2231774.58,33.0,1012.109
2025-10-16,1003,San Luis,63740635.25,5556848.14,48.0,645.607
2025-10-16,1004,San Fernando,63172627.95,2560129.33,50.0,782.323
2025-10-16,1005,Las Heras,36325422.16,0.0,0.0,0.0
2025-10-16,1006,San Juan,49324625.11,2004483.81,33.0,525.188
2025-10-16,1007,La Rioja,71516521.79,0.0,0.0,0.0
2025-10-16,1008,Corrientes,71473891.64,530645.75,14.0,175.703
2025-10-16,1010,Córdoba Sur,37481318.64,0.0,0.0,0.0
2025-10-16,1011,Salta,51680078.6,227857.25,5.0,111.657
2025-10-16,1012,Santiago,56619133.29,0.0,0.0,0.0
2025-10-16,1013,Tigre,41225025.37,0.0,0.0,0.0
2025-10-16,1014,Lujan,32042420.31,594168.86,13.0,239.983
2025-10-16,1015,Maipú,39985745.34,0.0,0.0,0.0
2025-10-16,1016,Avellaneda 2,49610383.1,0.0,0.0,0.0
2025-10-16,1017,La Tablada,57561057.06,0.0,0.0,0.0
2025-10-16,1018,Quilmes,48093771.44,0.0,0.0,0.0
2025-10-16,1020,Tucumán,53989898.1,2927606.59,47.0,1094.984
2025-10-16,1021,Neuquén 2,49884151.93,0.0,0.0,0.0
2025-10-16,1022,Bariloche,47146312.44,0.0,0.0,0.0
2025-10-16,1023,La Pampa,33430332.91,384997.2,2.0,4.0
2025-10-16,1024,Formosa,55269506.06,989178.23,24.0,430.935
2025-10-16,1026,Catamarca,47336091.9,311993.0,2.0,2.0
2025-10-16,1027,Mataderos,19470577.49,0.0,0.0,0.0
2025-10-16,1028,Alte Brown,38276320.19,1717525.3,4.0,4.0
2025-10-16,1029,Moreno,23632615.58,0.0,0.0,0.0
2025-10-16,1030,José C Paz,11555611.01,0.0,0.0,0.0
2025-10-16,1031,Jujuy,60395974.75,1523505.46,15.0,291.6
2025-10-16,1032,Malvinas Arg,35679192.91,0.0,0.0,0.0
2025-10-16,1033,Rio Salí,31225230.15,0.0,0.0,0.0
2025-10-16,1035,3 de Febrero,27754202.45,1597376.83,8.0,90.0
2025-10-16,1036,Moreno Shopping,16561833.92,1576187.1,2.0,2.0
2025-10-16,1037,San Martin,10902855.87,0.0,0.0,0.0
2025-10-16,1038,Cipolletti,51656854.3,917306.5,18.0,391.144
2025-10-16,1039,Paraná 2,51429537.61,0.0,0.0,0.0
2025-10-16,1042,Trelew,34589561.75,0.0,2.0,0.0
2025-10-16,1043,Laferrere,28651966.57,0.0,0.0,0.0
2025-10-16,1044,"Hurlingham (AV, Villegas)",9624976.97,0.0,0.0,0.0
2025-10-16,1045,"Hurlingham (AV, Vergara)",10454683.74,0.0,0.0,0.0
2025-10-16,1046,Pergamino,16508464.52,777999.0,1.0,1.0
2025-10-16,1050,Lanús,25938283.54,0.0,0.0,0.0
2025-10-16,1051,Posadas,39513337.68,0.0,0.0,0.0
2025-10-16,1052,Oran,27314569.41,0.0,0.0,0.0
2025-10-16,1053,Viedma,30463787.83,0.0,0.0,0.0
2025-10-16,1054,Olavarría,42821235.2,1622974.1,30.0,660.762
2025-10-16,1055,Villa Mercedes,33860218.14,2489569.44,26.0,474.654
2025-10-16,1056,Villa Nueva,28136844.3,4775982.73,6.0,7.0
2025-10-16,1057,Comodoro Rivadavia,59550762.83,2139583.23,20.0,483.492
2025-10-16,1058,Resistencia,43476460.64,4571275.48,26.0,211.817
2025-10-16,1059,Gonzalez Catán,24652150.05,0.0,0.0,0.0
2025-10-16,1060,Fuerza Aérea (Cba),31054465.46,0.0,0.0,0.0
2025-10-16,1061,Junín,35509062.16,174999.3,1.0,1.0
2025-10-16,1067,San Martín (Mza),25036700.9,0.0,0.0,0.0
2025-10-16,1068,Palmares (Mza),42991382.61,0.0,0.0,0.0
2025-10-16,1074,Goya (Ctes),24425081.01,0.0,0.0,0.0
2025-10-16,1075,Salta Fuerza Aérea,34465789.12,0.0,0.0,0.0
2025-10-16,1076,Lomas de Zamora,35561588.18,0.0,0.0,0.0
2025-10-16,1077,Gral Pico (La Pampa),33014385.43,2450996.5,4.0,4.0
2025-10-16,1078,Salta Tartagal,36932585.79,0.0,0.0,0.0
2025-10-16,1080,Santiago del Estero Sur,30846968.88,1306412.13,18.0,301.912
2025-10-16,1081,Rawson San Juan,26629467.52,0.0,0.0,0.0
2025-10-16,1082,"Tucumán (Av, Jujuy)",16270567.11,0.0,0.0,0.0
2025-10-16,1084,San Vicente,11561602.73,0.0,0.0,0.0
2025-10-16,1085,"Corrientes (Av, Maipú)",18968427.89,0.0,0.0,0.0
2025-10-16,1086,Formosa II,34008967.43,0.0,0.0,0.0
2025-10-16,1087,Pilar,46540617.33,3314583.65,42.0,1067.169
2025-10-16,1088,"Tuc, Concepción",33266664.98,788238.34,2.0,2.0
2025-10-16,1092,San Juan Norte,25139621.5,0.0,0.0,0.0
2025-10-16,1093,Comodoro Rivadavia Norte,42920965.89,0.0,0.0,0.0
2025-10-16,1096,Caseros,37393687.33,0.0,0.0,0.0
2025-10-16,1097,Donato Alvarez (Cba),34485067.28,0.0,0.0,0.0
2025-10-16,1098,"R,S, Peña, Chaco",20742093.2,0.0,0.0,0.0
2025-10-16,1099,Posadas II,34025695.44,0.0,0.0,0.0
2025-10-16,1100,Santa Rosa (La Pampa) II,27298779.69,0.0,0.0,0.0
2025-10-16,1106,"Tuc, Ejército Del Norte",21712519.53,0.0,0.0,0.0
2025-10-16,1108,Puerto Madryn,39212819.42,0.0,0.0,0.0
2025-10-16,1110,Claypole,17772919.03,0.0,0.0,0.0
2025-10-16,1111,San Pedro de Jujuy,24436677.5,0.0,0.0,0.0
2025-10-16,1114,Clorinda,22533464.18,0.0,0.0,0.0
2025-10-16,1115,General Roca,36236702.82,253431.02,8.0,141.442
2025-10-16,1116,Moron,27807540.6,0.0,0.0,0.0
2025-10-16,1119,Moreno Derqui,18671284.3,0.0,0.0,0.0
2025-10-16,2997,Constituyentes,130813560.43,7616935.73,119.0,2135.973
2025-10-16,2998,San Justo,68278266.23,5717467.45,95.0,1653.005
2025-10-16,2999,Avellaneda,80258430.35,8059535.45,81.0,1845.498
2025-10-16,3601,La Plata,111152938.59,5892614.14,115.0,2330.091
2025-10-16,3602,Bahía Blanca,81506829.36,8761616.34,70.0,1098.729
2025-10-16,3603,Santa Fe,71114646.24,4351443.93,67.0,1480.948
2025-10-16,3604,Paraná,65351177.02,4521814.64,60.0,1319.672
2025-10-16,3605,Córdoba Oeste,123885091.72,7796806.6,97.0,2172.269
2025-10-16,3606,Córdoba Este,80176767.28,5394762.55,54.0,1282.284
2025-10-16,3608,Neuquén,96470805.05,1837332.26,38.0,563.833
2025-10-16,3613,Mendoza,80388157.37,6306562.53,116.0,2636.718
2025-10-16,4001,Campana,16418209.07,0.0,0.0,0.0
2025-10-17,1002,Rio IV,59603703.41,2981532.78,43.0,801.743
2025-10-17,1003,San Luis,59299353.04,2478636.81,27.0,330.212
2025-10-17,1004,San Fernando,78786204.45,7400342.42,80.0,2033.222
2025-10-17,1005,Las Heras,43796988.17,0.0,0.0,0.0
2025-10-17,1006,San Juan,50042826.13,1121504.3,23.0,473.537
2025-10-17,1007,La Rioja,72975096.26,0.0,0.0,0.0
2025-10-17,1008,Corrientes,83427037.96,1375311.95,12.0,187.978
2025-10-17,1010,Córdoba Sur,28537279.77,0.0,0.0,0.0
2025-10-17,1011,Salta,45986319.68,271093.2,5.0,95.0
2025-10-17,1012,Santiago,47929764.97,0.0,0.0,0.0
2025-10-17,1013,Tigre,45818845.07,0.0,0.0,0.0
2025-10-17,1014,Lujan,51011353.33,1351605.56,27.0,432.337
2025-10-17,1015,Maipú,37143639.91,0.0,0.0,0.0
2025-10-17,1016,Avellaneda 2,59268796.52,0.0,0.0,0.0
2025-10-17,1017,La Tablada,53708792.11,0.0,0.0,0.0
2025-10-17,1018,Quilmes,80910116.68,0.0,0.0,0.0
2025-10-17,1020,Tucumán,51463309.34,2960699.6,55.0,1119.011
2025-10-17,1021,Neuquén 2,50137944.66,0.0,0.0,0.0
2025-10-17,1022,Bariloche,56606308.64,0.0,0.0,0.0
2025-10-17,1023,La Pampa,49527665.38,384999.31,1.0,1.0
2025-10-17,1024,Formosa,53599272.35,1735470.8,31.0,822.462
2025-10-17,1026,Catamarca,52167388.71,1894997.24,3.0,3.0
2025-10-17,1027,Mataderos,18393372.3,0.0,0.0,0.0
2025-10-17,1028,Alte Brown,40725089.47,0.0,0.0,0.0
2025-10-17,1029,Moreno,38913670.06,3664981.7,7.0,8.0
2025-10-17,1030,José C Paz,12789667.96,0.0,0.0,0.0
2025-10-17,1031,Jujuy,61170398.48,6417063.84,16.0,336.595
2025-10-17,1032,Malvinas Arg,42003754.06,0.0,0.0,0.0
2025-10-17,1033,Rio Salí,32802505.7,713999.31,1.0,1.0
2025-10-17,1035,3 de Febrero,29398838.93,2477854.64,32.0,527.139
2025-10-17,1036,Moreno Shopping,16420182.56,1439998.24,1.0,2.0
2025-10-17,1037,San Martin,12087054.37,0.0,0.0,0.0
2025-10-17,1038,Cipolletti,61028435.07,4562444.34,22.0,275.016
2025-10-17,1039,Paraná 2,41841609.44,0.0,0.0,0.0
2025-10-17,1042,Trelew,45695661.72,0.0,0.0,0.0
2025-10-17,1043,Laferrere,32203038.67,0.0,0.0,0.0
2025-10-17,1044,"Hurlingham (AV, Villegas)",13061097.99,0.0,0.0,0.0
2025-10-17,1045,"Hurlingham (AV, Vergara)",13700163.6,0.0,0.0,0.0
2025-10-17,1046,Pergamino,18406841.01,0.0,0.0,0.0
2025-10-17,1050,Lanús,34077282.29,0.0,0.0,0.0
2025-10-17,1051,Posadas,54198689.06,602999.12,1.0,1.0
2025-10-17,1052,Oran,41115970.62,1414997.12,3.0,3.0
2025-10-17,1053,Viedma,37599018.29,522996.3,2.0,5.0
2025-10-17,1054,Olavarría,39444211.39,3021116.23,30.0,712.921
2025-10-17,1055,Villa Mercedes,37806795.46,891293.88,14.0,221.414
2025-10-17,1056,Villa Nueva,25061749.89,0.0,0.0,0.0
2025-10-17,1057,Comodoro Rivadavia,67176500.73,1462935.86,27.0,548.399
2025-10-17,1058,Resistencia,42919183.75,1453005.28,28.0,643.262
2025-10-17,1059,Gonzalez Catán,32391185.98,0.0,0.0,0.0
2025-10-17,1060,Fuerza Aérea (Cba),31617056.54,0.0,0.0,0.0
2025-10-17,1061,Junín,43527360.18,0.0,0.0,0.0
2025-10-17,1067,San Martín (Mza),28576212.97,0.0,0.0,0.0
2025-10-17,1068,Palmares (Mza),52075464.85,0.0,0.0,0.0
2025-10-17,1074,Goya (Ctes),26453326.89,0.0,0.0,0.0
2025-10-17,1075,Salta Fuerza Aérea,40176515.41,0.0,0.0,0.0
2025-10-17,1076,Lomas de Zamora,41174907.61,3099461.24,7.0,6.0
2025-10-17,1077,Gral Pico (La Pampa),41522335.37,0.0,0.0,0.0
2025-10-17,1078,Salta Tartagal,34788990.35,0.0,0.0,0.0
2025-10-17,1080,Santiago del Estero Sur,39335125.58,3075846.84,26.0,544.536
2025-10-17,1081,Rawson San Juan,28098338.03,0.0,0.0,0.0
2025-10-17,1082,"Tucumán (Av, Jujuy)",13013752.29,0.0,0.0,0.0
2025-10-17,1084,San Vicente,14203572.99,0.0,0.0,0.0
2025-10-17,1085,"Corrientes (Av, Maipú)",23109897.07,0.0,0.0,0.0
2025-10-17,1086,Formosa II,33523855.14,0.0,0.0,0.0
2025-10-17,1087,Pilar,59401854.19,5636339.52,62.0,1295.908
2025-10-17,1088,"Tuc, Concepción",44622030.49,4405105.24,11.0,11.0
2025-10-17,1092,San Juan Norte,32656388.9,0.0,0.0,0.0
2025-10-17,1093,Comodoro Rivadavia Norte,48729188.07,0.0,0.0,0.0
2025-10-17,1096,Caseros,37143201.86,0.0,0.0,0.0
2025-10-17,1097,Donato Alvarez (Cba),34010611.21,0.0,0.0,0.0
2025-10-17,1098,"R,S, Peña, Chaco",30473534.93,50994.9,1.0,1.0
2025-10-17,1099,Posadas II,37028061.14,0.0,0.0,0.0
2025-10-17,1100,Santa Rosa (La Pampa) II,35275639.7,0.0,0.0,0.0
2025-10-17,1106,"Tuc, Ejército Del Norte",22882634.28,0.0,0.0,0.0
2025-10-17,1108,Puerto Madryn,47888429.15,114216.9,3.0,3.0
2025-10-17,1110,Claypole,28191725.64,36497.6,1.0,3.0
2025-10-17,1111,San Pedro de Jujuy,31555088.92,0.0,0.0,0.0
2025-10-17,1114,Clorinda,25573687.88,0.0,0.0,0.0
2025-10-17,1115,General Roca,41497231.93,2582646.26,17.0,105.402
2025-10-17,1116,Moron,27471496.79,0.0,0.0,0.0
2025-10-17,1119,Moreno Derqui,24645634.67,0.0,0.0,0.0
2025-10-17,2997,Constituyentes,179950421.51,20188403.02,171.0,3373.024
2025-10-17,2998,San Justo,100532974.07,18360900.89,149.0,2868.031
2025-10-17,2999,Avellaneda,91485972.6,8367646.02,110.0,3170.92
2025-10-17,3601,La Plata,112067484.63,5384227.86,103.0,2194.773
2025-10-17,3602,Bahía Blanca,91313750.65,14460648.52,79.0,1036.386
2025-10-17,3603,Santa Fe,79130778.61,5579304.21,66.0,1598.26
2025-10-17,3604,Paraná,59915378.59,4152716.73,54.0,1254.269
2025-10-17,3605,Córdoba Oeste,144201791.62,10757909.36,102.0,2606.721
2025-10-17,3606,Córdoba Este,87731392.97,6187857.22,55.0,1622.218
2025-10-17,3608,Neuquén,102007476.26,1794582.19,36.0,529.952
2025-10-17,3613,Mendoza,89844225.61,5302106.3,94.0,1983.72
2025-10-17,4001,Campana,15880647.68,499999.0,1.0,1.0
2025-10-18,1002,Rio IV,113026501.92,6571448.25,44.0,946.332
2025-10-18,1003,San Luis,109512593.81,2179023.68,29.0,681.931
2025-10-18,1004,San Fernando,108211430.0,2884149.01,48.0,1135.488
2025-10-18,1005,Las Heras,91945341.96,0.0,0.0,0.0
2025-10-18,1006,San Juan,93674696.87,5001100.33,27.0,630.391
2025-10-18,1007,La Rioja,118933798.02,0.0,0.0,0.0
2025-10-18,1008,Corrientes,138948444.86,965317.61,26.0,397.653
2025-10-18,1010,Córdoba Sur,46684612.64,0.0,0.0,0.0
2025-10-18,1011,Salta,94529735.88,3039782.92,39.0,802.427
2025-10-18,1012,Santiago,82008039.79,0.0,0.0,0.0
2025-10-18,1013,Tigre,75809483.58,0.0,0.0,0.0
2025-10-18,1014,Lujan,82161335.81,4886155.32,23.0,396.282
2025-10-18,1015,Maipú,65741112.74,0.0,0.0,0.0
2025-10-18,1016,Avellaneda 2,104612062.15,0.0,0.0,0.0
2025-10-18,1017,La Tablada,79219446.6,0.0,0.0,0.0
2025-10-18,1018,Quilmes,87296187.82,0.0,0.0,0.0
2025-10-18,1020,Tucumán,95111675.2,2878115.35,33.0,926.619
2025-10-18,1021,Neuquén 2,65440460.78,0.0,0.0,0.0
2025-10-18,1022,Bariloche,83130458.42,0.0,0.0,0.0
2025-10-18,1023,La Pampa,112018093.92,0.0,0.0,0.0
2025-10-18,1024,Formosa,78457380.44,2241259.67,47.0,954.129
2025-10-18,1026,Catamarca,116869855.24,6173990.79,9.0,10.0
2025-10-18,1027,Mataderos,25344642.1,0.0,0.0,0.0
2025-10-18,1028,Alte Brown,66279368.0,0.0,0.0,0.0
2025-10-18,1029,Moreno,50430352.45,0.0,0.0,0.0
2025-10-18,1030,José C Paz,21806245.23,0.0,0.0,0.0
2025-10-18,1031,Jujuy,116532788.92,637349.44,16.0,133.349
2025-10-18,1032,Malvinas Arg,63678619.54,0.0,0.0,0.0
2025-10-18,1033,Rio Salí,75416176.26,6486984.05,10.0,12.0
2025-10-18,1035,3 de Febrero,55357714.76,548967.55,11.0,229.03
2025-10-18,1036,Moreno Shopping,18307246.5,0.0,0.0,0.0
2025-10-18,1037,San Martin,18801780.88,0.0,0.0,0.0
2025-10-18,1038,Cipolletti,86545332.81,1523365.32,12.0,263.084
2025-10-18,1039,Paraná 2,77989076.43,0.0,0.0,0.0
2025-10-18,1042,Trelew,65061671.5,5243664.19,2.0,2.0
2025-10-18,1043,Laferrere,62568888.93,0.0,0.0,0.0
2025-10-18,1044,"Hurlingham (AV, Villegas)",18842723.54,0.0,0.0,0.0
2025-10-18,1045,"Hurlingham (AV, Vergara)",17622488.32,0.0,0.0,0.0
2025-10-18,1046,Pergamino,25559284.79,0.0,0.0,0.0
2025-10-18,1050,Lanús,49558277.93,0.0,0.0,0.0
2025-10-18,1051,Posadas,78427040.12,0.0,0.0,0.0
2025-10-18,1052,Oran,76810923.48,0.0,0.0,0.0
2025-10-18,1053,Viedma,61772656.06,0.0,0.0,0.0
2025-10-18,1054,Olavarría,71089139.28,2946800.54,21.0,676.364
2025-10-18,1055,Villa Mercedes,64220514.78,1084177.8,11.0,171.186
2025-10-18,1056,Villa Nueva,47740515.24,0.0,0.0,0.0
2025-10-18,1057,Comodoro Rivadavia,97994981.25,2626085.15,30.0,753.76
2025-10-18,1058,Resistencia,79575884.28,1215378.83,21.0,483.865
2025-10-18,1059,Gonzalez Catán,66112270.28,0.0,0.0,0.0
2025-10-18,1060,Fuerza Aérea (Cba),45253316.75,0.0,0.0,0.0
2025-10-18,1061,Junín,65097272.62,183632.73,2.0,5.0
2025-10-18,1067,San Martín (Mza),56717631.17,0.0,0.0,0.0
2025-10-18,1068,Palmares (Mza),79630828.13,0.0,0.0,0.0
2025-10-18,1074,Goya (Ctes),49094723.36,0.0,0.0,0.0
2025-10-18,1075,Salta Fuerza Aérea,66767369.8,0.0,0.0,0.0
2025-10-18,1076,Lomas de Zamora,60889989.39,0.0,0.0,0.0
2025-10-18,1077,Gral Pico (La Pampa),93495265.52,0.0,0.0,0.0
2025-10-18,1078,Salta Tartagal,63685944.13,0.0,0.0,0.0
2025-10-18,1080,Santiago del Estero Sur,75398600.21,5298636.49,31.0,625.97
2025-10-18,1081,Rawson San Juan,50092333.79,0.0,0.0,0.0
2025-10-18,1082,"Tucumán (Av, Jujuy)",36044140.71,0.0,0.0,0.0
2025-10-18,1084,San Vicente,22357272.03,0.0,0.0,0.0
2025-10-18,1085,"Corrientes (Av, Maipú)",49797224.31,0.0,0.0,0.0
2025-10-18,1086,Formosa II,61329324.17,0.0,0.0,0.0
2025-10-18,1087,Pilar,90429979.83,1749592.77,27.0,557.008
2025-10-18,1088,"Tuc, Concepción",60035531.67,1346727.31,3.0,3.0
2025-10-18,1092,San Juan Norte,64302573.61,0.0,0.0,0.0
2025-10-18,1093,Comodoro Rivadavia Norte,68440136.27,0.0,0.0,0.0
2025-10-18,1096,Caseros,63502416.1,0.0,0.0,0.0
2025-10-18,1097,Donato Alvarez (Cba),61761590.82,4323493.68,6.0,7.0
2025-10-18,1098,"R,S, Peña, Chaco",58154446.75,0.0,0.0,0.0
2025-10-18,1099,Posadas II,70411412.17,2189997.04,3.0,4.0
2025-10-18,1100,Santa Rosa (La Pampa) II,73684602.49,0.0,0.0,0.0
2025-10-18,1106,"Tuc, Ejército Del Norte",45084253.52,0.0,0.0,0.0
2025-10-18,1108,Puerto Madryn,59790264.71,-34499.25,1.0,-1.0
2025-10-18,1110,Claypole,45751852.67,0.0,0.0,0.0
2025-10-18,1111,San Pedro de Jujuy,61822583.33,71674.49,2.0,13.0
2025-10-18,1114,Clorinda,43021974.06,769998.19,2.0,2.0
2025-10-18,1115,General Roca,60184695.78,397456.6,8.0,113.993
2025-10-18,1116,Moron,53728513.21,0.0,0.0,0.0
2025-10-18,1119,Moreno Derqui,40495453.39,0.0,0.0,0.0
2025-10-18,2997,Constituyentes,257288976.65,17831983.0,155.0,3088.648
2025-10-18,2998,San Justo,152883044.39,10912309.18,116.0,2845.221
2025-10-18,2999,Avellaneda,156939490.85,9654317.79,109.0,2363.06
2025-10-18,3601,La Plata,190705840.21,4325223.6,72.0,1679.329
2025-10-18,3602,Bahía Blanca,134275763.51,1628780.31,33.0,567.414
2025-10-18,3603,Santa Fe,138032675.77,5422087.44,45.0,870.978
2025-10-18,3604,Paraná,107030045.38,4799179.36,27.0,1060.376
2025-10-18,3605,Córdoba Oeste,205968907.06,10995535.52,71.0,1435.673
2025-10-18,3606,Córdoba Este,157977307.92,1639549.72,32.0,570.153
2025-10-18,3608,Neuquén,153190324.27,6002417.98,45.0,1304.927
2025-10-18,3613,Mendoza,149379025.27,6314481.61,90.0,1661.577
2025-10-18,4001,Campana,21246111.89,0.0,0.0,0.0
2025-10-19,1002,Rio IV,77731518.84,381954.8,4.0,93.229
2025-10-19,1003,San Luis,58298362.98,0.0,0.0,0.0
2025-10-19,1004,San Fernando,53804489.69,1402688.06,15.0,356.27
2025-10-19,1005,Las Heras,50787422.8,0.0,0.0,0.0
2025-10-19,1006,San Juan,50796610.28,524667.1,2.0,2.0
2025-10-19,1008,Corrientes,72918805.28,0.0,0.0,0.0
2025-10-19,1010,Córdoba Sur,22311713.89,0.0,0.0,0.0
2025-10-19,1011,Salta,51314092.95,0.0,0.0,0.0
2025-10-19,1012,Santiago,46298173.43,0.0,0.0,0.0
2025-10-19,1013,Tigre,42863263.86,0.0,0.0,0.0
2025-10-19,1014,Lujan,43013293.7,0.0,0.0,0.0
2025-10-19,1015,Maipú,38438299.17,0.0,0.0,0.0
2025-10-19,1016,Avellaneda 2,56879155.91,0.0,0.0,0.0
2025-10-19,1017,La Tablada,38267567.51,0.0,0.0,0.0
2025-10-19,1018,Quilmes,22081767.7,0.0,0.0,0.0
2025-10-19,1020,Tucumán,52203076.16,0.0,0.0,0.0
2025-10-19,1022,Bariloche,53339938.11,0.0,0.0,0.0
2025-10-19,1024,Formosa,36774224.01,0.0,0.0,0.0
2025-10-19,1026,Catamarca,61224871.86,0.0,0.0,0.0
2025-10-19,1027,Mataderos,12257629.21,0.0,0.0,0.0
2025-10-19,1028,Alte Brown,32994759.3,0.0,0.0,0.0
2025-10-19,1029,Moreno,30917238.28,0.0,0.0,0.0
2025-10-19,1030,José C Paz,11645684.86,0.0,0.0,0.0
2025-10-19,1031,Jujuy,43066064.21,0.0,0.0,0.0
2025-10-19,1032,Malvinas Arg,40100525.92,0.0,0.0,0.0
2025-10-19,1033,Rio Salí,45493718.23,0.0,0.0,0.0
2025-10-19,1035,3 de Febrero,28545433.05,0.0,0.0,0.0
2025-10-19,1036,Moreno Shopping,4632020.54,0.0,0.0,0.0
2025-10-19,1037,San Martin,5713418.47,0.0,0.0,0.0
2025-10-19,1039,Paraná 2,43143788.16,0.0,0.0,0.0
2025-10-19,1042,Trelew,30224547.71,0.0,0.0,0.0
2025-10-19,1043,Laferrere,49270520.17,0.0,0.0,0.0
2025-10-19,1044,"Hurlingham (AV, Villegas)",12566532.58,0.0,0.0,0.0
2025-10-19,1045,"Hurlingham (AV, Vergara)",8338212.66,0.0,0.0,0.0
2025-10-19,1046,Pergamino,10620898.68,0.0,0.0,0.0
2025-10-19,1050,Lanús,31531040.58,0.0,0.0,0.0
2025-10-19,1051,Posadas,35769252.78,0.0,0.0,0.0
2025-10-19,1052,Oran,49036262.17,1089995.0,2.0,5.0
2025-10-19,1053,Viedma,35416106.89,0.0,0.0,0.0
2025-10-19,1054,Olavarría,43489714.08,32550.64,1.0,11.106
2025-10-19,1055,Villa Mercedes,31496261.91,0.0,0.0,0.0
2025-10-19,1056,Villa Nueva,34330806.07,0.0,0.0,0.0
2025-10-19,1057,Comodoro Rivadavia,38775546.53,0.0,0.0,0.0
2025-10-19,1058,Resistencia,46169561.72,0.0,0.0,0.0
2025-10-19,1059,Gonzalez Catán,45113239.68,0.0,0.0,0.0
2025-10-19,1060,Fuerza Aérea (Cba),32813753.08,0.0,0.0,0.0
2025-10-19,1061,Junín,38309149.75,0.0,0.0,0.0
2025-10-19,1067,San Martín (Mza),28937117.71,0.0,0.0,0.0
2025-10-19,1068,Palmares (Mza),46603220.94,0.0,0.0,0.0
2025-10-19,1074,Goya (Ctes),24734591.37,0.0,0.0,0.0
2025-10-19,1075,Salta Fuerza Aérea,49409003.91,0.0,0.0,0.0
2025-10-19,1076,Lomas de Zamora,35089445.76,0.0,0.0,0.0
2025-10-19,1078,Salta Tartagal,47987607.22,0.0,0.0,0.0
2025-10-19,1080,Santiago del Estero Sur,43861628.66,0.0,0.0,0.0
2025-10-19,1081,Rawson San Juan,36476872.43,0.0,0.0,0.0
2025-10-19,1082,"Tucumán (Av, Jujuy)",21174710.62,0.0,0.0,0.0
2025-10-19,1084,San Vicente,11943937.0,0.0,0.0,0.0
2025-10-19,1085,"Corrientes (Av, Maipú)",22802772.3,0.0,0.0,0.0
2025-10-19,1086,Formosa II,31510237.2,0.0,0.0,0.0
2025-10-19,1087,Pilar,43454605.69,0.0,0.0,0.0
2025-10-19,1088,"Tuc, Concepción",37925651.72,316998.2,1.0,2.0
2025-10-19,1092,San Juan Norte,31806033.23,0.0,0.0,0.0
2025-10-19,1093,Comodoro Rivadavia Norte,33165289.89,0.0,0.0,0.0
2025-10-19,1096,Caseros,31871130.78,0.0,0.0,0.0
2025-10-19,1097,Donato Alvarez (Cba),35399854.9,0.0,0.0,0.0
2025-10-19,1099,Posadas II,31006802.92,0.0,0.0,0.0
2025-10-19,1106,"Tuc, Ejército Del Norte",25802074.07,0.0,0.0,0.0
2025-10-19,1108,Puerto Madryn,35734943.14,0.0,0.0,0.0
2025-10-19,1110,Claypole,31617883.93,0.0,0.0,0.0
2025-10-19,1111,San Pedro de Jujuy,26337778.17,0.0,0.0,0.0
2025-10-19,1114,Clorinda,22743568.97,0.0,0.0,0.0
2025-10-19,1115,General Roca,28860407.94,533599.19,1.0,1.0
2025-10-19,1116,Moron,33185150.25,0.0,0.0,0.0
2025-10-19,1119,Moreno Derqui,33343862.17,0.0,0.0,0.0
2025-10-19,2997,Constituyentes,137571462.95,-34970.0,9.0,-24.0
2025-10-19,2998,San Justo,72759553.12,0.0,0.0,0.0
2025-10-19,2999,Avellaneda,85655509.58,2722112.77,5.0,2.0
2025-10-19,3601,La Plata,90618726.75,0.0,0.0,0.0
2025-10-19,3602,Bahía Blanca,76347502.57,983171.46,4.0,4.0
2025-10-19,3603,Santa Fe,99690645.45,0.0,0.0,0.0
2025-10-19,3604,Paraná,68438922.88,0.0,0.0,0.0
2025-10-19,3605,Córdoba Oeste,130960649.55,0.0,0.0,0.0
2025-10-19,3606,Córdoba Este,89605873.18,0.0,0.0,0.0
2025-10-19,3608,Neuquén,105708654.13,303810.7,8.0,102.0
2025-10-19,3613,Mendoza,102160229.3,21686927.09,51.0,54.4
2025-10-19,4001,Campana,12497904.28,0.0,0.0,0.0
2025-10-20,1002,Rio IV,40584178.12,3066197.74,23.0,828.463
2025-10-20,1003,San Luis,34944177.86,3058332.11,20.0,661.222
2025-10-20,1004,San Fernando,53363529.31,3180507.25,34.0,659.916
2025-10-20,1005,Las Heras,31842731.24,0.0,0.0,0.0
2025-10-20,1006,San Juan,38857281.05,2273555.44,20.0,394.714
2025-10-20,1007,La Rioja,49816594.98,0.0,0.0,0.0
2025-10-20,1008,Corrientes,50352589.64,4398858.1,33.0,579.855
2025-10-20,1010,Córdoba Sur,37276471.2,935987.2,2.0,2.0
2025-10-20,1011,Salta,65936553.48,1771052.85,11.0,210.398
2025-10-20,1012,Santiago,37535860.87,0.0,0.0,0.0
2025-10-20,1013,Tigre,32761033.33,0.0,0.0,0.0
2025-10-20,1014,Lujan,26178678.05,1722754.88,8.0,125.0
2025-10-20,1015,Maipú,27912460.73,0.0,0.0,0.0
2025-10-20,1016,Avellaneda 2,36480329.45,0.0,0.0,0.0
2025-10-20,1017,La Tablada,33293219.42,0.0,0.0,0.0
2025-10-20,1018,Quilmes,36909704.34,800928.3,2.0,3.0
2025-10-20,1020,Tucumán,50763400.04,19914375.34,41.0,168.459
2025-10-20,1021,Neuquén 2,38252875.97,0.0,0.0,0.0
2025-10-20,1022,Bariloche,43339080.56,0.0,0.0,0.0
2025-10-20,1023,La Pampa,46062635.19,0.0,0.0,0.0
2025-10-20,1024,Formosa,39219251.34,2023176.33,23.0,373.808
2025-10-20,1026,Catamarca,35303016.54,26458.6,1.0,2.0
2025-10-20,1027,Mataderos,12035326.53,0.0,0.0,0.0
2025-10-20,1028,Alte Brown,27055376.06,0.0,0.0,0.0
2025-10-20,1029,Moreno,21555969.32,1538986.43,3.0,3.0
2025-10-20,1030,José C Paz,9782608.97,0.0,0.0,0.0
2025-10-20,1031,Jujuy,34312240.31,713592.39,6.0,59.0
2025-10-20,1032,Malvinas Arg,25700799.42,0.0,0.0,0.0
2025-10-20,1033,Rio Salí,19811387.02,0.0,0.0,0.0
2025-10-20,1035,3 de Febrero,18325695.45,678327.05,8.0,263.989
2025-10-20,1036,Moreno Shopping,10254492.35,0.0,0.0,0.0
2025-10-20,1037,San Martin,9689593.71,0.0,0.0,0.0
2025-10-20,1038,Cipolletti,42467660.36,321919.97,9.0,137.962
2025-10-20,1039,Paraná 2,29704420.89,0.0,0.0,0.0
2025-10-20,1042,Trelew,29762441.86,0.0,0.0,0.0
2025-10-20,1043,Laferrere,29067522.98,0.0,0.0,0.0
2025-10-20,1044,"Hurlingham (AV, Villegas)",9445115.2,0.0,0.0,0.0
2025-10-20,1045,"Hurlingham (AV, Vergara)",7614525.38,0.0,0.0,0.0
2025-10-20,1046,Pergamino,10493131.67,0.0,0.0,0.0
2025-10-20,1050,Lanús,18278108.59,0.0,0.0,0.0
2025-10-20,1051,Posadas,26697215.63,719999.12,1.0,1.0
2025-10-20,1052,Oran,24567886.75,0.0,0.0,0.0
2025-10-20,1053,Viedma,25699707.32,0.0,0.0,0.0
2025-10-20,1054,Olavarría,28680502.74,705473.25,11.0,206.469
2025-10-20,1055,Villa Mercedes,20910309.8,3093645.94,9.0,128.955
2025-10-20,1056,Villa Nueva,15150644.86,0.0,0.0,0.0
2025-10-20,1057,Comodoro Rivadavia,49097995.35,1355984.24,20.0,451.962
2025-10-20,1058,Resistencia,32478652.73,1472948.36,18.0,190.12
2025-10-20,1059,Gonzalez Catán,24223503.93,0.0,0.0,0.0
2025-10-20,1060,Fuerza Aérea (Cba),22639707.4,0.0,0.0,0.0
2025-10-20,1061,Junín,24531394.24,0.0,0.0,0.0
2025-10-20,1067,San Martín (Mza),23119050.08,0.0,0.0,0.0
2025-10-20,1068,Palmares (Mza),36138888.98,0.0,0.0,0.0
2025-10-20,1074,Goya (Ctes),16255890.74,0.0,0.0,0.0
2025-10-20,1075,Salta Fuerza Aérea,23649580.15,0.0,0.0,0.0
2025-10-20,1076,Lomas de Zamora,23613116.32,0.0,0.0,0.0
2025-10-20,1077,Gral Pico (La Pampa),34985356.86,-689910.1,1.0,-3.0
2025-10-20,1078,Salta Tartagal,33234205.42,0.0,0.0,0.0
2025-10-20,1080,Santiago del Estero Sur,33633555.65,7471355.95,26.0,367.41
2025-10-20,1081,Rawson San Juan,20399132.61,0.0,0.0,0.0
2025-10-20,1082,"Tucumán (Av, Jujuy)",10498851.69,0.0,0.0,0.0
2025-10-20,1084,San Vicente,10815371.47,0.0,0.0,0.0
2025-10-20,1085,"Corrientes (Av, Maipú)",10795677.1,0.0,0.0,0.0
2025-10-20,1086,Formosa II,27329275.12,0.0,0.0,0.0
2025-10-20,1087,Pilar,41316400.92,3529118.11,24.0,546.848
2025-10-20,1088,"Tuc, Concepción",25476502.61,0.0,0.0,0.0
2025-10-20,1092,San Juan Norte,26580612.33,0.0,0.0,0.0
2025-10-20,1093,Comodoro Rivadavia Norte,40378521.56,0.0,0.0,0.0
2025-10-20,1096,Caseros,23664107.62,0.0,0.0,0.0
2025-10-20,1097,Donato Alvarez (Cba),27693174.94,0.0,0.0,0.0
2025-10-20,1098,"R,S, Peña, Chaco",18452085.25,959999.0,1.0,1.0
2025-10-20,1099,Posadas II,19201576.62,0.0,0.0,0.0
2025-10-20,1100,Santa Rosa (La Pampa) II,31884348.92,0.0,0.0,0.0
2025-10-20,1106,"Tuc, Ejército Del Norte",15917715.85,0.0,0.0,0.0
2025-10-20,1108,Puerto Madryn,31855417.0,0.0,0.0,0.0
2025-10-20,1110,Claypole,12977954.8,0.0,0.0,0.0
2025-10-20,1111,San Pedro de Jujuy,22345343.55,0.0,0.0,0.0
2025-10-20,1114,Clorinda,16870326.54,0.0,0.0,0.0
2025-10-20,1115,General Roca,24860899.97,1306470.72,8.0,286.495
2025-10-20,1116,Moron,20557744.93,0.0,0.0,0.0
2025-10-20,1119,Moreno Derqui,17151500.58,0.0,0.0,0.0
2025-10-20,2997,Constituyentes,106005998.04,9124350.55,94.0,2046.992
2025-10-20,2998,San Justo,60403198.93,7631617.64,62.0,1164.125
2025-10-20,2999,Avellaneda,56129011.42,4810928.46,68.0,1686.323
2025-10-20,3601,La Plata,64661180.53,2336960.72,48.0,1113.483
2025-10-20,3602,Bahía Blanca,46834750.36,2442161.37,38.0,999.381
2025-10-20,3603,Santa Fe,58675451.59,6877610.33,41.0,1026.349
2025-10-20,3604,Paraná,51882921.86,10816580.51,47.0,928.348
2025-10-20,3605,Córdoba Oeste,93513273.85,11262849.21,69.0,1297.12
2025-10-20,3606,Córdoba Este,59443444.29,9879205.31,39.0,530.906
2025-10-20,3608,Neuquén,90086957.04,4565327.53,32.0,655.255
2025-10-20,3613,Mendoza,62667965.72,1441743.41,51.0,953.783
2025-10-20,4001,Campana,10950496.51,0.0,0.0,0.0
2025-10-21,1002,Rio IV,43868297.89,1034162.89,21.0,466.764
2025-10-21,1003,San Luis,51653867.92,2316069.14,20.0,479.392
2025-10-21,1004,San Fernando,59762233.73,3025562.76,31.0,1158.002
2025-10-21,1005,Las Heras,40098130.23,0.0,0.0,0.0
2025-10-21,1006,San Juan,47497051.01,1264070.8,14.0,272.698
2025-10-21,1007,La Rioja,61119977.38,0.0,0.0,0.0
2025-10-21,1008,Corrientes,50978771.53,773582.65,8.0,8.2
2025-10-21,1010,Córdoba Sur,30350655.18,0.0,0.0,0.0
2025-10-21,1011,Salta,33718591.43,1454500.78,7.0,115.0
2025-10-21,1012,Santiago,45574845.28,0.0,0.0,0.0
2025-10-21,1013,Tigre,39609613.94,0.0,0.0,0.0
2025-10-21,1014,Lujan,26587345.63,296052.61,5.0,91.0
2025-10-21,1015,Maipú,34925007.27,0.0,0.0,0.0
2025-10-21,1016,Avellaneda 2,39202938.97,0.0,0.0,0.0
2025-10-21,1017,La Tablada,39496609.5,0.0,0.0,0.0
2025-10-21,1018,Quilmes,29584345.54,0.0,0.0,0.0
2025-10-21,1020,Tucumán,44811602.85,3915260.52,28.0,614.699
2025-10-21,1021,Neuquén 2,48676968.75,0.0,0.0,0.0
2025-10-21,1022,Bariloche,38798904.67,0.0,0.0,0.0
2025-10-21,1023,La Pampa,43267455.25,1239994.5,3.0,6.0
2025-10-21,1024,Formosa,49721692.18,4113967.76,37.0,729.196
2025-10-21,1026,Catamarca,34130884.76,0.0,0.0,0.0
2025-10-21,1027,Mataderos,13531353.18,0.0,0.0,0.0
2025-10-21,1028,Alte Brown,27793985.32,0.0,0.0,0.0
2025-10-21,1029,Moreno,23136117.21,0.0,0.0,0.0
2025-10-21,1030,José C Paz,12447849.39,79999.0,1.0,2.0
2025-10-21,1031,Jujuy,36708938.24,907556.66,8.0,101.532
2025-10-21,1032,Malvinas Arg,32366315.4,0.0,0.0,0.0
2025-10-21,1033,Rio Salí,27549623.6,0.0,0.0,0.0
2025-10-21,1035,3 de Febrero,24333060.58,1438671.44,7.0,151.024
2025-10-21,1036,Moreno Shopping,12422211.93,0.0,0.0,0.0
2025-10-21,1037,San Martin,8794901.02,0.0,0.0,0.0
2025-10-21,1038,Cipolletti,48893421.63,3138692.19,13.0,231.38
2025-10-21,1039,Paraná 2,39082592.46,0.0,0.0,0.0
2025-10-21,1042,Trelew,29897629.91,0.0,0.0,0.0
2025-10-21,1043,Laferrere,52023895.91,0.0,0.0,0.0
2025-10-21,1044,"Hurlingham (AV, Villegas)",9535623.8,0.0,0.0,0.0
2025-10-21,1045,"Hurlingham (AV, Vergara)",10022352.73,0.0,0.0,0.0
2025-10-21,1046,Pergamino,15381271.84,0.0,0.0,0.0
2025-10-21,1050,Lanús,24977382.51,0.0,0.0,0.0
2025-10-21,1051,Posadas,38592372.07,0.0,0.0,0.0
2025-10-21,1052,Oran,25271583.69,2880586.12,3.0,3.0
2025-10-21,1053,Viedma,25299213.35,0.0,0.0,0.0
2025-10-21,1054,Olavarría,29643134.75,1153451.19,8.0,156.72
2025-10-21,1055,Villa Mercedes,26776972.92,363720.87,5.0,237.225
2025-10-21,1056,Villa Nueva,20489478.26,0.0,0.0,0.0
2025-10-21,1057,Comodoro Rivadavia,69766790.2,974618.97,15.0,381.533
2025-10-21,1058,Resistencia,28933077.01,214520.7,4.0,88.703
2025-10-21,1059,Gonzalez Catán,24423189.99,0.0,0.0,0.0
2025-10-21,1060,Fuerza Aérea (Cba),28136010.68,0.0,0.0,0.0
2025-10-21,1061,Junín,24395658.75,0.0,0.0,0.0
2025-10-21,1067,San Martín (Mza),22024434.03,0.0,0.0,0.0
2025-10-21,1068,Palmares (Mza),43510351.9,0.0,0.0,0.0
2025-10-21,1074,Goya (Ctes),20278135.59,1355995.0,2.0,3.0
2025-10-21,1075,Salta Fuerza Aérea,26367233.55,0.0,0.0,0.0
2025-10-21,1076,Lomas de Zamora,27346799.25,0.0,0.0,0.0
2025-10-21,1077,Gral Pico (La Pampa),33724171.93,54475.2,2.0,48.0
2025-10-21,1078,Salta Tartagal,31088842.93,1275595.12,3.0,3.0
2025-10-21,1080,Santiago del Estero Sur,29670480.69,3298172.07,22.0,313.985
2025-10-21,1081,Rawson San Juan,24975186.66,0.0,0.0,0.0
2025-10-21,1082,"Tucumán (Av, Jujuy)",15924267.39,0.0,0.0,0.0
2025-10-21,1084,San Vicente,9530300.94,575988.0,1.0,1.0
2025-10-21,1085,"Corrientes (Av, Maipú)",13047205.74,0.0,0.0,0.0
2025-10-21,1086,Formosa II,29965111.24,0.0,0.0,0.0
2025-10-21,1087,Pilar,47777246.36,1722735.2,30.0,715.587
2025-10-21,1088,"Tuc, Concepción",32183972.53,599999.0,1.0,1.0
2025-10-21,1092,San Juan Norte,34504461.85,0.0,0.0,0.0
2025-10-21,1093,Comodoro Rivadavia Norte,38813469.48,0.0,0.0,0.0
2025-10-21,1096,Caseros,24748290.1,0.0,0.0,0.0
2025-10-21,1097,Donato Alvarez (Cba),27192214.09,0.0,0.0,0.0
2025-10-21,1098,"R,S, Peña, Chaco",16829587.87,0.0,0.0,0.0
2025-10-21,1099,Posadas II,25850780.61,0.0,0.0,0.0
2025-10-21,1100,Santa Rosa (La Pampa) II,28675546.52,244999.3,1.0,1.0
2025-10-21,1106,"Tuc, Ejército Del Norte",19224062.26,0.0,0.0,0.0
2025-10-21,1108,Puerto Madryn,43909575.12,857596.6,4.0,4.0
2025-10-21,1110,Claypole,18431772.74,607999.12,1.0,1.0
2025-10-21,1111,San Pedro de Jujuy,21331759.57,1397671.6,5.0,7.0
2025-10-21,1114,Clorinda,19865316.57,0.0,0.0,0.0
2025-10-21,1115,General Roca,26597161.14,246550.3,5.0,103.137
2025-10-21,1116,Moron,27610196.12,0.0,0.0,0.0
2025-10-21,1119,Moreno Derqui,19058932.61,0.0,0.0,0.0
2025-10-21,2997,Constituyentes,103355975.46,7608373.11,70.0,1343.436
2025-10-21,2998,San Justo,64613079.55,4396621.32,59.0,1405.25
2025-10-21,2999,Avellaneda,64325285.68,8812902.77,68.0,1429.412
2025-10-21,3601,La Plata,97242883.52,3217557.5,64.0,1439.059
2025-10-21,3602,Bahía Blanca,44691945.45,1647583.78,17.0,555.116
2025-10-21,3603,Santa Fe,79474632.99,8190358.98,48.0,951.858
2025-10-21,3604,Paraná,54134961.76,3917531.23,40.0,1031.292
2025-10-21,3605,Córdoba Oeste,126924522.5,16615407.44,76.0,1843.645
2025-10-21,3606,Córdoba Este,72243648.34,2899135.26,29.0,935.013
2025-10-21,3608,Neuquén,94361583.72,4859508.69,26.0,451.743
2025-10-21,3613,Mendoza,69983755.32,2305490.14,63.0,1280.041
2025-10-21,4001,Campana,15716029.92,0.0,0.0,0.0
2025-10-22,1002,Rio IV,47259246.53,1699358.73,24.0,705.285
2025-10-22,1003,San Luis,41377728.5,931392.63,21.0,358.125
2025-10-22,1004,San Fernando,59447541.5,4887659.3,40.0,826.707
2025-10-22,1005,Las Heras,47782762.46,0.0,0.0,0.0
2025-10-22,1006,San Juan,59679898.01,8298465.99,43.0,608.193
2025-10-22,1007,La Rioja,49823092.62,0.0,0.0,0.0
2025-10-22,1008,Corrientes,49789402.48,5085706.38,36.0,510.378
2025-10-22,1010,Córdoba Sur,31188911.98,0.0,0.0,0.0
2025-10-22,1011,Salta,36273855.8,1603643.28,13.0,221.732
2025-10-22,1012,Santiago,48491318.7,0.0,0.0,0.0
2025-10-22,1013,Tigre,33688930.64,0.0,0.0,0.0
2025-10-22,1014,Lujan,26371507.19,244200.41,8.0,91.445
2025-10-22,1015,Maipú,44801595.81,0.0,0.0,0.0
2025-10-22,1016,Avellaneda 2,39130247.58,0.0,0.0,0.0
2025-10-22,1017,La Tablada,79672559.63,0.0,0.0,0.0
2025-10-22,1018,Quilmes,48377948.35,0.0,0.0,0.0
2025-10-22,1020,Tucumán,40646684.95,3143753.55,38.0,641.423
2025-10-22,1021,Neuquén 2,38679452.08,0.0,0.0,0.0
2025-10-22,1022,Bariloche,41777852.39,0.0,0.0,0.0
2025-10-22,1023,La Pampa,37233405.11,0.0,0.0,0.0
2025-10-22,1024,Formosa,46076701.33,2741186.78,22.0,322.442
2025-10-22,1026,Catamarca,50072885.43,133288.3,2.0,2.0
2025-10-22,1027,Mataderos,12176442.4,0.0,0.0,0.0
2025-10-22,1028,Alte Brown,28369552.08,699999.0,1.0,1.0
2025-10-22,1029,Moreno,20647020.05,791988.0,1.0,1.0
2025-10-22,1030,José C Paz,12993766.53,2442996.42,3.0,4.0
2025-10-22,1031,Jujuy,34812046.55,350626.31,7.0,182.448
2025-10-22,1032,Malvinas Arg,31729913.58,0.0,0.0,0.0
2025-10-22,1033,Rio Salí,27369535.34,2094996.43,4.0,4.0
2025-10-22,1035,3 de Febrero,26183782.54,2070587.73,10.0,188.0
2025-10-22,1036,Moreno Shopping,11361431.85,0.0,0.0,0.0
2025-10-22,1037,San Martin,9532671.92,0.0,0.0,0.0
2025-10-22,1038,Cipolletti,42594198.38,515637.6,9.0,198.22
2025-10-22,1039,Paraná 2,39648510.01,0.0,0.0,0.0
2025-10-22,1042,Trelew,26676980.12,90795.0,2.0,5.0
2025-10-22,1043,Laferrere,26570004.99,0.0,0.0,0.0
2025-10-22,1044,"Hurlingham (AV, Villegas)",10820282.31,0.0,0.0,0.0
2025-10-22,1045,"Hurlingham (AV, Vergara)",10189823.21,0.0,0.0,0.0
2025-10-22,1046,Pergamino,13862317.29,0.0,0.0,0.0
2025-10-22,1050,Lanús,22099377.82,0.0,0.0,0.0
2025-10-22,1051,Posadas,43571214.86,0.0,0.0,0.0
2025-10-22,1052,Oran,24085116.22,0.0,0.0,0.0
2025-10-22,1053,Viedma,21864652.81,39999.0,1.0,1.0
2025-10-22,1054,Olavarría,34456189.34,2527068.69,19.0,246.132
2025-10-22,1055,Villa Mercedes,28053310.07,1254689.24,15.0,257.871
2025-10-22,1056,Villa Nueva,32728829.02,4596986.5,7.0,10.0
2025-10-22,1057,Comodoro Rivadavia,56024340.23,2705081.64,25.0,635.225
2025-10-22,1058,Resistencia,29401411.0,508947.76,14.0,198.354
2025-10-22,1059,Gonzalez Catán,29125925.93,0.0,0.0,0.0
2025-10-22,1060,Fuerza Aérea (Cba),27513114.68,0.0,0.0,0.0
2025-10-22,1061,Junín,37091768.32,0.0,0.0,0.0
2025-10-22,1067,San Martín (Mza),24422929.06,0.0,0.0,0.0
2025-10-22,1068,Palmares (Mza),52592840.98,0.0,0.0,0.0
2025-10-22,1074,Goya (Ctes),21044841.62,599999.0,1.0,1.0
2025-10-22,1075,Salta Fuerza Aérea,35067250.72,0.0,0.0,0.0
2025-10-22,1076,Lomas de Zamora,28383965.4,0.0,0.0,0.0
2025-10-22,1077,Gral Pico (La Pampa),35271289.04,999999.0,1.0,1.0
2025-10-22,1078,Salta Tartagal,31841290.74,0.0,0.0,0.0
2025-10-22,1080,Santiago del Estero Sur,35139199.16,8159563.59,28.0,274.025
2025-10-22,1081,Rawson San Juan,22611682.3,0.0,0.0,0.0
2025-10-22,1082,"Tucumán (Av, Jujuy)",13516241.62,0.0,0.0,0.0
2025-10-22,1084,San Vicente,8208537.32,0.0,0.0,0.0
2025-10-22,1085,"Corrientes (Av, Maipú)",15379116.76,0.0,0.0,0.0
2025-10-22,1086,Formosa II,27575980.57,0.0,0.0,0.0
2025-10-22,1087,Pilar,44378892.0,2608691.25,21.0,610.08
2025-10-22,1088,"Tuc, Concepción",25490225.19,181069.02,3.0,3.0
2025-10-22,1092,San Juan Norte,27033575.33,0.0,0.0,0.0
2025-10-22,1093,Comodoro Rivadavia Norte,38780795.79,0.0,0.0,0.0
2025-10-22,1096,Caseros,22340630.7,0.0,0.0,0.0
2025-10-22,1097,Donato Alvarez (Cba),23119131.95,0.0,0.0,0.0
2025-10-22,1098,"R,S, Peña, Chaco",17613088.95,0.0,0.0,0.0
2025-10-22,1099,Posadas II,25249976.46,719999.12,1.0,1.0
2025-10-22,1100,Santa Rosa (La Pampa) II,32472844.18,0.0,0.0,0.0
2025-10-22,1106,"Tuc, Ejército Del Norte",15690900.99,0.0,0.0,0.0
2025-10-22,1108,Puerto Madryn,35602453.82,0.0,0.0,0.0
2025-10-22,1110,Claypole,16296729.94,0.0,0.0,0.0
2025-10-22,1111,San Pedro de Jujuy,21139249.18,0.0,0.0,0.0
2025-10-22,1114,Clorinda,20533817.59,1470591.81,4.0,5.0
2025-10-22,1115,General Roca,25519025.12,164167.62,5.0,51.2
2025-10-22,1116,Moron,19277126.07,0.0,0.0,0.0
2025-10-22,1119,Moreno Derqui,19522029.34,0.0,0.0,0.0
2025-10-22,2997,Constituyentes,107422851.76,8910902.75,77.0,1688.725
2025-10-22,2998,San Justo,67568879.98,8962528.81,83.0,2069.573
2025-10-22,2999,Avellaneda,63541877.39,5260245.52,76.0,1685.769
2025-10-22,3601,La Plata,73547317.56,3631241.29,54.0,1424.295
2025-10-22,3602,Bahía Blanca,82911604.76,4364754.81,57.0,1171.651
2025-10-22,3603,Santa Fe,61606371.26,4933281.32,66.0,1595.164
2025-10-22,3604,Paraná,44032867.81,1255688.11,20.0,622.098
2025-10-22,3605,Córdoba Oeste,110763153.84,4610122.98,64.0,1784.959
2025-10-22,3606,Córdoba Este,64374917.68,2215170.43,36.0,583.049
2025-10-22,3608,Neuquén,101633877.0,4085924.78,38.0,650.095
2025-10-22,3613,Mendoza,91642471.41,4195777.53,71.0,1682.327
2025-10-22,4001,Campana,13117251.78,719999.12,1.0,1.0
2025-10-23,1002,Rio IV,40539364.34,1903263.49,33.0,733.696
2025-10-23,1003,San Luis,39089294.39,3676464.63,52.0,965.801
2025-10-23,1004,San Fernando,64974842.2,5753817.36,61.0,1638.543
2025-10-23,1005,Las Heras,34698549.69,0.0,0.0,0.0
2025-10-23,1006,San Juan,41505556.96,2185608.57,29.0,537.592
2025-10-23,1007,La Rioja,64723325.58,0.0,0.0,0.0
2025-10-23,1008,Corrientes,55608659.61,1836937.67,15.0,223.913
2025-10-23,1010,Córdoba Sur,38028153.69,599999.0,1.0,1.0
2025-10-23,1011,Salta,50864601.34,1335681.66,7.0,144.253
2025-10-23,1012,Santiago,54675563.0,0.0,0.0,0.0
2025-10-23,1013,Tigre,32624518.13,0.0,0.0,0.0
2025-10-23,1014,Lujan,30339796.01,404644.76,9.0,174.625
2025-10-23,1015,Maipú,29490334.73,0.0,0.0,0.0
2025-10-23,1016,Avellaneda 2,45955504.21,0.0,0.0,0.0
2025-10-23,1017,La Tablada,35782592.67,0.0,0.0,0.0
2025-10-23,1018,Quilmes,43510457.66,0.0,0.0,0.0
2025-10-23,1020,Tucumán,53494382.6,12256662.12,64.0,1086.489
2025-10-23,1021,Neuquén 2,38984821.1,0.0,0.0,0.0
2025-10-23,1022,Bariloche,39162505.43,0.0,0.0,0.0
2025-10-23,1023,La Pampa,32916423.35,0.0,0.0,0.0
2025-10-23,1024,Formosa,39860930.19,2493358.0,20.0,643.729
2025-10-23,1026,Catamarca,51925903.77,1829186.19,3.0,3.0
2025-10-23,1027,Mataderos,14024775.68,0.0,0.0,0.0
2025-10-23,1028,Alte Brown,38218500.12,1636497.0,2.0,3.0
2025-10-23,1029,Moreno,20920840.02,0.0,0.0,0.0
2025-10-23,1030,José C Paz,10557550.96,0.0,0.0,0.0
2025-10-23,1031,Jujuy,52642504.06,1243393.97,7.0,54.0
2025-10-23,1032,Malvinas Arg,31316976.87,0.0,0.0,0.0
2025-10-23,1033,Rio Salí,29441281.5,445199.31,1.0,1.0
2025-10-23,1035,3 de Febrero,24656714.76,528751.23,13.0,253.103
2025-10-23,1036,Moreno Shopping,12987044.16,194998.5,1.0,2.0
2025-10-23,1037,San Martin,10764938.83,0.0,0.0,0.0
2025-10-23,1038,Cipolletti,43360125.8,254352.01,5.0,120.034
2025-10-23,1039,Paraná 2,48009226.45,0.0,0.0,0.0
2025-10-23,1042,Trelew,27589373.8,1469201.55,3.0,-1.0
2025-10-23,1043,Laferrere,23058040.12,0.0,0.0,0.0
2025-10-23,1044,"Hurlingham (AV, Villegas)",9971714.75,0.0,0.0,0.0
2025-10-23,1045,"Hurlingham (AV, Vergara)",10732814.51,0.0,0.0,0.0
2025-10-23,1046,Pergamino,13659891.14,0.0,0.0,0.0
2025-10-23,1050,Lanús,23988250.29,0.0,0.0,0.0
2025-10-23,1051,Posadas,35850920.07,0.0,0.0,0.0
2025-10-23,1052,Oran,23409967.69,0.0,0.0,0.0
2025-10-23,1053,Viedma,26865627.77,0.0,0.0,0.0
2025-10-23,1054,Olavarría,36473431.79,1300814.4,27.0,636.796
2025-10-23,1055,Villa Mercedes,16522871.25,241158.68,4.0,91.0
2025-10-23,1056,Villa Nueva,20871259.85,0.0,0.0,0.0
2025-10-23,1057,Comodoro Rivadavia,50844950.24,1505822.88,27.0,427.644
2025-10-23,1058,Resistencia,35870473.99,712734.23,18.0,212.376
2025-10-23,1059,Gonzalez Catán,28391314.0,0.0,0.0,0.0
2025-10-23,1060,Fuerza Aérea (Cba),27077436.75,0.0,0.0,0.0
2025-10-23,1061,Junín,32335022.53,547199.19,1.0,1.0
2025-10-23,1067,San Martín (Mza),16999330.29,0.0,0.0,0.0
2025-10-23,1068,Palmares (Mza),41303766.26,0.0,0.0,0.0
2025-10-23,1074,Goya (Ctes),20148325.69,3500574.8,9.0,11.0
2025-10-23,1075,Salta Fuerza Aérea,28214102.68,0.0,0.0,0.0
2025-10-23,1076,Lomas de Zamora,30312282.65,0.0,0.0,0.0
2025-10-23,1077,Gral Pico (La Pampa),28184009.37,0.0,0.0,0.0
2025-10-23,1078,Salta Tartagal,29922100.53,0.0,0.0,0.0
2025-10-23,1080,Santiago del Estero Sur,38586168.76,3402219.49,27.0,469.628
2025-10-23,1081,Rawson San Juan,22253339.86,0.0,0.0,0.0
2025-10-23,1082,"Tucumán (Av, Jujuy)",16277390.26,0.0,0.0,0.0
2025-10-23,1084,San Vicente,9734674.05,0.0,0.0,0.0
2025-10-23,1085,"Corrientes (Av, Maipú)",14697231.89,0.0,0.0,0.0
2025-10-23,1086,Formosa II,25314249.0,0.0,0.0,0.0
2025-10-23,1087,Pilar,50149049.82,3243274.32,44.0,600.815
2025-10-23,1088,"Tuc, Concepción",26362697.55,0.0,0.0,0.0
2025-10-23,1092,San Juan Norte,21273008.42,0.0,0.0,0.0
2025-10-23,1093,Comodoro Rivadavia Norte,37977274.66,0.0,0.0,0.0
2025-10-23,1096,Caseros,34644057.73,0.0,0.0,0.0
2025-10-23,1097,Donato Alvarez (Cba),27824205.57,399999.19,1.0,1.0
2025-10-23,1098,"R,S, Peña, Chaco",18893369.37,0.0,0.0,0.0
2025-10-23,1099,Posadas II,25588454.86,791988.0,1.0,1.0
2025-10-23,1100,Santa Rosa (La Pampa) II,21741186.66,0.0,0.0,0.0
2025-10-23,1106,"Tuc, Ejército Del Norte",18584333.98,0.0,0.0,0.0
2025-10-23,1108,Puerto Madryn,34133275.85,169998.0,1.0,2.0
2025-10-23,1110,Claypole,16077228.69,0.0,0.0,0.0
2025-10-23,1111,San Pedro de Jujuy,22727129.59,0.0,0.0,0.0
2025-10-23,1114,Clorinda,15959646.58,0.0,0.0,0.0
2025-10-23,1115,General Roca,22577552.49,152796.3,5.0,84.317
2025-10-23,1116,Moron,23564076.49,0.0,0.0,0.0
2025-10-23,1119,Moreno Derqui,17122731.65,0.0,0.0,0.0
2025-10-23,2997,Constituyentes,123393167.64,10023526.73,121.0,2477.879
2025-10-23,2998,San Justo,60236375.31,3704707.11,76.0,1305.676
2025-10-23,2999,Avellaneda,66293353.31,4549409.7,62.0,1376.086
2025-10-23,3601,La Plata,101507536.99,6059078.97,119.0,2483.297
2025-10-23,3602,Bahía Blanca,70246394.53,4699667.94,64.0,1182.01
2025-10-23,3603,Santa Fe,70743388.62,5014321.54,71.0,1166.682
2025-10-23,3604,Paraná,50431656.56,3518520.4,49.0,995.715
2025-10-23,3605,Córdoba Oeste,118510947.13,10909729.39,108.0,2086.598
2025-10-23,3606,Córdoba Este,71174498.05,2006287.32,37.0,834.198
2025-10-23,3608,Neuquén,91000523.76,2768251.57,29.0,546.841
2025-10-23,3613,Mendoza,70931898.86,6038503.73,111.0,2190.661
2025-10-23,4001,Campana,16749449.7,0.0,0.0,0.0
2025-10-24,1002,Rio IV,60073252.36,3948235.49,40.0,1288.928
2025-10-24,1003,San Luis,54129948.91,1661292.93,25.0,641.801
2025-10-24,1004,San Fernando,77465965.05,8409061.37,60.0,1488.777
2025-10-24,1005,Las Heras,43743294.02,0.0,0.0,0.0
2025-10-24,1006,San Juan,52638814.49,3077490.76,27.0,503.392
2025-10-24,1007,La Rioja,71159591.34,3048185.31,7.0,8.0
2025-10-24,1008,Corrientes,57575600.54,2916286.65,22.0,188.249
2025-10-24,1010,Córdoba Sur,29825242.49,0.0,0.0,0.0
2025-10-24,1011,Salta,43946759.19,49617.0,1.0,1.0
2025-10-24,1012,Santiago,52046680.3,0.0,0.0,0.0
2025-10-24,1013,Tigre,44923656.63,0.0,0.0,0.0
2025-10-24,1014,Lujan,41527426.76,663337.51,18.0,238.721
2025-10-24,1015,Maipú,35664254.41,0.0,0.0,0.0
2025-10-24,1016,Avellaneda 2,58122248.49,0.0,0.0,0.0
2025-10-24,1017,La Tablada,79247891.38,0.0,0.0,0.0
2025-10-24,1018,Quilmes,67905210.44,0.0,0.0,0.0
2025-10-24,1020,Tucumán,40538371.94,1768791.23,50.0,1177.13
2025-10-24,1021,Neuquén 2,50088768.6,0.0,0.0,0.0
2025-10-24,1022,Bariloche,64165915.96,0.0,0.0,0.0
2025-10-24,1023,La Pampa,49165651.68,0.0,0.0,0.0
2025-10-24,1024,Formosa,46575137.01,1569997.62,22.0,808.219
2025-10-24,1026,Catamarca,49643821.1,0.0,0.0,0.0
2025-10-24,1027,Mataderos,13398661.49,0.0,0.0,0.0
2025-10-24,1028,Alte Brown,39789326.19,0.0,0.0,0.0
2025-10-24,1029,Moreno,28854620.01,0.0,0.0,0.0
2025-10-24,1030,José C Paz,14636735.66,0.0,0.0,0.0
2025-10-24,1031,Jujuy,55443757.39,1124851.41,12.0,143.872
2025-10-24,1032,Malvinas Arg,41817082.63,0.0,0.0,0.0
2025-10-24,1033,Rio Salí,33512762.97,419997.0,1.0,4.0
2025-10-24,1035,3 de Febrero,29784427.81,754587.05,17.0,329.804
2025-10-24,1036,Moreno Shopping,13809422.57,0.0,0.0,0.0
2025-10-24,1037,San Martin,9753001.76,0.0,0.0,0.0
2025-10-24,1038,Cipolletti,59261169.59,1233637.05,25.0,534.461
2025-10-24,1039,Paraná 2,38470980.16,0.0,0.0,0.0
2025-10-24,1042,Trelew,38380492.98,0.0,0.0,0.0
2025-10-24,1043,Laferrere,38192863.13,0.0,0.0,0.0
2025-10-24,1044,"Hurlingham (AV, Villegas)",12489048.04,0.0,0.0,0.0
2025-10-24,1045,"Hurlingham (AV, Vergara)",14602251.12,0.0,0.0,0.0
2025-10-24,1046,Pergamino,16574931.81,0.0,0.0,0.0
2025-10-24,1050,Lanús,30720430.79,0.0,0.0,0.0
2025-10-24,1051,Posadas,46323205.38,0.0,0.0,0.0
2025-10-24,1052,Oran,29969119.72,0.0,0.0,0.0
2025-10-24,1053,Viedma,33767962.2,719999.12,1.0,1.0
2025-10-24,1054,Olavarría,47435101.3,1741597.84,22.0,654.117
2025-10-24,1055,Villa Mercedes,36483841.01,594777.2,9.0,186.097
2025-10-24,1056,Villa Nueva,21146149.45,0.0,0.0,0.0
2025-10-24,1057,Comodoro Rivadavia,68060572.29,1317171.29,24.0,449.47
2025-10-24,1058,Resistencia,38219318.39,1667954.86,23.0,328.308
2025-10-24,1059,Gonzalez Catán,36722320.55,0.0,0.0,0.0
2025-10-24,1060,Fuerza Aérea (Cba),29734275.99,0.0,0.0,0.0
2025-10-24,1061,Junín,47193941.23,0.0,0.0,0.0
2025-10-24,1067,San Martín (Mza),26382188.33,0.0,0.0,0.0
2025-10-24,1068,Palmares (Mza),44494675.21,0.0,0.0,0.0
2025-10-24,1074,Goya (Ctes),20524887.51,0.0,0.0,0.0
2025-10-24,1075,Salta Fuerza Aérea,35226580.6,0.0,0.0,0.0
2025-10-24,1076,Lomas de Zamora,41298453.11,3755231.52,6.0,9.0
2025-10-24,1077,Gral Pico (La Pampa),41784824.07,0.0,0.0,0.0
2025-10-24,1078,Salta Tartagal,40928247.57,0.0,0.0,0.0
2025-10-24,1080,Santiago del Estero Sur,36792771.52,3653931.17,33.0,707.116
2025-10-24,1081,Rawson San Juan,25347319.26,0.0,0.0,0.0
2025-10-24,1082,"Tucumán (Av, Jujuy)",18574396.54,0.0,0.0,0.0
2025-10-24,1084,San Vicente,11401069.45,0.0,0.0,0.0
2025-10-24,1085,"Corrientes (Av, Maipú)",18270141.11,0.0,0.0,0.0
2025-10-24,1086,Formosa II,32056128.06,0.0,0.0,0.0
2025-10-24,1087,Pilar,58032100.58,2121981.7,36.0,762.21
2025-10-24,1088,"Tuc, Concepción",32610056.96,0.0,0.0,0.0
2025-10-24,1092,San Juan Norte,27132267.58,0.0,0.0,0.0
2025-10-24,1093,Comodoro Rivadavia Norte,52248722.33,0.0,0.0,0.0
2025-10-24,1096,Caseros,40388499.13,0.0,0.0,0.0
2025-10-24,1097,Donato Alvarez (Cba),29250562.69,89999.0,1.0,1.0
2025-10-24,1098,"R,S, Peña, Chaco",21777296.27,1241822.3,2.0,3.0
2025-10-24,1099,Posadas II,33852766.75,0.0,0.0,0.0
2025-10-24,1100,Santa Rosa (La Pampa) II,32537766.44,0.0,0.0,0.0
2025-10-24,1106,"Tuc, Ejército Del Norte",23756339.5,0.0,0.0,0.0
2025-10-24,1108,Puerto Madryn,50686451.51,0.0,0.0,0.0
2025-10-24,1110,Claypole,19338530.08,0.0,0.0,0.0
2025-10-24,1111,San Pedro de Jujuy,25473348.84,0.0,0.0,0.0
2025-10-24,1114,Clorinda,27280565.46,0.0,0.0,0.0
2025-10-24,1115,General Roca,37496122.89,783542.38,7.0,266.339
2025-10-24,1116,Moron,30118133.48,0.0,0.0,0.0
2025-10-24,1119,Moreno Derqui,24448227.47,220998.3,1.0,2.0
2025-10-24,2997,Constituyentes,137517659.55,8882273.17,132.0,2979.78
2025-10-24,2998,San Justo,85823345.68,9567129.51,93.0,2615.768
2025-10-24,2999,Avellaneda,71679589.87,5560700.24,95.0,2412.096
2025-10-24,3601,La Plata,126415695.93,4664103.17,73.0,1976.883
2025-10-24,3602,Bahía Blanca,87975349.77,2778183.42,57.0,971.076
2025-10-24,3603,Santa Fe,70302739.21,4192553.3,53.0,1128.054
2025-10-24,3604,Paraná,59901847.62,3726840.85,54.0,1174.001
2025-10-24,3605,Córdoba Oeste,122778602.97,6449416.95,93.0,2707.53
2025-10-24,3606,Córdoba Este,66696287.53,4505971.76,35.0,802.925
2025-10-24,3608,Neuquén,107812331.62,3053622.64,30.0,589.76
2025-10-24,3613,Mendoza,88653823.61,6135122.72,100.0,1873.063
2025-10-24,4001,Campana,15615038.29,0.0,0.0,0.0
2025-10-25,1002,Rio IV,104436711.48,6344350.3,37.0,689.367
2025-10-25,1003,San Luis,88776947.29,1456153.37,23.0,589.668
2025-10-25,1004,San Fernando,101837750.23,2293496.61,36.0,819.815
2025-10-25,1005,Las Heras,66323135.38,0.0,0.0,0.0
2025-10-25,1006,San Juan,84029050.13,3114824.78,40.0,851.835
2025-10-25,1007,La Rioja,98072843.74,0.0,0.0,0.0
2025-10-25,1008,Corrientes,98567387.42,2674926.8,28.0,430.452
2025-10-25,1010,Córdoba Sur,53441652.98,0.0,0.0,0.0
2025-10-25,1011,Salta,72569730.87,5209408.17,55.0,692.254
2025-10-25,1012,Santiago,91743732.82,0.0,0.0,0.0
2025-10-25,1013,Tigre,65497931.66,0.0,0.0,0.0
2025-10-25,1014,Lujan,78851831.09,631939.26,9.0,104.255
2025-10-25,1015,Maipú,59831648.91,0.0,0.0,0.0
2025-10-25,1016,Avellaneda 2,109826979.9,0.0,0.0,0.0
2025-10-25,1017,La Tablada,101180247.76,0.0,0.0,0.0
2025-10-25,1018,Quilmes,64836263.27,27049.0,1.0,1.0
2025-10-25,1020,Tucumán,78831037.92,5573896.96,35.0,573.164
2025-10-25,1021,Neuquén 2,69625158.88,0.0,0.0,0.0
2025-10-25,1022,Bariloche,99031481.56,0.0,0.0,0.0
2025-10-25,1023,La Pampa,90152442.07,0.0,0.0,0.0
2025-10-25,1024,Formosa,75244005.07,2508477.24,43.0,827.533
2025-10-25,1026,Catamarca,82043134.2,762999.0,1.0,1.0
2025-10-25,1027,Mataderos,20240505.52,0.0,0.0,0.0
2025-10-25,1028,Alte Brown,64020222.37,45289.3,1.0,1.0
2025-10-25,1029,Moreno,53944896.42,4357974.0,3.0,4.0
2025-10-25,1030,José C Paz,20531039.93,0.0,0.0,0.0
2025-10-25,1031,Jujuy,94453281.1,569678.77,16.0,164.977
2025-10-25,1032,Malvinas Arg,67789970.34,0.0,0.0,0.0
2025-10-25,1033,Rio Salí,59720293.37,-410901.7,2.0,0.0
2025-10-25,1035,3 de Febrero,51163191.64,2706290.96,7.0,104.0
2025-10-25,1036,Moreno Shopping,17255767.41,0.0,0.0,0.0
2025-10-25,1037,San Martin,14788737.25,0.0,0.0,0.0
2025-10-25,1038,Cipolletti,78046947.46,635386.69,9.0,176.71
2025-10-25,1039,Paraná 2,75893338.89,0.0,0.0,0.0
2025-10-25,1042,Trelew,59559890.62,54208.46,2.0,5.0
2025-10-25,1043,Laferrere,64276818.47,0.0,0.0,0.0
2025-10-25,1044,"Hurlingham (AV, Villegas)",20003791.84,0.0,0.0,0.0
2025-10-25,1045,"Hurlingham (AV, Vergara)",22181284.7,0.0,0.0,0.0
2025-10-25,1046,Pergamino,28340275.69,0.0,0.0,0.0
2025-10-25,1050,Lanús,53105267.05,0.0,0.0,0.0
2025-10-25,1051,Posadas,67588300.21,0.0,0.0,0.0
2025-10-25,1052,Oran,47295043.17,32999.0,1.0,1.0
2025-10-25,1053,Viedma,55906187.41,829999.0,1.0,1.0
2025-10-25,1054,Olavarría,68305379.38,1343546.84,13.0,270.982
2025-10-25,1055,Villa Mercedes,53797010.04,655987.12,12.0,223.915
2025-10-25,1056,Villa Nueva,43783959.43,0.0,0.0,0.0
2025-10-25,1057,Comodoro Rivadavia,90514290.17,1771140.9,26.0,663.274
2025-10-25,1058,Resistencia,70894592.5,371955.58,7.0,112.178
2025-10-25,1059,Gonzalez Catán,70166952.45,0.0,0.0,0.0
2025-10-25,1060,Fuerza Aérea (Cba),39683035.08,0.0,0.0,0.0
2025-10-25,1061,Junín,74081499.51,0.0,0.0,0.0
2025-10-25,1067,San Martín (Mza),39487627.19,0.0,0.0,0.0
2025-10-25,1068,Palmares (Mza),65864734.61,0.0,0.0,0.0
2025-10-25,1074,Goya (Ctes),30852067.41,0.0,0.0,0.0
2025-10-25,1075,Salta Fuerza Aérea,52414316.27,0.0,0.0,0.0
2025-10-25,1076,Lomas de Zamora,66509491.58,0.0,0.0,0.0
2025-10-25,1077,Gral Pico (La Pampa),82732211.06,1337495.1,3.0,6.0
2025-10-25,1078,Salta Tartagal,52248127.84,0.0,0.0,0.0
2025-10-25,1080,Santiago del Estero Sur,62726811.37,5012301.46,27.0,357.799
2025-10-25,1081,Rawson San Juan,46603434.54,0.0,0.0,0.0
2025-10-25,1082,"Tucumán (Av, Jujuy)",37515011.16,0.0,0.0,0.0
2025-10-25,1084,San Vicente,19618757.31,0.0,0.0,0.0
2025-10-25,1085,"Corrientes (Av, Maipú)",22956787.37,0.0,0.0,0.0
2025-10-25,1086,Formosa II,39998507.11,0.0,0.0,0.0
2025-10-25,1087,Pilar,94941102.92,2075203.06,26.0,708.721
2025-10-25,1088,"Tuc, Concepción",56486529.57,0.0,0.0,0.0
2025-10-25,1092,San Juan Norte,50946236.7,0.0,0.0,0.0
2025-10-25,1093,Comodoro Rivadavia Norte,68864112.34,0.0,0.0,0.0
2025-10-25,1096,Caseros,61623808.17,0.0,0.0,0.0
2025-10-25,1097,Donato Alvarez (Cba),52023130.45,0.0,0.0,0.0
2025-10-25,1098,"R,S, Peña, Chaco",46232194.46,0.0,0.0,0.0
2025-10-25,1099,Posadas II,56888901.61,1165198.43,2.0,2.0
2025-10-25,1100,Santa Rosa (La Pampa) II,60297731.45,1199999.0,1.0,1.0
2025-10-25,1106,"Tuc, Ejército Del Norte",35610565.86,0.0,0.0,0.0
2025-10-25,1108,Puerto Madryn,62671390.41,139999.0,1.0,1.0
2025-10-25,1110,Claypole,44460208.32,0.0,0.0,0.0
2025-10-25,1111,San Pedro de Jujuy,41589957.02,0.0,0.0,0.0
2025-10-25,1114,Clorinda,35249888.97,0.0,0.0,0.0
2025-10-25,1115,General Roca,62210432.11,532081.39,18.0,219.103
2025-10-25,1116,Moron,46764788.5,0.0,0.0,0.0
2025-10-25,1119,Moreno Derqui,42319335.03,0.0,0.0,0.0
2025-10-25,2997,Constituyentes,236055619.52,9806026.5,86.0,2299.106
2025-10-25,2998,San Justo,156434382.81,6824645.75,98.0,2771.898
2025-10-25,2999,Avellaneda,164526259.98,11705266.12,95.0,2739.321
2025-10-25,3601,La Plata,213456471.55,6637973.11,86.0,2795.165
2025-10-25,3602,Bahía Blanca,142740820.89,2149297.1,54.0,1112.02
2025-10-25,3603,Santa Fe,152109931.64,5745186.04,54.0,1094.451
2025-10-25,3604,Paraná,122268745.76,2542947.91,24.0,729.168
2025-10-25,3605,Córdoba Oeste,191404182.27,7265692.48,57.0,1221.044
2025-10-25,3606,Córdoba Este,127032894.67,1436851.5,24.0,452.386
2025-10-25,3608,Neuquén,160319926.44,3741109.29,34.0,600.435
2025-10-25,3613,Mendoza,123100574.37,12515676.69,89.0,1774.041
2025-10-25,4001,Campana,24585009.76,0.0,0.0,0.0
2025-10-26,1002,Rio IV,72244504.86,751808.52,16.0,298.435
2025-10-26,1003,San Luis,65387617.51,0.0,0.0,0.0
2025-10-26,1004,San Fernando,73466497.32,1718475.45,20.0,664.289
2025-10-26,1005,Las Heras,55471264.6,0.0,0.0,0.0
2025-10-26,1006,San Juan,61430587.26,0.0,0.0,0.0
2025-10-26,1008,Corrientes,78704583.39,0.0,0.0,0.0
2025-10-26,1010,Córdoba Sur,34543929.73,0.0,0.0,0.0
2025-10-26,1011,Salta,44609426.31,0.0,0.0,0.0
2025-10-26,1012,Santiago,51732551.96,0.0,0.0,0.0
2025-10-26,1013,Tigre,52723629.21,0.0,0.0,0.0
2025-10-26,1014,Lujan,61623602.63,0.0,0.0,0.0
2025-10-26,1015,Maipú,47950210.8,0.0,0.0,0.0
2025-10-26,1016,Avellaneda 2,75269209.12,0.0,0.0,0.0
2025-10-26,1017,La Tablada,62963339.69,0.0,0.0,0.0
2025-10-26,1018,Quilmes,26546581.03,0.0,0.0,0.0
2025-10-26,1020,Tucumán,60246069.17,0.0,0.0,0.0
2025-10-26,1022,Bariloche,77807717.85,0.0,0.0,0.0
2025-10-26,1024,Formosa,53024858.45,0.0,0.0,0.0
2025-10-26,1026,Catamarca,57469125.74,0.0,0.0,0.0
2025-10-26,1027,Mataderos,13867583.6,0.0,0.0,0.0
2025-10-26,1028,Alte Brown,42381587.47,0.0,0.0,0.0
2025-10-26,1029,Moreno,34950931.59,0.0,0.0,0.0
2025-10-26,1030,José C Paz,17192923.71,0.0,0.0,0.0
2025-10-26,1031,Jujuy,38822706.0,0.0,0.0,0.0
2025-10-26,1032,Malvinas Arg,44644038.34,0.0,0.0,0.0
2025-10-26,1033,Rio Salí,40369756.69,0.0,0.0,0.0
2025-10-26,1035,3 de Febrero,34288997.07,0.0,0.0,0.0
2025-10-26,1036,Moreno Shopping,6053936.0,0.0,0.0,0.0
2025-10-26,1037,San Martin,7045484.61,0.0,0.0,0.0
2025-10-26,1039,Paraná 2,57420599.04,0.0,0.0,0.0
2025-10-26,1042,Trelew,39146205.55,0.0,0.0,0.0
2025-10-26,1043,Laferrere,58144837.92,0.0,0.0,0.0
2025-10-26,1044,"Hurlingham (AV, Villegas)",15823727.25,0.0,0.0,0.0
2025-10-26,1045,"Hurlingham (AV, Vergara)",10661128.75,0.0,0.0,0.0
2025-10-26,1046,Pergamino,13297539.49,0.0,0.0,0.0
2025-10-26,1050,Lanús,43376394.88,0.0,0.0,0.0
2025-10-26,1051,Posadas,57143182.85,0.0,0.0,0.0
2025-10-26,1052,Oran,52095896.28,0.0,0.0,0.0
2025-10-26,1053,Viedma,45953372.1,0.0,0.0,0.0
2025-10-26,1054,Olavarría,56481904.41,196186.11,7.0,108.393
2025-10-26,1055,Villa Mercedes,41868245.37,0.0,0.0,0.0
2025-10-26,1056,Villa Nueva,37508101.82,0.0,0.0,0.0
2025-10-26,1057,Comodoro Rivadavia,69234113.66,0.0,0.0,0.0
2025-10-26,1058,Resistencia,61506139.24,0.0,0.0,0.0
2025-10-26,1059,Gonzalez Catán,45231536.35,0.0,0.0,0.0
2025-10-26,1060,Fuerza Aérea (Cba),28544588.98,0.0,0.0,0.0
2025-10-26,1061,Junín,48189294.07,0.0,0.0,0.0
2025-10-26,1067,San Martín (Mza),37990112.18,0.0,0.0,0.0
2025-10-26,1068,Palmares (Mza),51769422.64,0.0,0.0,0.0
2025-10-26,1074,Goya (Ctes),26215779.85,0.0,0.0,0.0
2025-10-26,1075,Salta Fuerza Aérea,52173768.26,0.0,0.0,0.0
2025-10-26,1076,Lomas de Zamora,46366892.36,0.0,0.0,0.0
2025-10-26,1078,Salta Tartagal,47109433.89,0.0,0.0,0.0
2025-10-26,1080,Santiago del Estero Sur,38935899.58,0.0,0.0,0.0
2025-10-26,1081,Rawson San Juan,40956847.64,0.0,0.0,0.0
2025-10-26,1082,"Tucumán (Av, Jujuy)",21250157.07,0.0,0.0,0.0
2025-10-26,1084,San Vicente,16918181.43,0.0,0.0,0.0
2025-10-26,1085,"Corrientes (Av, Maipú)",28970062.04,0.0,0.0,0.0
2025-10-26,1086,Formosa II,39334071.74,0.0,0.0,0.0
2025-10-26,1087,Pilar,52259738.56,0.0,0.0,0.0
2025-10-26,1088,"Tuc, Concepción",34382037.54,0.0,0.0,0.0
2025-10-26,1092,San Juan Norte,44253864.29,0.0,0.0,0.0
2025-10-26,1093,Comodoro Rivadavia Norte,54716741.62,0.0,0.0,0.0
2025-10-26,1096,Caseros,39422001.25,0.0,0.0,0.0
2025-10-26,1097,Donato Alvarez (Cba),39891859.18,0.0,0.0,0.0
2025-10-26,1099,Posadas II,44442069.71,0.0,0.0,0.0
2025-10-26,1106,"Tuc, Ejército Del Norte",25169122.37,0.0,0.0,0.0
2025-10-26,1108,Puerto Madryn,48780056.53,0.0,0.0,0.0
2025-10-26,1110,Claypole,36780626.73,0.0,0.0,0.0
2025-10-26,1111,San Pedro de Jujuy,23489410.98,0.0,0.0,0.0
2025-10-26,1114,Clorinda,28717249.07,602999.1,1.0,1.0
2025-10-26,1115,General Roca,44537395.87,0.0,0.0,0.0
2025-10-26,1116,Moron,36351107.08,0.0,0.0,0.0
2025-10-26,1119,Moreno Derqui,33379367.66,0.0,0.0,0.0
2025-10-26,2997,Constituyentes,180770887.78,1742783.44,39.0,695.206
2025-10-26,2998,San Justo,101356735.94,1519731.42,22.0,596.319
2025-10-26,2999,Avellaneda,106551094.79,-6772.35,1.0,-1.0
2025-10-26,3601,La Plata,123467348.27,-31671.5,1.0,-5.0
2025-10-26,3602,Bahía Blanca,106290899.96,149999.0,1.0,1.0
2025-10-26,3603,Santa Fe,130526133.67,0.0,0.0,0.0
2025-10-26,3604,Paraná,83058418.83,0.0,0.0,0.0
2025-10-26,3605,Córdoba Oeste,142956146.25,0.0,0.0,0.0
2025-10-26,3606,Córdoba Este,98053469.73,0.0,0.0,0.0
2025-10-26,3608,Neuquén,125373118.56,1153891.45,13.0,126.495
2025-10-26,3613,Mendoza,103786147.22,1805364.56,40.0,737.459
2025-10-26,4001,Campana,16961048.87,0.0,0.0,0.0
2025-10-27,1002,Rio IV,41649941.0,2286064.48,16.0,626.533
2025-10-27,1003,San Luis,34437751.21,1519696.73,28.0,769.279
2025-10-27,1004,San Fernando,64601718.35,2705953.83,35.0,972.403
2025-10-27,1005,Las Heras,30479794.19,0.0,0.0,0.0
2025-10-27,1006,San Juan,37947211.87,1412676.74,24.0,547.157
2025-10-27,1007,La Rioja,56769808.22,0.0,0.0,0.0
2025-10-27,1008,Corrientes,47693129.04,909910.32,25.0,380.089
2025-10-27,1010,Córdoba Sur,28003875.53,0.0,0.0,0.0
2025-10-27,1011,Salta,33324282.4,1585769.41,15.0,145.251
2025-10-27,1012,Santiago,44115858.73,0.0,0.0,0.0
2025-10-27,1013,Tigre,34806423.1,0.0,0.0,0.0
2025-10-27,1014,Lujan,29085355.1,1317812.19,8.0,93.892
2025-10-27,1015,Maipú,29999343.02,0.0,0.0,0.0
2025-10-27,1016,Avellaneda 2,38043164.15,0.0,0.0,0.0
2025-10-27,1017,La Tablada,43010495.85,0.0,0.0,0.0
2025-10-27,1018,Quilmes,68557795.84,0.0,0.0,0.0
2025-10-27,1020,Tucumán,43255219.79,3950445.24,43.0,1582.285
2025-10-27,1021,Neuquén 2,39016467.95,0.0,0.0,0.0
2025-10-27,1022,Bariloche,45264053.66,0.0,0.0,0.0
2025-10-27,1023,La Pampa,33621272.55,0.0,0.0,0.0
2025-10-27,1024,Formosa,41254716.84,2775333.44,42.0,1185.065
2025-10-27,1026,Catamarca,40108811.0,0.0,0.0,0.0
2025-10-27,1027,Mataderos,13246735.76,0.0,0.0,0.0
2025-10-27,1028,Alte Brown,30085145.7,0.0,0.0,0.0
2025-10-27,1029,Moreno,24570757.57,1344998.1,2.0,2.0
2025-10-27,1030,José C Paz,8462220.53,0.0,0.0,0.0
2025-10-27,1031,Jujuy,48274374.49,1692471.64,13.0,97.124
2025-10-27,1032,Malvinas Arg,26650807.49,0.0,0.0,0.0
2025-10-27,1033,Rio Salí,35333068.08,863988.0,1.0,1.0
2025-10-27,1035,3 de Febrero,22250914.27,252369.45,6.0,133.9
2025-10-27,1036,Moreno Shopping,10626317.23,0.0,0.0,0.0
2025-10-27,1037,San Martin,9161539.73,0.0,0.0,0.0
2025-10-27,1038,Cipolletti,42514307.36,1395924.28,24.0,556.272
2025-10-27,1039,Paraná 2,35825715.81,0.0,0.0,0.0
2025-10-27,1042,Trelew,27540253.24,0.0,0.0,0.0
2025-10-27,1043,Laferrere,24379643.62,0.0,0.0,0.0
2025-10-27,1044,"Hurlingham (AV, Villegas)",7566544.11,0.0,0.0,0.0
2025-10-27,1045,"Hurlingham (AV, Vergara)",8418723.87,0.0,0.0,0.0
2025-10-27,1046,Pergamino,10756080.08,0.0,0.0,0.0
2025-10-27,1050,Lanús,22681447.83,0.0,0.0,0.0
2025-10-27,1051,Posadas,34051106.51,0.0,0.0,0.0
2025-10-27,1052,Oran,24435880.82,0.0,0.0,0.0
2025-10-27,1053,Viedma,23562928.48,0.0,0.0,0.0
2025-10-27,1054,Olavarría,26642089.57,1789754.03,18.0,522.807
2025-10-27,1055,Villa Mercedes,22661655.32,857454.4,8.0,291.165
2025-10-27,1056,Villa Nueva,16223054.3,0.0,0.0,0.0
2025-10-27,1057,Comodoro Rivadavia,49972230.73,2097718.91,22.0,719.254
2025-10-27,1058,Resistencia,30196409.8,2781627.72,26.0,481.267
2025-10-27,1059,Gonzalez Catán,27150461.03,0.0,0.0,0.0
2025-10-27,1060,Fuerza Aérea (Cba),21217106.31,0.0,0.0,0.0
2025-10-27,1061,Junín,31283709.34,0.0,0.0,0.0
2025-10-27,1067,San Martín (Mza),19516523.13,0.0,0.0,0.0
2025-10-27,1068,Palmares (Mza),35741733.5,0.0,0.0,0.0
2025-10-27,1074,Goya (Ctes),13497385.92,0.0,0.0,0.0
2025-10-27,1075,Salta Fuerza Aérea,24770312.3,0.0,0.0,0.0
2025-10-27,1076,Lomas de Zamora,27642216.07,0.0,0.0,0.0
2025-10-27,1077,Gral Pico (La Pampa),31133709.82,0.0,0.0,0.0
2025-10-27,1078,Salta Tartagal,31926346.42,0.0,0.0,0.0
2025-10-27,1080,Santiago del Estero Sur,30102478.7,2763129.23,17.0,456.076
2025-10-27,1081,Rawson San Juan,19152735.79,0.0,0.0,0.0
2025-10-27,1082,"Tucumán (Av, Jujuy)",15081675.91,0.0,0.0,0.0
2025-10-27,1084,San Vicente,8069711.52,0.0,0.0,0.0
2025-10-27,1085,"Corrientes (Av, Maipú)",12281960.34,0.0,0.0,0.0
2025-10-27,1086,Formosa II,29561527.8,0.0,0.0,0.0
2025-10-27,1087,Pilar,40474840.71,1878051.0,27.0,615.613
2025-10-27,1088,"Tuc, Concepción",29350496.66,0.0,0.0,0.0
2025-10-27,1092,San Juan Norte,20543054.64,0.0,0.0,0.0
2025-10-27,1093,Comodoro Rivadavia Norte,35135231.57,0.0,0.0,0.0
2025-10-27,1096,Caseros,26143523.48,0.0,0.0,0.0
2025-10-27,1097,Donato Alvarez (Cba),23913020.95,0.0,0.0,0.0
2025-10-27,1098,"R,S, Peña, Chaco",14635654.15,0.0,0.0,0.0
2025-10-27,1099,Posadas II,28073515.15,0.0,0.0,0.0
2025-10-27,1100,Santa Rosa (La Pampa) II,25654446.47,0.0,0.0,0.0
2025-10-27,1106,"Tuc, Ejército Del Norte",18599690.79,0.0,0.0,0.0
2025-10-27,1108,Puerto Madryn,32192233.08,16828.3,1.0,2.0
2025-10-27,1110,Claypole,16410803.0,0.0,0.0,0.0
2025-10-27,1111,San Pedro de Jujuy,23213342.0,0.0,0.0,0.0
2025-10-27,1114,Clorinda,17276937.52,0.0,0.0,0.0
2025-10-27,1115,General Roca,27326747.77,198140.24,9.0,86.985
2025-10-27,1116,Moron,23716293.8,0.0,0.0,0.0
2025-10-27,1119,Moreno Derqui,16614639.5,0.0,0.0,0.0
2025-10-27,2997,Constituyentes,110185002.32,10676336.07,109.0,3392.476
2025-10-27,2998,San Justo,62633056.33,5591975.5,65.0,2217.291
2025-10-27,2999,Avellaneda,62552562.79,7933041.95,92.0,2384.148
2025-10-27,3601,La Plata,70424857.22,6305173.03,73.0,2495.166
2025-10-27,3602,Bahía Blanca,57432931.63,3717866.35,49.0,1320.18
2025-10-27,3603,Santa Fe,52101654.75,4078105.23,37.0,1018.338
2025-10-27,3604,Paraná,43052627.61,4000388.54,37.0,1288.049
2025-10-27,3605,Córdoba Oeste,99191804.1,7585652.57,68.0,1968.015
2025-10-27,3606,Córdoba Este,45296967.23,3518746.52,30.0,701.529
2025-10-27,3608,Neuquén,88713181.06,1446880.73,26.0,588.956
2025-10-27,3613,Mendoza,57127504.17,4060191.82,70.0,1677.044
2025-10-27,4001,Campana,11707452.39,0.0,0.0,0.0
2025-10-28,1002,Rio IV,47683975.35,1453525.67,20.0,547.135
2025-10-28,1003,San Luis,57613953.99,2401610.77,23.0,496.291
2025-10-28,1004,San Fernando,64783693.81,2513739.78,27.0,801.005
2025-10-28,1005,Las Heras,36255245.84,0.0,0.0,0.0
2025-10-28,1006,San Juan,39073346.4,849716.07,19.0,379.793
2025-10-28,1007,La Rioja,78455699.63,0.0,2.0,0.0
2025-10-28,1008,Corrientes,62066627.18,121726.78,11.0,23.101
2025-10-28,1010,Córdoba Sur,38660488.97,0.0,0.0,0.0
2025-10-28,1011,Salta,38404537.85,349596.8,2.0,4.0
2025-10-28,1012,Santiago,60475675.47,0.0,0.0,0.0
2025-10-28,1013,Tigre,33807204.87,0.0,0.0,0.0
2025-10-28,1014,Lujan,27442949.67,446882.25,5.0,156.262
2025-10-28,1015,Maipú,29297311.08,0.0,0.0,0.0
2025-10-28,1016,Avellaneda 2,46729768.99,0.0,0.0,0.0
2025-10-28,1017,La Tablada,53524894.83,0.0,0.0,0.0
2025-10-28,1018,Quilmes,56466191.18,0.0,0.0,0.0
2025-10-28,1020,Tucumán,42897332.79,3274720.15,38.0,969.194
2025-10-28,1021,Neuquén 2,47609844.37,0.0,0.0,0.0
2025-10-28,1022,Bariloche,43872947.05,36309.15,1.0,17.0
2025-10-28,1023,La Pampa,37561484.38,0.0,0.0,0.0
2025-10-28,1024,Formosa,48727103.29,1878819.01,26.0,586.105
2025-10-28,1026,Catamarca,44256980.44,0.0,0.0,0.0
2025-10-28,1027,Mataderos,10458996.3,0.0,0.0,0.0
2025-10-28,1028,Alte Brown,30969076.34,0.0,0.0,0.0
2025-10-28,1029,Moreno,25318446.13,0.0,0.0,0.0
2025-10-28,1030,José C Paz,9656703.89,0.0,0.0,0.0
2025-10-28,1031,Jujuy,42156525.54,360305.28,9.0,152.07
2025-10-28,1032,Malvinas Arg,33831709.86,0.0,0.0,0.0
2025-10-28,1033,Rio Salí,31849683.46,0.0,0.0,0.0
2025-10-28,1035,3 de Febrero,22683568.32,311402.91,6.0,143.3
2025-10-28,1036,Moreno Shopping,11053034.57,59999.0,1.0,1.0
2025-10-28,1037,San Martin,9330566.47,0.0,0.0,0.0
2025-10-28,1038,Cipolletti,49570409.03,631206.5,14.0,299.268
2025-10-28,1039,Paraná 2,41837994.54,0.0,0.0,0.0
2025-10-28,1042,Trelew,29601424.68,0.0,0.0,0.0
2025-10-28,1043,Laferrere,26994359.28,0.0,0.0,0.0
2025-10-28,1044,"Hurlingham (AV, Villegas)",11187587.5,0.0,0.0,0.0
2025-10-28,1045,"Hurlingham (AV, Vergara)",9288394.43,0.0,0.0,0.0
2025-10-28,1046,Pergamino,11873302.02,0.0,0.0,0.0
2025-10-28,1050,Lanús,24612917.94,0.0,0.0,0.0
2025-10-28,1051,Posadas,41288524.94,0.0,0.0,0.0
2025-10-28,1052,Oran,31672539.66,0.0,0.0,0.0
2025-10-28,1053,Viedma,26675956.22,0.0,0.0,0.0
2025-10-28,1054,Olavarría,26066013.72,592646.13,8.0,235.164
2025-10-28,1055,Villa Mercedes,31620351.9,215040.33,5.0,49.246
2025-10-28,1056,Villa Nueva,19541311.77,0.0,0.0,0.0
2025-10-28,1057,Comodoro Rivadavia,50914427.99,1963242.31,17.0,427.988
2025-10-28,1058,Resistencia,36056116.37,1329706.78,11.0,297.4
2025-10-28,1059,Gonzalez Catán,30084273.14,0.0,0.0,0.0
2025-10-28,1060,Fuerza Aérea (Cba),28347997.6,0.0,0.0,0.0
2025-10-28,1061,Junín,33627815.25,0.0,0.0,0.0
2025-10-28,1067,San Martín (Mza),27047251.7,0.0,0.0,0.0
2025-10-28,1068,Palmares (Mza),45586339.69,0.0,0.0,0.0
2025-10-28,1074,Goya (Ctes),17350945.01,0.0,0.0,0.0
2025-10-28,1075,Salta Fuerza Aérea,29063804.23,0.0,0.0,0.0
2025-10-28,1076,Lomas de Zamora,29445156.29,0.0,0.0,0.0
2025-10-28,1077,Gral Pico (La Pampa),31672681.86,0.0,0.0,0.0
2025-10-28,1078,Salta Tartagal,36641237.99,0.0,0.0,0.0
2025-10-28,1080,Santiago del Estero Sur,37514787.16,983979.31,17.0,486.853
2025-10-28,1081,Rawson San Juan,25345756.68,0.0,0.0,0.0
2025-10-28,1082,"Tucumán (Av, Jujuy)",20425427.23,0.0,0.0,0.0
2025-10-28,1084,San Vicente,8615050.19,0.0,0.0,0.0
2025-10-28,1085,"Corrientes (Av, Maipú)",16704671.99,0.0,0.0,0.0
2025-10-28,1086,Formosa II,28809751.22,0.0,0.0,0.0
2025-10-28,1087,Pilar,50794640.94,2818270.33,24.0,936.189
2025-10-28,1088,"Tuc, Concepción",31683153.9,0.0,0.0,0.0
2025-10-28,1092,San Juan Norte,28617081.54,0.0,0.0,0.0
2025-10-28,1093,Comodoro Rivadavia Norte,38176237.16,0.0,0.0,0.0
2025-10-28,1096,Caseros,25460182.99,0.0,0.0,0.0
2025-10-28,1097,Donato Alvarez (Cba),27415716.91,0.0,0.0,0.0
2025-10-28,1098,"R,S, Peña, Chaco",22132677.4,0.0,0.0,0.0
2025-10-28,1099,Posadas II,25337433.14,0.0,0.0,0.0
2025-10-28,1100,Santa Rosa (La Pampa) II,22595256.17,0.0,0.0,0.0
2025-10-28,1106,"Tuc, Ejército Del Norte",14704774.77,0.0,0.0,0.0
2025-10-28,1108,Puerto Madryn,35607075.37,639996.2,4.0,4.0
2025-10-28,1110,Claypole,22811840.92,1042319.02,3.0,5.0
2025-10-28,1111,San Pedro de Jujuy,27488970.31,0.0,0.0,0.0
2025-10-28,1114,Clorinda,17787410.24,0.0,0.0,0.0
2025-10-28,1115,General Roca,28958108.85,124990.02,6.0,21.972
2025-10-28,1116,Moron,25991687.24,0.0,0.0,0.0
2025-10-28,1119,Moreno Derqui,17761124.35,0.0,0.0,0.0
2025-10-28,2997,Constituyentes,104980853.2,6814209.85,98.0,2461.259
2025-10-28,2998,San Justo,61079183.62,7655812.78,62.0,1649.862
2025-10-28,2999,Avellaneda,61341862.38,3071862.09,53.0,1307.406
2025-10-28,3601,La Plata,72570008.11,3627609.41,37.0,1402.888
2025-10-28,3602,Bahía Blanca,63756377.97,2253040.52,28.0,678.132
2025-10-28,3603,Santa Fe,67378056.73,3626617.34,35.0,698.195
2025-10-28,3604,Paraná,46065513.94,2842020.23,29.0,1046.698
2025-10-28,3605,Córdoba Oeste,119906038.42,6262589.51,64.0,1747.726
2025-10-28,3606,Córdoba Este,68356361.69,2053810.54,33.0,707.168
2025-10-28,3608,Neuquén,93022804.98,2449003.38,22.0,737.946
2025-10-28,3613,Mendoza,70028715.73,5207676.77,72.0,2135.318
2025-10-28,4001,Campana,13180506.06,0.0,0.0,0.0
2025-10-29,1002,Rio IV,53805839.13,1422123.08,28.0,483.847
2025-10-29,1003,San Luis,53951377.67,1256046.91,31.0,471.79
2025-10-29,1004,San Fernando,59361250.47,3420252.46,29.0,722.199
2025-10-29,1005,Las Heras,52589208.83,0.0,0.0,0.0
2025-10-29,1006,San Juan,45950915.1,2010387.67,29.0,795.565
2025-10-29,1007,La Rioja,63440070.66,237998.3,1.0,2.0
2025-10-29,1008,Corrientes,57094216.21,1900405.47,16.0,311.12
2025-10-29,1010,Córdoba Sur,30862508.38,35999.1,1.0,1.0
2025-10-29,1011,Salta,44388103.43,4735879.42,19.0,208.455
2025-10-29,1012,Santiago,46285246.74,0.0,0.0,0.0
2025-10-29,1013,Tigre,29753484.56,0.0,0.0,0.0
2025-10-29,1014,Lujan,25603973.14,329807.81,3.0,144.991
2025-10-29,1015,Maipú,35957032.4,0.0,0.0,0.0
2025-10-29,1016,Avellaneda 2,41641077.61,0.0,0.0,0.0
2025-10-29,1017,La Tablada,35292673.86,0.0,0.0,0.0
2025-10-29,1018,Quilmes,131272625.5,0.0,0.0,0.0
2025-10-29,1020,Tucumán,43650332.42,4647601.37,39.0,958.925
2025-10-29,1021,Neuquén 2,37013689.74,0.0,0.0,0.0
2025-10-29,1022,Bariloche,41832320.63,0.0,0.0,0.0
2025-10-29,1023,La Pampa,39720922.59,194523.84,2.0,2.0
2025-10-29,1024,Formosa,57514968.86,1886107.81,27.0,729.571
2025-10-29,1026,Catamarca,47562236.08,747969.32,2.0,4.0
2025-10-29,1027,Mataderos,11553736.7,0.0,0.0,0.0
2025-10-29,1028,Alte Brown,28029059.3,0.0,0.0,0.0
2025-10-29,1029,Moreno,19516685.28,0.0,0.0,0.0
2025-10-29,1030,José C Paz,9608559.06,0.0,0.0,0.0
2025-10-29,1031,Jujuy,46356794.93,3218045.98,11.0,63.082
2025-10-29,1032,Malvinas Arg,26128765.26,0.0,0.0,0.0
2025-10-29,1033,Rio Salí,29470237.12,0.0,0.0,0.0
2025-10-29,1035,3 de Febrero,18120572.7,486833.71,10.0,249.497
2025-10-29,1036,Moreno Shopping,10363315.12,0.0,0.0,0.0
2025-10-29,1037,San Martin,8053091.45,0.0,0.0,0.0
2025-10-29,1038,Cipolletti,39285733.31,368617.14,8.0,154.608
2025-10-29,1039,Paraná 2,36517522.25,0.0,0.0,0.0
2025-10-29,1042,Trelew,21347613.09,0.0,0.0,0.0
2025-10-29,1043,Laferrere,26467318.85,0.0,0.0,0.0
2025-10-29,1044,"Hurlingham (AV, Villegas)",9800525.05,0.0,0.0,0.0
2025-10-29,1045,"Hurlingham (AV, Vergara)",9417205.49,0.0,0.0,0.0
2025-10-29,1046,Pergamino,13657722.03,0.0,0.0,0.0
2025-10-29,1050,Lanús,22659771.88,0.0,0.0,0.0
2025-10-29,1051,Posadas,45576346.28,0.0,0.0,0.0
2025-10-29,1052,Oran,33107550.42,-32999.0,1.0,-1.0
2025-10-29,1053,Viedma,24610957.19,0.0,0.0,0.0
2025-10-29,1054,Olavarría,23297436.05,800884.88,12.0,201.937
2025-10-29,1055,Villa Mercedes,32084274.35,522296.3,13.0,171.193
2025-10-29,1056,Villa Nueva,27816064.48,4379997.0,3.0,3.0
2025-10-29,1057,Comodoro Rivadavia,42950808.39,1858304.02,18.0,659.442
2025-10-29,1058,Resistencia,35542354.86,851091.59,21.0,276.35
2025-10-29,1059,Gonzalez Catán,21496165.39,0.0,0.0,0.0
2025-10-29,1060,Fuerza Aérea (Cba),26203913.33,0.0,0.0,0.0
2025-10-29,1061,Junín,36203110.55,617497.25,3.0,3.0
2025-10-29,1067,San Martín (Mza),25667563.71,0.0,0.0,0.0
2025-10-29,1068,Palmares (Mza),57841814.83,0.0,0.0,0.0
2025-10-29,1074,Goya (Ctes),21825960.07,0.0,0.0,0.0
2025-10-29,1075,Salta Fuerza Aérea,27775377.24,0.0,0.0,0.0
2025-10-29,1076,Lomas de Zamora,26200735.61,0.0,0.0,0.0
2025-10-29,1077,Gral Pico (La Pampa),32917977.1,0.0,0.0,0.0
2025-10-29,1078,Salta Tartagal,35277961.85,0.0,0.0,0.0
2025-10-29,1080,Santiago del Estero Sur,32865807.2,2665741.4,15.0,294.792
2025-10-29,1081,Rawson San Juan,20450956.34,0.0,0.0,0.0
2025-10-29,1082,"Tucumán (Av, Jujuy)",18228212.06,0.0,0.0,0.0
2025-10-29,1084,San Vicente,9409103.86,0.0,0.0,0.0
2025-10-29,1085,"Corrientes (Av, Maipú)",14752501.0,0.0,0.0,0.0
2025-10-29,1086,Formosa II,33243253.95,0.0,0.0,0.0
2025-10-29,1087,Pilar,41663239.26,3734158.85,20.0,452.749
2025-10-29,1088,"Tuc, Concepción",28057413.49,419997.0,2.0,3.0
2025-10-29,1092,San Juan Norte,26750804.7,0.0,0.0,0.0
2025-10-29,1093,Comodoro Rivadavia Norte,31684882.01,0.0,0.0,0.0
2025-10-29,1096,Caseros,25066188.49,0.0,0.0,0.0
2025-10-29,1097,Donato Alvarez (Cba),26298125.27,599999.0,1.0,1.0
2025-10-29,1098,"R,S, Peña, Chaco",19814109.33,0.0,0.0,0.0
2025-10-29,1099,Posadas II,28667695.87,0.0,0.0,0.0
2025-10-29,1100,Santa Rosa (La Pampa) II,26150208.43,0.0,0.0,0.0
2025-10-29,1106,"Tuc, Ejército Del Norte",16252026.8,0.0,0.0,0.0
2025-10-29,1108,Puerto Madryn,37268714.23,95794.4,1.0,1.0
2025-10-29,1110,Claypole,18663192.69,0.0,0.0,0.0
2025-10-29,1111,San Pedro de Jujuy,19743138.13,0.0,0.0,0.0
2025-10-29,1114,Clorinda,20004979.94,0.0,0.0,0.0
2025-10-29,1115,General Roca,29003636.95,644062.96,7.0,108.329
2025-10-29,1116,Moron,20337530.91,0.0,0.0,0.0
2025-10-29,1119,Moreno Derqui,14776550.3,0.0,0.0,0.0
2025-10-29,2997,Constituyentes,-326421243.53,5978048.67,79.0,1764.685
2025-10-29,2998,San Justo,64015056.26,4407119.15,48.0,1402.619
2025-10-29,2999,Avellaneda,50397302.14,4087256.71,52.0,1203.942
2025-10-29,3601,La Plata,73187920.86,3791222.6,54.0,1483.878
2025-10-29,3602,Bahía Blanca,72621363.47,2680945.62,35.0,698.517
2025-10-29,3603,Santa Fe,59561052.3,4811100.76,58.0,1248.176
2025-10-29,3604,Paraná,45564079.15,3279707.04,35.0,1177.109
2025-10-29,3605,Córdoba Oeste,116856062.11,9091105.43,80.0,2187.69
2025-10-29,3606,Córdoba Este,61961874.03,2312121.55,40.0,784.265
2025-10-29,3608,Neuquén,78598668.19,573411.1,11.0,281.048
2025-10-29,3613,Mendoza,90344713.11,4549706.13,97.0,1668.423
2025-10-29,4001,Campana,10199577.82,0.0,0.0,0.0
2025-10-30,1002,Rio IV,91395801.91,3768746.57,47.0,1304.644
2025-10-30,1003,San Luis,109479512.24,4102400.93,57.0,1521.089
2025-10-30,1004,San Fernando,90625372.32,5803860.86,65.0,1973.103
2025-10-30,1005,Las Heras,86574166.0,0.0,0.0,0.0
2025-10-30,1006,San Juan,105814907.25,3152508.07,51.0,1058.48
2025-10-30,1007,La Rioja,183928483.68,0.0,0.0,0.0
2025-10-30,1008,Corrientes,142677016.95,1589269.97,28.0,863.721
2025-10-30,1010,Córdoba Sur,54856608.13,0.0,0.0,0.0
2025-10-30,1011,Salta,103837586.8,817772.42,15.0,266.332
2025-10-30,1012,Santiago,141359099.47,0.0,0.0,0.0
2025-10-30,1013,Tigre,49263087.77,0.0,0.0,0.0
2025-10-30,1014,Lujan,45531399.13,2007647.2,24.0,590.539
2025-10-30,1015,Maipú,51999227.06,0.0,0.0,0.0
2025-10-30,1016,Avellaneda 2,67252070.32,0.0,0.0,0.0
2025-10-30,1017,La Tablada,72613277.54,0.0,0.0,0.0
2025-10-30,1018,Quilmes,114303793.67,0.0,0.0,0.0
2025-10-30,1020,Tucumán,86882838.35,5822109.34,77.0,2221.358
2025-10-30,1021,Neuquén 2,62301605.41,0.0,0.0,0.0
2025-10-30,1022,Bariloche,75720654.58,0.0,0.0,0.0
2025-10-30,1023,La Pampa,67671614.78,0.0,0.0,0.0
2025-10-30,1024,Formosa,137188185.27,4279224.93,55.0,1365.857
2025-10-30,1026,Catamarca,161458103.85,1899656.0,3.0,4.0
2025-10-30,1027,Mataderos,18307578.41,0.0,0.0,0.0
2025-10-30,1028,Alte Brown,52139036.73,0.0,0.0,0.0
2025-10-30,1029,Moreno,43118956.1,0.0,0.0,0.0
2025-10-30,1030,José C Paz,15068467.79,0.0,0.0,0.0
2025-10-30,1031,Jujuy,126283489.03,1200961.89,28.0,883.225
2025-10-30,1032,Malvinas Arg,55365703.37,0.0,0.0,0.0
2025-10-30,1033,Rio Salí,60455445.43,0.0,0.0,0.0
2025-10-30,1035,3 de Febrero,40479203.4,1223427.58,16.0,551.142
2025-10-30,1036,Moreno Shopping,17691127.34,1742996.3,4.0,4.0
2025-10-30,1037,San Martin,15493140.82,0.0,0.0,0.0
2025-10-30,1038,Cipolletti,64266097.04,1127282.07,15.0,476.299
2025-10-30,1039,Paraná 2,90389224.33,0.0,0.0,0.0
2025-10-30,1042,Trelew,48810210.73,0.0,0.0,0.0
2025-10-30,1043,Laferrere,42944044.74,0.0,0.0,0.0
2025-10-30,1044,"Hurlingham (AV, Villegas)",13839006.04,0.0,0.0,0.0
2025-10-30,1045,"Hurlingham (AV, Vergara)",16097370.0,0.0,0.0,0.0
2025-10-30,1046,Pergamino,20862513.68,0.0,0.0,0.0
2025-10-30,1050,Lanús,43403577.3,0.0,0.0,0.0
2025-10-30,1051,Posadas,75639018.1,0.0,0.0,0.0
2025-10-30,1052,Oran,69842235.74,0.0,0.0,0.0
2025-10-30,1053,Viedma,53839475.67,0.0,0.0,0.0
2025-10-30,1054,Olavarría,63225916.89,2732622.89,38.0,1112.673
2025-10-30,1055,Villa Mercedes,78627726.42,1042005.82,10.0,269.355
2025-10-30,1056,Villa Nueva,56061302.06,0.0,0.0,0.0
2025-10-30,1057,Comodoro Rivadavia,103477585.31,3336633.82,40.0,1166.177
2025-10-30,1058,Resistencia,68974032.1,1840173.87,34.0,689.456
2025-10-30,1059,Gonzalez Catán,51217008.48,0.0,0.0,0.0
2025-10-30,1060,Fuerza Aérea (Cba),39670822.31,0.0,0.0,0.0
2025-10-30,1061,Junín,64886200.63,0.0,0.0,0.0
2025-10-30,1067,San Martín (Mza),68178441.55,0.0,0.0,0.0
2025-10-30,1068,Palmares (Mza),75952733.64,0.0,0.0,0.0
2025-10-30,1074,Goya (Ctes),61484363.29,0.0,0.0,0.0
2025-10-30,1075,Salta Fuerza Aérea,78990519.22,0.0,0.0,0.0
2025-10-30,1076,Lomas de Zamora,54700538.59,-1.0,2.0,0.0
2025-10-30,1077,Gral Pico (La Pampa),64481790.96,95998.4,1.0,2.0
2025-10-30,1078,Salta Tartagal,78854511.19,0.0,0.0,0.0
2025-10-30,1080,Santiago del Estero Sur,89104325.75,3085107.53,39.0,1711.618
2025-10-30,1081,Rawson San Juan,71799291.6,0.0,0.0,0.0
2025-10-30,1082,"Tucumán (Av, Jujuy)",33290303.54,0.0,0.0,0.0
2025-10-30,1084,San Vicente,14437382.48,0.0,0.0,0.0
2025-10-30,1085,"Corrientes (Av, Maipú)",48017564.96,0.0,0.0,0.0
2025-10-30,1086,Formosa II,107231868.12,0.0,0.0,0.0
2025-10-30,1087,Pilar,69005346.12,2423479.12,42.0,1022.604
2025-10-30,1088,"Tuc, Concepción",71463559.71,0.0,0.0,0.0
2025-10-30,1092,San Juan Norte,82955437.49,0.0,0.0,0.0
2025-10-30,1093,Comodoro Rivadavia Norte,60334311.43,0.0,0.0,0.0
2025-10-30,1096,Caseros,57348165.26,0.0,0.0,0.0
2025-10-30,1097,Donato Alvarez (Cba),43975962.58,9827.82,1.0,3.0
2025-10-30,1098,"R,S, Peña, Chaco",53133097.17,0.0,0.0,0.0
2025-10-30,1099,Posadas II,60396939.11,0.0,0.0,0.0
2025-10-30,1100,Santa Rosa (La Pampa) II,33844382.29,0.0,0.0,0.0
2025-10-30,1106,"Tuc, Ejército Del Norte",47127199.32,0.0,0.0,0.0
2025-10-30,1108,Puerto Madryn,81595892.04,0.0,0.0,0.0
2025-10-30,1110,Claypole,31772458.24,0.0,0.0,0.0
2025-10-30,1111,San Pedro de Jujuy,68570590.46,0.0,0.0,0.0
2025-10-30,1114,Clorinda,61565286.48,0.0,0.0,0.0
2025-10-30,1115,General Roca,46752853.49,1621632.01,8.0,206.076
2025-10-30,1116,Moron,45250826.81,0.0,0.0,0.0
2025-10-30,1119,Moreno Derqui,28814533.88,0.0,0.0,0.0
2025-10-30,2997,Constituyentes,-256385143.04,18450526.85,204.0,5465.601
2025-10-30,2998,San Justo,106498325.37,8358276.44,138.0,3714.601
2025-10-30,2999,Avellaneda,116679667.6,11389362.58,103.0,2922.424
2025-10-30,3601,La Plata,144751399.77,5945562.16,104.0,2208.781
2025-10-30,3602,Bahía Blanca,138942408.07,5313301.29,70.0,1975.493
2025-10-30,3603,Santa Fe,116048697.87,4925654.52,74.0,2037.483
2025-10-30,3604,Paraná,116397824.89,6834796.83,83.0,2298.33
2025-10-30,3605,Córdoba Oeste,186555209.21,11325803.94,125.0,3916.259
2025-10-30,3606,Córdoba Este,121800178.14,3399284.23,60.0,1240.732
2025-10-30,3608,Neuquén,130507441.98,2599323.08,36.0,965.237
2025-10-30,3613,Mendoza,129627798.59,8059144.53,140.0,3320.791
2025-10-30,4001,Campana,23291907.98,0.0,0.0,0.0
2025-10-31,1002,Rio IV,101956247.72,9012923.5,109.0,3128.172
2025-10-31,1003,San Luis,127764672.55,5062197.82,63.0,2286.197
2025-10-31,1004,San Fernando,128151583.29,10348676.58,107.0,3379.931
2025-10-31,1005,Las Heras,96533781.13,0.0,0.0,0.0
2025-10-31,1006,San Juan,122888250.37,5803277.86,85.0,2196.667
2025-10-31,1007,La Rioja,160595139.9,0.0,0.0,0.0
2025-10-31,1008,Corrientes,119715061.94,3021820.48,34.0,989.614
2025-10-31,1010,Córdoba Sur,62434220.99,0.0,0.0,0.0
2025-10-31,1011,Salta,90902943.07,1827245.48,33.0,739.985
2025-10-31,1012,Santiago,121828035.68,0.0,0.0,0.0
2025-10-31,1013,Tigre,66933974.32,0.0,0.0,0.0
2025-10-31,1014,Lujan,69141637.39,3347463.66,56.0,1481.923
2025-10-31,1015,Maipú,69042676.06,0.0,0.0,0.0
2025-10-31,1016,Avellaneda 2,98262370.84,0.0,0.0,0.0
2025-10-31,1017,La Tablada,751005094.76,0.0,0.0,0.0
2025-10-31,1018,Quilmes,61378843.32,0.0,0.0,0.0
2025-10-31,1020,Tucumán,92994710.13,7978603.09,105.0,2677.81
2025-10-31,1021,Neuquén 2,104491901.49,0.0,0.0,0.0
2025-10-31,1022,Bariloche,108767795.42,0.0,0.0,0.0
2025-10-31,1023,La Pampa,100799119.24,0.0,0.0,0.0
2025-10-31,1024,Formosa,126047607.08,6460587.31,92.0,3339.784
2025-10-31,1026,Catamarca,129992306.91,100998.5,2.0,2.0
2025-10-31,1027,Mataderos,20320631.33,0.0,0.0,0.0
2025-10-31,1028,Alte Brown,72125083.77,16956.35,2.0,4.0
2025-10-31,1029,Moreno,49627013.6,969999.0,1.0,1.0
2025-10-31,1030,José C Paz,19833935.09,0.0,0.0,0.0
2025-10-31,1031,Jujuy,114967200.32,2710250.61,30.0,719.298
2025-10-31,1032,Malvinas Arg,67657009.91,0.0,0.0,0.0
2025-10-31,1033,Rio Salí,62069987.04,499999.0,1.0,1.0
2025-10-31,1035,3 de Febrero,46533827.71,2461940.19,38.0,1146.426
2025-10-31,1036,Moreno Shopping,21128363.85,0.0,0.0,0.0
2025-10-31,1037,San Martin,19606578.45,0.0,0.0,0.0
2025-10-31,1038,Cipolletti,94666427.39,2345053.31,32.0,1057.332
2025-10-31,1039,Paraná 2,100732995.49,0.0,0.0,0.0
2025-10-31,1042,Trelew,62151204.47,127999.2,1.0,1.0
2025-10-31,1043,Laferrere,153549959.62,0.0,0.0,0.0
2025-10-31,1044,"Hurlingham (AV, Villegas)",15222765.29,0.0,0.0,0.0
2025-10-31,1045,"Hurlingham (AV, Vergara)",21153056.46,0.0,0.0,0.0
2025-10-31,1046,Pergamino,31760863.96,1584988.68,3.0,4.0
2025-10-31,1050,Lanús,53736323.7,0.0,0.0,0.0
2025-10-31,1051,Posadas,104725392.21,0.0,0.0,0.0
2025-10-31,1052,Oran,48887693.02,0.0,0.0,0.0
2025-10-31,1053,Viedma,69494314.96,179994.0,1.0,2.0
2025-10-31,1054,Olavarría,75484584.27,3446693.67,45.0,1605.184
2025-10-31,1055,Villa Mercedes,87918949.19,2356942.27,28.0,965.268
2025-10-31,1056,Villa Nueva,61331302.29,0.0,0.0,0.0
2025-10-31,1057,Comodoro Rivadavia,125773055.29,7431682.0,97.0,3174.405
2025-10-31,1058,Resistencia,67459144.45,3570917.9,65.0,1531.546
2025-10-31,1059,Gonzalez Catán,57886443.51,0.0,0.0,0.0
2025-10-31,1060,Fuerza Aérea (Cba),45100206.57,0.0,0.0,0.0
2025-10-31,1061,Junín,91250804.95,0.0,0.0,0.0
2025-10-31,1067,San Martín (Mza),69973482.68,0.0,0.0,0.0
2025-10-31,1068,Palmares (Mza),85884692.88,0.0,0.0,0.0
2025-10-31,1074,Goya (Ctes),63207554.0,0.0,0.0,0.0
2025-10-31,1075,Salta Fuerza Aérea,75265936.18,0.0,0.0,0.0
2025-10-31,1076,Lomas de Zamora,76660001.68,0.0,0.0,0.0
2025-10-31,1077,Gral Pico (La Pampa),84820123.66,47012.82,1.0,1.0
2025-10-31,1078,Salta Tartagal,64187051.24,0.0,0.0,0.0
2025-10-31,1080,Santiago del Estero Sur,76733914.58,6994486.5,65.0,3128.052
2025-10-31,1081,Rawson San Juan,66329884.16,0.0,0.0,0.0
2025-10-31,1082,"Tucumán (Av, Jujuy)",29073663.54,0.0,0.0,0.0
2025-10-31,1084,San Vicente,21603021.23,0.0,0.0,0.0
2025-10-31,1085,"Corrientes (Av, Maipú)",44204608.23,0.0,0.0,0.0
2025-10-31,1086,Formosa II,90542975.55,0.0,0.0,0.0
2025-10-31,1087,Pilar,111474442.0,7530443.14,74.0,2934.73
2025-10-31,1088,"Tuc, Concepción",72094964.28,0.0,0.0,0.0
2025-10-31,1092,San Juan Norte,78887421.61,0.0,0.0,0.0
2025-10-31,1093,Comodoro Rivadavia Norte,84540330.97,0.0,0.0,0.0
2025-10-31,1096,Caseros,53994824.07,0.0,0.0,0.0
2025-10-31,1097,Donato Alvarez (Cba),49279943.31,0.0,0.0,0.0
2025-10-31,1098,"R,S, Peña, Chaco",52481898.78,0.0,0.0,0.0
2025-10-31,1099,Posadas II,73766530.69,0.0,0.0,0.0
2025-10-31,1100,Santa Rosa (La Pampa) II,56297156.34,0.0,0.0,0.0
2025-10-31,1106,"Tuc, Ejército Del Norte",39361323.09,0.0,0.0,0.0
2025-10-31,1108,Puerto Madryn,85467503.68,0.0,0.0,0.0
2025-10-31,1110,Claypole,42936000.13,0.0,0.0,0.0
2025-10-31,1111,San Pedro de Jujuy,56561628.59,2300150.96,4.0,4.0
2025-10-31,1114,Clorinda,56909392.14,0.0,0.0,0.0
2025-10-31,1115,General Roca,56705512.23,1494829.66,21.0,603.122
2025-10-31,1116,Moron,47561990.07,0.0,0.0,0.0
2025-10-31,1119,Moreno Derqui,36359439.28,0.0,0.0,0.0
2025-10-31,2997,Constituyentes,-171358702.39,26161408.0,309.0,8998.9
2025-10-31,2998,San Justo,146373667.98,15002521.83,170.0,7160.81
2025-10-31,2999,Avellaneda,153580711.21,21536975.14,262.0,9093.374
2025-10-31,3601,La Plata,182292128.98,15828970.57,206.0,6544.98
2025-10-31,3602,Bahía Blanca,158336429.19,7128920.53,110.0,2980.166
2025-10-31,3603,Santa Fe,152964190.22,10258845.92,139.0,4054.586
2025-10-31,3604,Paraná,139011462.7,9800630.69,120.0,4549.116
2025-10-31,3605,Córdoba Oeste,236183961.19,18357398.85,214.0,7155.579
2025-10-31,3606,Córdoba Este,135108502.06,6864361.4,71.0,2958.617
2025-10-31,3608,Neuquén,180834189.0,5585427.6,61.0,2097.595
2025-10-31,3613,Mendoza,169384676.92,17742222.57,236.0,7252.742
2025-10-31,4001,Campana,24865827.0,0.0,0.0,0.0
2026-09-01,1002,Rio IV,56846009.76,2636372.95,26.0,895.095
2026-09-01,1003,San Luis,77442861.73,1536819.82,20.0,502.204
2026-09-01,1004,San Fernando,74218935.92,7005659.15,50.0,1945.119
2026-09-01,1005,Las Heras,43700750.35,0.0,0.0,0.0
2026-09-01,1006,San Juan,66580622.08,3399809.43,27.0,986.598
2026-09-01,1007,La Rioja,124924623.33,3073389.73,10.0,238.965
2026-09-01,1008,Corrientes,73665478.49,2516604.83,22.0,810.029
2026-09-01,1010,Córdoba Sur,43253117.85,0.0,0.0,0.0
2026-09-01,1011,Salta,41881057.46,65554.12,3.0,27.4
2026-09-01,1012,Santiago,69043809.38,0.0,0.0,0.0
2026-09-01,1013,Tigre,48669410.7,0.0,0.0,0.0
2026-09-01,1014,Lujan,41786846.45,2830150.71,27.0,791.305
2026-09-01,1015,Maipú,48534156.28,0.0,0.0,0.0
2026-09-01,1016,Avellaneda 2,53362644.25,0.0,0.0,0.0
2026-09-01,1017,La Tablada,41936176.77,2519998.39,2.0,2.0
2026-09-01,1018,Quilmes,32369716.94,0.0,0.0,0.0
2026-09-01,1020,Tucumán,52857035.49,5112078.33,39.0,1121.989
2026-09-01,1021,Neuquén 2,68919068.82,0.0,0.0,0.0
2026-09-01,1022,Bariloche,55746398.38,86482.0,2.0,28.09
2026-09-01,1023,La Pampa,61455850.99,0.0,0.0,0.0
2026-09-01,1024,Formosa,104934383.11,2748687.94,40.0,1057.018
2026-09-01,1026,Catamarca,47347884.61,262913.3,3.0,77.47
2026-09-01,1027,Mataderos,11522986.16,0.0,0.0,0.0
2026-09-01,1028,Alte Brown,37255472.66,134999.09,1.0,1.0
2026-09-01,1029,Moreno,29723267.21,0.0,0.0,0.0
2026-09-01,1030,José C Paz,11494140.58,0.0,0.0,0.0
2026-09-01,1031,Jujuy,56448306.41,664114.44,10.0,180.964
2026-09-01,1032,Malvinas Arg,43387110.46,0.0,0.0,0.0
2026-09-01,1033,Rio Salí,39474680.17,90465.0,2.0,35.0
2026-09-01,1035,3 de Febrero,29783740.22,1223812.03,10.0,414.482
2026-09-01,1036,Moreno Shopping,17243150.36,0.0,0.0,0.0
2026-09-01,1038,Cipolletti,60996382.32,2956977.75,20.0,478.216
2026-09-01,1039,Paraná 2,54256895.64,2410268.25,2.0,2.0
2026-09-01,1042,Trelew,38355475.54,653159.2,3.0,76.0
2026-09-01,1043,Laferrere,33808490.88,0.0,0.0,0.0
2026-09-01,1044,"Hurlingham (AV, Villegas)",11952817.05,0.0,0.0,0.0
2026-09-01,1045,"Hurlingham (AV, Vergara)",12313588.39,0.0,0.0,0.0
2026-09-01,1046,Pergamino,20881301.35,58043.79,2.0,41.0
2026-09-01,1050,Lanús,32427357.54,0.0,0.0,0.0
2026-09-01,1051,Posadas,60903896.69,1249073.2,6.0,131.591
2026-09-01,1052,Oran,42666493.26,0.0,0.0,0.0
2026-09-01,1053,Viedma,41759973.26,0.0,2.0,0.0
2026-09-01,1054,Olavarría,53364811.74,1703949.01,13.0,611.23
2026-09-01,1055,Villa Mercedes,43758882.04,2422198.95,10.0,204.969
2026-09-01,1056,Villa Nueva,29627389.97,0.0,0.0,0.0
2026-09-01,1057,Comodoro Rivadavia,74255860.72,2039843.19,18.0,561.174
2026-09-01,1058,Resistencia,38124575.28,556026.56,11.0,132.77
2026-09-01,1059,Gonzalez Catán,34410571.15,0.0,0.0,0.0
2026-09-01,1060,Fuerza Aérea (Cba),33000558.77,0.0,0.0,0.0
2026-09-01,1061,Junín,47301344.73,1957295.09,6.0,252.036
2026-09-01,1066,1066,1864283.82,0.0,0.0,0.0
2026-09-01,1067,San Martín (Mza),29752576.8,122370.86,2.0,65.396
2026-09-01,1068,Palmares (Mza),57091477.66,0.0,0.0,0.0
2026-09-01,1074,Goya (Ctes),19115622.36,0.0,0.0,0.0
2026-09-01,1075,Salta Fuerza Aérea,37445399.64,0.0,0.0,0.0
2026-09-01,1076,Lomas de Zamora,37196563.48,0.0,0.0,0.0
2026-09-01,1077,Gral Pico (La Pampa),47796688.41,4007946.2,5.0,65.567
2026-09-01,1078,Salta Tartagal,44353690.28,0.0,0.0,0.0
2026-09-01,1080,Santiago del Estero Sur,34099897.16,382284.21,6.0,136.236
2026-09-01,1081,Rawson San Juan,36270440.0,0.0,0.0,0.0
2026-09-01,1082,"Tucumán (Av, Jujuy)",21526710.8,0.0,0.0,0.0
2026-09-01,1084,San Vicente,9363659.01,0.0,0.0,0.0
2026-09-01,1085,"Corrientes (Av, Maipú)",19718752.84,0.0,0.0,0.0
2026-09-01,1086,Formosa II,64889107.24,0.0,0.0,0.0
2026-09-01,1087,Pilar,55292662.2,4654743.68,37.0,1333.217
2026-09-01,1088,"Tuc, Concepción",33217509.54,43598.8,1.0,2.0
2026-09-01,1092,San Juan Norte,42897593.51,0.0,0.0,0.0
2026-09-01,1093,Comodoro Rivadavia Norte,58693532.36,0.0,0.0,0.0
2026-09-01,1096,Caseros,33262380.97,0.0,0.0,0.0
2026-09-01,1097,Donato Alvarez (Cba),36080191.17,0.0,0.0,0.0
2026-09-01,1098,"R,S, Peña, Chaco",21180687.45,0.0,0.0,0.0
2026-09-01,1099,Posadas II,39142523.75,0.0,0.0,0.0
2026-09-01,1100,Santa Rosa (La Pampa) II,40728721.69,0.0,0.0,0.0
2026-09-01,1102,1102,2306002.06,0.0,0.0,0.0
2026-09-01,1103,1103,4478760.72,0.0,0.0,0.0
2026-09-01,1106,"Tuc, Ejército Del Norte",24682294.39,0.0,0.0,0.0
2026-09-01,1108,Puerto Madryn,40264128.5,421245.9,6.0,113.32
2026-09-01,1109,1109,3422133.65,0.0,0.0,0.0
2026-09-01,1110,Claypole,23319135.14,0.0,0.0,0.0
2026-09-01,1111,San Pedro de Jujuy,29958414.22,0.0,0.0,0.0
2026-09-01,1114,Clorinda,29011765.9,0.0,0.0,0.0
2026-09-01,1115,General Roca,34988882.32,713050.34,5.0,181.505
2026-09-01,1116,Moron,28984268.28,0.0,0.0,0.0
2026-09-01,1119,Moreno Derqui,22748617.18,0.0,0.0,0.0
2026-09-01,2997,Constituyentes,156199492.4,18379245.97,151.0,5186.698
2026-09-01,2998,San Justo,77536882.77,9872913.51,74.0,2571.544
2026-09-01,2999,Avellaneda,88976936.31,8002044.46,65.0,2264.938
2026-09-01,3601,La Plata,108534953.64,12058704.7,98.0,3460.6
2026-09-01,3602,Bahía Blanca,80297090.63,4929728.65,44.0,1381.009
2026-09-01,3603,Santa Fe,80746709.06,7570249.26,55.0,2105.558
2026-09-01,3604,Paraná,65491751.69,5050543.94,34.0,1042.596
2026-09-01,3605,Córdoba Oeste,148233065.66,10567330.63,81.0,2599.41
2026-09-01,3606,Córdoba Este,83815960.52,3302182.64,41.0,1044.451
2026-09-01,3608,Neuquén,126347856.81,3243170.02,23.0,831.54
2026-09-01,3613,Mendoza,97200090.58,9375486.28,83.0,2413.701
2026-09-01,4001,Campana,25159907.06,136680.15,3.0,43.0
2026-09-02,1002,Rio IV,49201469.92,2328617.58,25.0,807.188
2026-09-02,1003,San Luis,68361428.74,1618438.14,22.0,478.568
2026-09-02,1004,San Fernando,64245778.58,4632684.0,38.0,1217.552
2026-09-02,1005,Las Heras,55525633.8,733499.12,1.0,1.0
2026-09-02,1006,San Juan,52251613.97,957406.67,17.0,334.0
2026-09-02,1007,La Rioja,90233411.91,1974409.21,7.0,111.161
2026-09-02,1008,Corrientes,61760056.65,966972.54,18.0,769.214
2026-09-02,1010,Córdoba Sur,38628216.58,0.0,0.0,0.0
2026-09-02,1011,Salta,43713595.39,1189692.79,14.0,308.799
2026-09-02,1012,Santiago,50080539.29,1520995.83,6.0,44.132
2026-09-02,1013,Tigre,43432958.47,0.0,0.0,0.0
2026-09-02,1014,Lujan,45630018.97,-14301.35,3.0,8.0
2026-09-02,1015,Maipú,43393541.9,367999.19,1.0,1.0
2026-09-02,1016,Avellaneda 2,48631425.06,0.0,0.0,0.0
2026-09-02,1017,La Tablada,42098531.47,0.0,0.0,0.0
2026-09-02,1018,Quilmes,34336142.55,0.0,0.0,0.0
2026-09-02,1020,Tucumán,52461906.28,2354662.82,27.0,727.587
2026-09-02,1021,Neuquén 2,66438384.78,0.0,0.0,0.0
2026-09-02,1022,Bariloche,62725095.0,114047.4,1.0,54.0
2026-09-02,1023,La Pampa,49216205.35,272218.0,5.0,117.018
2026-09-02,1024,Formosa,84436999.16,4778663.63,60.0,1754.437
2026-09-02,1026,Catamarca,50915580.12,125697.55,1.0,67.0
2026-09-02,1027,Mataderos,14654186.87,0.0,0.0,0.0
2026-09-02,1028,Alte Brown,37833252.72,0.0,0.0,0.0
2026-09-02,1029,Moreno,28371259.38,0.0,0.0,0.0
2026-09-02,1030,José C Paz,15909999.98,0.0,0.0,0.0
2026-09-02,1031,Jujuy,49838430.48,440255.65,9.0,129.402
2026-09-02,1032,Malvinas Arg,42009447.15,0.0,0.0,0.0
2026-09-02,1033,Rio Salí,32137981.88,1461599.25,1.0,1.0
2026-09-02,1035,3 de Febrero,31472947.89,1413195.71,12.0,365.34
2026-09-02,1036,Moreno Shopping,12723522.61,0.0,0.0,0.0
2026-09-02,1038,Cipolletti,72998564.72,4968055.89,10.0,153.57
2026-09-02,1039,Paraná 2,55351215.14,0.0,0.0,0.0
2026-09-02,1042,Trelew,32821984.92,0.0,0.0,0.0
2026-09-02,1043,Laferrere,33149831.24,2279934.45,2.0,2.0
2026-09-02,1044,"Hurlingham (AV, Villegas)",13789944.48,0.0,0.0,0.0
2026-09-02,1045,"Hurlingham (AV, Vergara)",10511801.97,0.0,0.0,0.0
2026-09-02,1046,Pergamino,17716611.37,0.0,0.0,0.0
2026-09-02,1050,Lanús,29356981.13,0.0,0.0,0.0
2026-09-02,1051,Posadas,60637694.72,0.0,0.0,0.0
2026-09-02,1052,Oran,30264214.99,0.0,0.0,0.0
2026-09-02,1053,Viedma,48628079.25,0.0,0.0,0.0
2026-09-02,1054,Olavarría,39366208.57,1115781.76,8.0,116.499
2026-09-02,1055,Villa Mercedes,37714419.39,1220191.82,8.0,424.582
2026-09-02,1056,Villa Nueva,31555672.2,0.0,0.0,0.0
2026-09-02,1057,Comodoro Rivadavia,66130944.1,1529247.46,22.0,449.705
2026-09-02,1058,Resistencia,37297649.52,2354540.06,13.0,96.0
2026-09-02,1059,Gonzalez Catán,33287128.84,879899.0,1.0,1.0
2026-09-02,1060,Fuerza Aérea (Cba),32064783.21,0.0,0.0,0.0
2026-09-02,1061,Junín,45415108.29,0.0,0.0,0.0
2026-09-02,1066,1066,3045530.71,0.0,0.0,0.0
2026-09-02,1067,San Martín (Mza),25070836.79,0.0,0.0,0.0
2026-09-02,1068,Palmares (Mza),61731012.77,1416796.64,3.0,6.0
2026-09-02,1074,Goya (Ctes),18466762.68,0.0,0.0,0.0
2026-09-02,1075,Salta Fuerza Aérea,39092682.66,879899.0,1.0,1.0
2026-09-02,1076,Lomas de Zamora,32313344.97,0.0,0.0,0.0
2026-09-02,1077,Gral Pico (La Pampa),43300479.09,657671.15,2.0,27.0
2026-09-02,1078,Salta Tartagal,43374266.5,224889.33,1.0,74.755
2026-09-02,1080,Santiago del Estero Sur,40489901.06,1705247.13,20.0,615.499
2026-09-02,1081,Rawson San Juan,30882291.46,0.0,0.0,0.0
2026-09-02,1082,"Tucumán (Av, Jujuy)",12590032.4,0.0,0.0,0.0
2026-09-02,1084,San Vicente,12073410.9,35999.0,1.0,1.0
2026-09-02,1085,"Corrientes (Av, Maipú)",20239197.56,2184497.5,3.0,3.0
2026-09-02,1086,Formosa II,43269422.36,0.0,0.0,0.0
2026-09-02,1087,Pilar,48296901.83,1251123.71,14.0,412.347
2026-09-02,1088,"Tuc, Concepción",29392055.24,0.0,0.0,0.0
2026-09-02,1092,San Juan Norte,29813503.25,0.0,0.0,0.0
2026-09-02,1093,Comodoro Rivadavia Norte,50359325.04,0.0,0.0,0.0
2026-09-02,1096,Caseros,34486261.11,0.0,0.0,0.0
2026-09-02,1097,Donato Alvarez (Cba),30465950.07,0.0,0.0,0.0
2026-09-02,1098,"R,S, Peña, Chaco",22751245.61,94129.7,1.0,34.0
2026-09-02,1099,Posadas II,35626360.11,407997.69,2.0,3.0
2026-09-02,1100,Santa Rosa (La Pampa) II,35710931.36,0.0,0.0,0.0
2026-09-02,1102,1102,2384883.53,0.0,0.0,0.0
2026-09-02,1103,1103,4283521.84,0.0,0.0,0.0
2026-09-02,1106,"Tuc, Ejército Del Norte",18149841.22,0.0,0.0,0.0
2026-09-02,1108,Puerto Madryn,42755698.1,127647.6,2.0,18.348
2026-09-02,1109,1109,3754431.98,0.0,0.0,0.0
2026-09-02,1110,Claypole,21657766.4,0.0,0.0,0.0
2026-09-02,1111,San Pedro de Jujuy,24313152.2,-115107.36,2.0,0.0
2026-09-02,1114,Clorinda,31599116.63,1419746.12,3.0,4.0
2026-09-02,1115,General Roca,41154866.43,1287779.2,5.0,193.623
2026-09-02,1116,Moron,25062527.15,0.0,0.0,0.0
2026-09-02,1119,Moreno Derqui,27011219.92,0.0,0.0,0.0
2026-09-02,2997,Constituyentes,152123677.53,14170169.38,107.0,3354.12
2026-09-02,2998,San Justo,80802669.51,7044376.67,60.0,1975.64
2026-09-02,2999,Avellaneda,86312685.61,6788256.19,55.0,1930.162
2026-09-02,3601,La Plata,103937487.77,6992316.01,63.0,2137.997
2026-09-02,3602,Bahía Blanca,84322936.04,2452943.54,25.0,764.294
2026-09-02,3603,Santa Fe,68626223.1,3311010.83,26.0,1059.605
2026-09-02,3604,Paraná,65403000.85,5329226.68,34.0,1242.898
2026-09-02,3605,Córdoba Oeste,126786003.36,9507827.8,70.0,2192.276
2026-09-02,3606,Córdoba Este,70855216.36,3325650.89,33.0,1117.125
2026-09-02,3608,Neuquén,123138274.72,3131592.31,28.0,904.009
2026-09-02,3613,Mendoza,93631379.54,1835179.0,26.0,531.549
2026-09-02,4001,Campana,16151307.04,103306.95,2.0,54.0
2026-09-03,1002,Rio IV,52867572.42,3454785.72,29.0,1858.909
2026-09-03,1003,San Luis,71616800.32,4207993.97,32.0,674.504
2026-09-03,1004,San Fernando,75689142.72,5841074.46,62.0,1911.521
2026-09-03,1005,Las Heras,52408510.51,15998.0,1.0,2.0
2026-09-03,1006,San Juan,55848470.74,2366995.18,26.0,362.546
2026-09-03,1007,La Rioja,92113618.56,930500.6,2.0,52.0
2026-09-03,1008,Corrientes,76323246.53,2303084.93,18.0,468.826
2026-09-03,1010,Córdoba Sur,45049316.5,0.0,0.0,0.0
2026-09-03,1011,Salta,49299766.36,1292985.05,8.0,94.234
2026-09-03,1012,Santiago,62043233.51,282409.98,8.0,169.0
2026-09-03,1013,Tigre,57953572.18,0.0,0.0,0.0
2026-09-03,1014,Lujan,44964176.97,3471898.86,17.0,493.477
2026-09-03,1015,Maipú,38499392.3,0.0,0.0,0.0
2026-09-03,1016,Avellaneda 2,67324067.14,0.0,0.0,0.0
2026-09-03,1017,La Tablada,52379556.86,1199999.0,1.0,1.0
2026-09-03,1018,Quilmes,42566728.44,0.0,0.0,0.0
2026-09-03,1020,Tucumán,56623689.52,6174715.92,31.0,984.086
2026-09-03,1021,Neuquén 2,68045528.69,0.0,0.0,0.0
2026-09-03,1022,Bariloche,63013315.96,174773.63,4.0,59.955
2026-09-03,1023,La Pampa,45508548.67,0.0,0.0,0.0
2026-09-03,1024,Formosa,69935004.37,2423970.53,28.0,620.06
2026-09-03,1026,Catamarca,42868240.07,108013.2,2.0,29.0
2026-09-03,1027,Mataderos,18407060.38,0.0,0.0,0.0
2026-09-03,1028,Alte Brown,47160196.19,0.0,0.0,0.0
2026-09-03,1029,Moreno,31524240.07,0.0,0.0,0.0
2026-09-03,1030,José C Paz,17040632.46,0.0,0.0,0.0
2026-09-03,1031,Jujuy,58894371.41,669549.37,7.0,212.468
2026-09-03,1032,Malvinas Arg,57454377.47,0.0,0.0,0.0
2026-09-03,1033,Rio Salí,32228867.17,655364.99,2.0,4.0
2026-09-03,1035,3 de Febrero,33562619.04,818651.25,20.0,354.904
2026-09-03,1036,Moreno Shopping,13396119.8,0.0,0.0,0.0
2026-09-03,1038,Cipolletti,66677726.56,882344.92,13.0,296.3
2026-09-03,1039,Paraná 2,55862660.05,0.0,0.0,0.0
2026-09-03,1042,Trelew,42092348.82,93606.42,2.0,57.202
2026-09-03,1043,Laferrere,38281072.48,0.0,0.0,0.0
2026-09-03,1044,"Hurlingham (AV, Villegas)",16875316.8,0.0,0.0,0.0
2026-09-03,1045,"Hurlingham (AV, Vergara)",13623355.57,0.0,0.0,0.0
2026-09-03,1046,Pergamino,18204759.75,0.0,0.0,0.0
2026-09-03,1050,Lanús,36238281.85,0.0,0.0,0.0
2026-09-03,1051,Posadas,55709428.33,210605.54,4.0,111.0
2026-09-03,1052,Oran,99015340.01,0.0,0.0,0.0
2026-09-03,1053,Viedma,54203765.27,0.0,0.0,0.0
2026-09-03,1054,Olavarría,53543019.91,1366299.42,22.0,589.14
2026-09-03,1055,Villa Mercedes,37812437.43,308817.65,3.0,129.0
2026-09-03,1056,Villa Nueva,26206499.92,49595.4,1.0,10.525
2026-09-03,1057,Comodoro Rivadavia,85758278.16,3116181.88,32.0,949.486
2026-09-03,1058,Resistencia,40191748.26,1043916.19,16.0,429.583
2026-09-03,1059,Gonzalez Catán,43245727.44,0.0,0.0,0.0
2026-09-03,1060,Fuerza Aérea (Cba),28774178.75,0.0,0.0,0.0
2026-09-03,1061,Junín,60490160.66,242675.2,3.0,64.0
2026-09-03,1066,1066,2545705.6,0.0,0.0,0.0
2026-09-03,1067,San Martín (Mza),25904330.59,574216.16,10.0,207.254
2026-09-03,1068,Palmares (Mza),56316340.77,0.0,0.0,0.0
2026-09-03,1074,Goya (Ctes),18034310.53,679999.19,1.0,1.0
2026-09-03,1075,Salta Fuerza Aérea,33282523.24,0.0,0.0,0.0
2026-09-03,1076,Lomas de Zamora,47063133.93,0.0,0.0,0.0
2026-09-03,1077,Gral Pico (La Pampa),45517341.05,897847.19,2.0,121.0
2026-09-03,1078,Salta Tartagal,48658923.27,0.0,0.0,0.0
2026-09-03,1080,Santiago del Estero Sur,36616795.29,1643225.96,15.0,357.0
2026-09-03,1081,Rawson San Juan,31467817.27,679999.19,1.0,1.0
2026-09-03,1082,"Tucumán (Av, Jujuy)",17382751.68,0.0,0.0,0.0
2026-09-03,1084,San Vicente,11296872.59,94002.18,1.0,38.0
2026-09-03,1085,"Corrientes (Av, Maipú)",19971655.61,1659997.38,3.0,3.0
2026-09-03,1086,Formosa II,46221553.69,0.0,0.0,0.0
2026-09-03,1087,Pilar,51543859.0,4446382.97,34.0,1062.887
2026-09-03,1088,"Tuc, Concepción",36211458.31,60985.1,2.0,12.0
2026-09-03,1092,San Juan Norte,35218581.37,0.0,0.0,0.0
2026-09-03,1093,Comodoro Rivadavia Norte,60584866.83,0.0,0.0,0.0
2026-09-03,1096,Caseros,47824065.98,0.0,0.0,0.0
2026-09-03,1097,Donato Alvarez (Cba),31589335.02,0.0,0.0,0.0
2026-09-03,1098,"R,S, Peña, Chaco",22271880.04,79363.62,2.0,54.57
2026-09-03,1099,Posadas II,36700079.91,0.0,0.0,0.0
2026-09-03,1100,Santa Rosa (La Pampa) II,38401594.26,0.0,0.0,0.0
2026-09-03,1102,1102,3944159.78,0.0,0.0,0.0
2026-09-03,1103,1103,3348446.79,0.0,0.0,0.0
2026-09-03,1106,"Tuc, Ejército Del Norte",25917386.79,1615892.0,3.0,3.0
2026-09-03,1108,Puerto Madryn,51053988.54,276933.3,5.0,81.0
2026-09-03,1109,1109,3444557.29,0.0,0.0,0.0
2026-09-03,1110,Claypole,28237590.24,0.0,0.0,0.0
2026-09-03,1111,San Pedro de Jujuy,32235941.54,0.0,0.0,0.0
2026-09-03,1114,Clorinda,26089327.39,0.0,0.0,0.0
2026-09-03,1115,General Roca,37613727.43,271834.82,4.0,88.655
2026-09-03,1116,Moron,35038973.33,0.0,0.0,0.0
2026-09-03,1119,Moreno Derqui,25005864.22,0.0,0.0,0.0
2026-09-03,2997,Constituyentes,166210341.08,10130532.84,129.0,3145.572
2026-09-03,2998,San Justo,93933580.29,5536924.75,77.0,1966.193
2026-09-03,2999,Avellaneda,97478391.9,9416731.47,74.0,2190.252
2026-09-03,3601,La Plata,139554048.61,7316277.49,78.0,2226.875
2026-09-03,3602,Bahía Blanca,100322540.81,4128657.77,42.0,1385.026
2026-09-03,3603,Santa Fe,79796633.7,4816558.02,64.0,1656.015
2026-09-03,3604,Paraná,58807631.13,4192713.98,45.0,1634.179
2026-09-03,3605,Córdoba Oeste,134154317.14,10106789.15,73.0,2606.039
2026-09-03,3606,Córdoba Este,80229689.98,3431338.6,39.0,914.609
2026-09-03,3608,Neuquén,129757648.84,2792638.45,29.0,826.334
2026-09-03,3613,Mendoza,73181028.94,4539104.99,57.0,1422.532
2026-09-03,4001,Campana,22577539.0,123710.95,4.0,53.0
2026-09-04,1002,Rio IV,61497219.99,3538780.02,33.0,1296.476
2026-09-04,1003,San Luis,77773426.28,1203770.5,21.0,566.67
2026-09-04,1004,San Fernando,87721393.26,6770371.29,60.0,1870.939
2026-09-04,1005,Las Heras,52043253.79,0.0,0.0,0.0
2026-09-04,1006,San Juan,54012902.42,3311894.28,33.0,1078.782
2026-09-04,1007,La Rioja,95074700.47,583196.47,8.0,239.0
2026-09-04,1008,Corrientes,75034965.04,1398570.79,21.0,600.3
2026-09-04,1010,Córdoba Sur,44465800.43,0.0,0.0,0.0
2026-09-04,1011,Salta,58261620.07,2068120.31,17.0,458.208
2026-09-04,1012,Santiago,60419094.57,849473.06,8.0,97.0
2026-09-04,1013,Tigre,71652159.03,0.0,0.0,0.0
2026-09-04,1014,Lujan,40920529.15,842268.65,11.0,298.387
2026-09-04,1015,Maipú,45582966.86,0.0,0.0,0.0
2026-09-04,1016,Avellaneda 2,67308193.17,41999.7,1.0,1.0
2026-09-04,1017,La Tablada,67179322.83,0.0,0.0,0.0
2026-09-04,1018,Quilmes,51640029.21,0.0,0.0,0.0
2026-09-04,1020,Tucumán,57053406.87,6198775.77,36.0,1225.305
2026-09-04,1021,Neuquén 2,72949699.99,0.0,0.0,0.0
2026-09-04,1022,Bariloche,89628821.19,17838.5,1.0,7.0
2026-09-04,1023,La Pampa,64607067.1,67191.23,1.0,5.654
2026-09-04,1024,Formosa,65603775.15,2376328.34,35.0,944.33
2026-09-04,1026,Catamarca,65863320.94,244522.96,2.0,114.0
2026-09-04,1027,Mataderos,17252463.6,0.0,0.0,0.0
2026-09-04,1028,Alte Brown,38138465.23,0.0,0.0,0.0
2026-09-04,1029,Moreno,32317166.92,0.0,0.0,0.0
2026-09-04,1030,José C Paz,17288267.34,0.0,0.0,0.0
2026-09-04,1031,Jujuy,76147090.49,530429.43,10.0,190.49
2026-09-04,1032,Malvinas Arg,53834151.3,0.0,0.0,0.0
2026-09-04,1033,Rio Salí,42344192.92,0.0,0.0,0.0
2026-09-04,1035,3 de Febrero,34832360.75,1022360.32,23.0,557.033
2026-09-04,1036,Moreno Shopping,19436195.2,0.0,0.0,0.0
2026-09-04,1038,Cipolletti,77608897.3,1669566.87,18.0,387.697
2026-09-04,1039,Paraná 2,63901378.92,0.0,0.0,0.0
2026-09-04,1042,Trelew,63451048.01,616677.0,8.0,409.92
2026-09-04,1043,Laferrere,47310504.43,1409998.0,2.0,2.0
2026-09-04,1044,"Hurlingham (AV, Villegas)",16601295.59,1189999.12,1.0,1.0
2026-09-04,1045,"Hurlingham (AV, Vergara)",17038085.23,0.0,0.0,0.0
2026-09-04,1046,Pergamino,16915680.26,255101.21,1.0,106.0
2026-09-04,1050,Lanús,37287587.44,0.0,0.0,0.0
2026-09-04,1051,Posadas,54260360.43,398244.97,7.0,183.227
2026-09-04,1052,Oran,45738966.69,124711.09,3.0,45.532
2026-09-04,1053,Viedma,57179963.27,95262.25,3.0,64.0
2026-09-04,1054,Olavarría,52253776.84,2868430.44,41.0,1122.159
2026-09-04,1055,Villa Mercedes,49711768.6,1738299.01,17.0,1162.346
2026-09-04,1056,Villa Nueva,26243326.76,735585.95,2.0,25.0
2026-09-04,1057,Comodoro Rivadavia,108332682.38,1359678.63,23.0,478.256
2026-09-04,1058,Resistencia,44657221.92,1317525.23,24.0,406.35
2026-09-04,1059,Gonzalez Catán,37614873.06,0.0,0.0,0.0
2026-09-04,1060,Fuerza Aérea (Cba),31749983.78,0.0,0.0,0.0
2026-09-04,1061,Junín,48855514.5,137546.55,2.0,55.0
2026-09-04,1066,1066,2375035.07,0.0,0.0,0.0
2026-09-04,1067,San Martín (Mza),29413214.37,11899.7,1.0,10.0
2026-09-04,1068,Palmares (Mza),59038131.69,0.0,0.0,0.0
2026-09-04,1074,Goya (Ctes),19258024.99,280604.21,2.0,23.794
2026-09-04,1075,Salta Fuerza Aérea,45630032.63,0.0,0.0,0.0
2026-09-04,1076,Lomas de Zamora,44554360.91,0.0,0.0,0.0
2026-09-04,1077,Gral Pico (La Pampa),63599044.72,700570.48,2.0,16.0
2026-09-04,1078,Salta Tartagal,54927547.58,205544.44,3.0,42.0
2026-09-04,1080,Santiago del Estero Sur,37439611.12,643440.12,12.0,221.311
2026-09-04,1081,Rawson San Juan,29835590.58,0.0,0.0,0.0
2026-09-04,1082,"Tucumán (Av, Jujuy)",15133743.72,0.0,0.0,0.0
2026-09-04,1084,San Vicente,13488402.45,176080.18,2.0,82.592
2026-09-04,1085,"Corrientes (Av, Maipú)",21986038.51,0.0,0.0,0.0
2026-09-04,1086,Formosa II,48078567.3,0.0,0.0,0.0
2026-09-04,1087,Pilar,62767914.05,3888190.43,46.0,1259.311
2026-09-04,1088,"Tuc, Concepción",39065021.13,220870.12,1.0,50.377
2026-09-04,1092,San Juan Norte,36329200.36,0.0,0.0,0.0
2026-09-04,1093,Comodoro Rivadavia Norte,80003849.39,0.0,0.0,0.0
2026-09-04,1096,Caseros,40913341.8,0.0,0.0,0.0
2026-09-04,1097,Donato Alvarez (Cba),36317302.03,0.0,0.0,0.0
2026-09-04,1098,"R,S, Peña, Chaco",33010726.47,32061.15,1.0,9.105
2026-09-04,1099,Posadas II,46487026.15,2827998.5,1.0,2.0
2026-09-04,1100,Santa Rosa (La Pampa) II,48989695.9,0.0,0.0,0.0
2026-09-04,1102,1102,3177980.02,0.0,0.0,0.0
2026-09-04,1103,1103,3805266.33,0.0,0.0,0.0
2026-09-04,1106,"Tuc, Ejército Del Norte",19708699.48,0.0,0.0,0.0
2026-09-04,1108,Puerto Madryn,65798550.54,246052.51,5.0,78.417
2026-09-04,1109,1109,3353288.22,0.0,0.0,0.0
2026-09-04,1110,Claypole,30647238.73,0.0,0.0,0.0
2026-09-04,1111,San Pedro de Jujuy,37661544.96,0.0,0.0,0.0
2026-09-04,1114,Clorinda,26153624.85,0.0,0.0,0.0
2026-09-04,1115,General Roca,45252839.82,1405526.26,5.0,103.223
2026-09-04,1116,Moron,33108112.68,0.0,0.0,0.0
2026-09-04,1119,Moreno Derqui,28498350.28,0.0,0.0,0.0
2026-09-04,2997,Constituyentes,177890138.35,19687815.84,192.0,5266.47
2026-09-04,2998,San Justo,103895590.93,11541624.42,120.0,4573.028
2026-09-04,2999,Avellaneda,107413712.7,10080750.79,109.0,3791.301
2026-09-04,3601,La Plata,122950202.83,8617307.48,100.0,3348.483
2026-09-04,3602,Bahía Blanca,100548767.28,5713450.46,72.0,1689.531
2026-09-04,3603,Santa Fe,100064799.17,5244071.68,69.0,1868.794
2026-09-04,3604,Paraná,76597269.77,5793176.01,53.0,1837.354
2026-09-04,3605,Córdoba Oeste,144694632.81,9013863.88,91.0,3208.815
2026-09-04,3606,Córdoba Este,85708992.75,4655839.51,42.0,1798.235
2026-09-04,3608,Neuquén,150502684.11,5229083.92,40.0,1619.21
2026-09-04,3613,Mendoza,88677941.16,5790972.61,60.0,1940.818
2026-09-04,4001,Campana,24773071.74,0.0,0.0,0.0
2026-09-05,1002,Rio IV,135832423.1,4465859.58,27.0,922.557
2026-09-05,1003,San Luis,129477705.55,1654836.94,18.0,561.108
2026-09-05,1004,San Fernando,121302336.4,3838328.07,37.0,1444.402
2026-09-05,1005,Las Heras,88273048.36,1174801.2,2.0,2.0
2026-09-05,1006,San Juan,96365763.62,3345736.43,28.0,938.611
2026-09-05,1007,La Rioja,165217811.95,176196.94,3.0,83.0
2026-09-05,1008,Corrientes,112264712.49,3755284.24,21.0,559.691
2026-09-05,1010,Córdoba Sur,73360891.84,0.0,0.0,0.0
2026-09-05,1011,Salta,87452161.7,2134527.82,23.0,403.97
2026-09-05,1012,Santiago,87292296.97,415813.53,6.0,42.543
2026-09-05,1013,Tigre,99275583.42,0.0,0.0,0.0
2026-09-05,1014,Lujan,98804041.57,3983869.58,15.0,444.022
2026-09-05,1015,Maipú,72484797.01,3432842.2,3.0,7.0
2026-09-05,1016,Avellaneda 2,135680212.49,0.0,0.0,0.0
2026-09-05,1017,La Tablada,110119209.69,0.0,0.0,0.0
2026-09-05,1018,Quilmes,85369521.69,0.0,0.0,0.0
2026-09-05,1020,Tucumán,79389318.5,4895270.21,39.0,1018.465
2026-09-05,1021,Neuquén 2,97639555.71,495999.19,1.0,1.0
2026-09-05,1022,Bariloche,143597630.01,83344.59,2.0,13.026
2026-09-05,1023,La Pampa,134648866.32,0.0,0.0,0.0
2026-09-05,1024,Formosa,116168923.37,6919494.6,58.0,2386.76
2026-09-05,1026,Catamarca,105304195.52,261390.55,2.0,72.0
2026-09-05,1027,Mataderos,25424845.12,0.0,0.0,0.0
2026-09-05,1028,Alte Brown,69963299.22,0.0,0.0,0.0
2026-09-05,1029,Moreno,62569831.59,0.0,0.0,0.0
2026-09-05,1030,José C Paz,29035490.65,0.0,0.0,0.0
2026-09-05,1031,Jujuy,113770607.79,494308.6,7.0,78.792
2026-09-05,1032,Malvinas Arg,89325323.5,0.0,0.0,0.0
2026-09-05,1033,Rio Salí,61587646.79,3562329.43,7.0,17.0
2026-09-05,1035,3 de Febrero,65617572.81,1466684.24,14.0,616.035
2026-09-05,1036,Moreno Shopping,24565873.74,699999.0,1.0,1.0
2026-09-05,1038,Cipolletti,125241972.37,2740301.41,22.0,925.227
2026-09-05,1039,Paraná 2,98435857.0,1158308.0,2.0,2.0
2026-09-05,1042,Trelew,98020342.97,102314.45,2.0,44.65
2026-09-05,1043,Laferrere,84491585.2,0.0,0.0,0.0
2026-09-05,1044,"Hurlingham (AV, Villegas)",29872737.1,0.0,0.0,0.0
2026-09-05,1045,"Hurlingham (AV, Vergara)",24196258.29,0.0,0.0,0.0
2026-09-05,1046,Pergamino,34568700.89,148295.13,2.0,52.0
2026-09-05,1050,Lanús,62993600.68,0.0,0.0,0.0
2026-09-05,1051,Posadas,90151218.53,132238.36,2.0,85.592
2026-09-05,1052,Oran,54234332.13,70667.92,2.0,12.16
2026-09-05,1053,Viedma,91354732.75,165937.9,2.0,74.625
2026-09-05,1054,Olavarría,99002413.34,2165660.2,23.0,845.741
2026-09-05,1055,Villa Mercedes,72773429.14,2653992.8,15.0,573.418
2026-09-05,1056,Villa Nueva,55749126.03,0.0,0.0,0.0
2026-09-05,1057,Comodoro Rivadavia,184328195.71,4945621.58,30.0,1388.417
2026-09-05,1058,Resistencia,70785972.46,1564189.38,16.0,458.718
2026-09-05,1059,Gonzalez Catán,85131173.17,0.0,0.0,0.0
2026-09-05,1060,Fuerza Aérea (Cba),51334326.59,254998.5,1.0,2.0
2026-09-05,1061,Junín,117295430.87,154410.41,1.0,121.382
2026-09-05,1066,1066,3731611.08,0.0,0.0,0.0
2026-09-05,1067,San Martín (Mza),55646378.35,62724.57,1.0,31.974
2026-09-05,1068,Palmares (Mza),89354167.33,0.0,0.0,0.0
2026-09-05,1074,Goya (Ctes),31515763.82,0.0,0.0,0.0
2026-09-05,1075,Salta Fuerza Aérea,70867086.41,0.0,0.0,0.0
2026-09-05,1076,Lomas de Zamora,71316134.71,0.0,0.0,0.0
2026-09-05,1077,Gral Pico (La Pampa),126688832.72,0.0,0.0,0.0
2026-09-05,1078,Salta Tartagal,64693211.54,770920.2,2.0,44.0
2026-09-05,1080,Santiago del Estero Sur,58924963.49,4163433.05,30.0,1015.063
2026-09-05,1081,Rawson San Juan,48050478.6,447241.38,1.0,1.0
2026-09-05,1082,"Tucumán (Av, Jujuy)",27720002.78,0.0,0.0,0.0
2026-09-05,1084,San Vicente,31445270.52,153662.29,1.0,34.023
2026-09-05,1085,"Corrientes (Av, Maipú)",28859185.86,0.0,0.0,0.0
2026-09-05,1086,Formosa II,81041650.63,0.0,0.0,0.0
2026-09-05,1087,Pilar,88612504.83,1427588.32,16.0,515.488
2026-09-05,1088,"Tuc, Concepción",61254799.2,0.0,0.0,0.0
2026-09-05,1092,San Juan Norte,66631840.24,46999.0,1.0,1.0
2026-09-05,1093,Comodoro Rivadavia Norte,109188112.74,0.0,0.0,0.0
2026-09-05,1096,Caseros,75115903.19,0.0,0.0,0.0
2026-09-05,1097,Donato Alvarez (Cba),62169715.13,735278.69,1.0,1.0
2026-09-05,1098,"R,S, Peña, Chaco",51286943.11,0.0,0.0,0.0
2026-09-05,1099,Posadas II,74272027.77,0.0,0.0,0.0
2026-09-05,1100,Santa Rosa (La Pampa) II,83425816.41,0.0,0.0,0.0
2026-09-05,1102,1102,4317050.92,0.0,0.0,0.0
2026-09-05,1103,1103,889194.7,0.0,0.0,0.0
2026-09-05,1106,"Tuc, Ejército Del Norte",35942964.99,959999.19,1.0,1.0
2026-09-05,1108,Puerto Madryn,95782862.24,19954.6,1.0,9.0
2026-09-05,1109,1109,3898255.34,0.0,0.0,0.0
2026-09-05,1110,Claypole,52414629.35,0.0,0.0,0.0
2026-09-05,1111,San Pedro de Jujuy,50989772.4,765993.0,2.0,2.0
2026-09-05,1114,Clorinda,42800224.81,406998.0,2.0,2.0
2026-09-05,1115,General Roca,73714504.83,619462.56,9.0,153.305
2026-09-05,1116,Moron,67514851.76,254998.5,1.0,2.0
2026-09-05,1119,Moreno Derqui,61651209.92,0.0,0.0,0.0
2026-09-05,2997,Constituyentes,304234266.99,11678354.07,98.0,2831.391
2026-09-05,2998,San Justo,186866247.6,11186859.58,99.0,4092.656
2026-09-05,2999,Avellaneda,183995648.28,14931138.07,107.0,3946.1
2026-09-05,3601,La Plata,204685944.88,13549897.0,89.0,3166.392
2026-09-05,3602,Bahía Blanca,205306638.1,5694336.4,55.0,1867.475
2026-09-05,3603,Santa Fe,163467290.57,6469040.82,52.0,1531.995
2026-09-05,3604,Paraná,139762380.86,2223712.45,25.0,846.784
2026-09-05,3605,Córdoba Oeste,225061939.24,4581702.02,52.0,1407.872
2026-09-05,3606,Córdoba Este,152179575.25,6253226.75,35.0,1742.224
2026-09-05,3608,Neuquén,248282400.59,3520763.31,27.0,1190.826
2026-09-05,3613,Mendoza,152311418.55,6593421.56,57.0,1879.198
2026-09-05,4001,Campana,38403700.64,0.0,0.0,0.0
2026-09-06,1002,Rio IV,131005079.35,0.0,0.0,0.0
2026-09-06,1003,San Luis,107243338.05,0.0,0.0,0.0
2026-09-06,1004,San Fernando,104934435.19,3227911.5,10.0,387.073
2026-09-06,1005,Las Heras,75812103.82,0.0,0.0,0.0
2026-09-06,1006,San Juan,91393850.44,0.0,0.0,0.0
2026-09-06,1008,Corrientes,109981940.72,0.0,0.0,0.0
2026-09-06,1010,Córdoba Sur,81325367.16,0.0,0.0,0.0
2026-09-06,1011,Salta,65317119.26,0.0,0.0,0.0
2026-09-06,1012,Santiago,78944044.29,112367.65,1.0,38.27
2026-09-06,1013,Tigre,87798122.45,0.0,0.0,0.0
2026-09-06,1014,Lujan,88096692.18,0.0,0.0,0.0
2026-09-06,1015,Maipú,80293655.92,0.0,0.0,0.0
2026-09-06,1016,Avellaneda 2,121896413.3,0.0,0.0,0.0
2026-09-06,1017,La Tablada,95099266.98,0.0,0.0,0.0
2026-09-06,1018,Quilmes,58114998.0,0.0,0.0,0.0
2026-09-06,1020,Tucumán,65611122.31,0.0,0.0,0.0
2026-09-06,1021,Neuquén 2,71429790.68,0.0,0.0,0.0
2026-09-06,1022,Bariloche,127556803.98,1129194.85,3.0,28.0
2026-09-06,1024,Formosa,93523397.36,0.0,0.0,0.0
2026-09-06,1026,Catamarca,88192446.62,154957.9,1.0,72.0
2026-09-06,1027,Mataderos,19876891.48,0.0,0.0,0.0
2026-09-06,1028,Alte Brown,58483891.69,0.0,0.0,0.0
2026-09-06,1029,Moreno,59160371.47,0.0,0.0,0.0
2026-09-06,1030,José C Paz,27813407.19,0.0,0.0,0.0
2026-09-06,1031,Jujuy,59844356.89,0.0,0.0,0.0
2026-09-06,1032,Malvinas Arg,82488577.48,0.0,0.0,0.0
2026-09-06,1033,Rio Salí,60360832.48,26218.0,1.0,4.0
2026-09-06,1035,3 de Febrero,46255144.81,340678.94,4.0,152.0
2026-09-06,1036,Moreno Shopping,8326168.2,0.0,0.0,0.0
2026-09-06,1039,Paraná 2,86019372.48,-559999.0,1.0,-1.0
2026-09-06,1042,Trelew,70229883.79,511582.67,2.0,276.689
2026-09-06,1043,Laferrere,79560928.77,0.0,0.0,0.0
2026-09-06,1044,"Hurlingham (AV, Villegas)",24303248.37,0.0,0.0,0.0
2026-09-06,1045,"Hurlingham (AV, Vergara)",18051764.99,0.0,0.0,0.0
2026-09-06,1046,Pergamino,22735560.32,0.0,0.0,0.0
2026-09-06,1050,Lanús,54948336.0,0.0,0.0,0.0
2026-09-06,1051,Posadas,65933653.99,202581.3,4.0,116.0
2026-09-06,1052,Oran,66698849.72,0.0,0.0,0.0
2026-09-06,1053,Viedma,69422242.55,0.0,0.0,0.0
2026-09-06,1054,Olavarría,99503871.9,0.0,0.0,0.0
2026-09-06,1055,Villa Mercedes,63456547.2,0.0,0.0,0.0
2026-09-06,1056,Villa Nueva,54030360.42,86280.3,1.0,34.979
2026-09-06,1057,Comodoro Rivadavia,154995354.82,0.0,0.0,0.0
2026-09-06,1058,Resistencia,62576916.88,0.0,0.0,0.0
2026-09-06,1059,Gonzalez Catán,81572962.66,0.0,0.0,0.0
2026-09-06,1060,Fuerza Aérea (Cba),38389322.45,0.0,0.0,0.0
2026-09-06,1061,Junín,95315774.46,56782.23,2.0,12.87
2026-09-06,1066,1066,4643983.29,0.0,0.0,0.0
2026-09-06,1067,San Martín (Mza),48450873.14,72523.45,3.0,19.0
2026-09-06,1068,Palmares (Mza),84761852.78,0.0,0.0,0.0
2026-09-06,1074,Goya (Ctes),32676874.72,0.0,0.0,0.0
2026-09-06,1075,Salta Fuerza Aérea,64566473.02,0.0,0.0,0.0
2026-09-06,1076,Lomas de Zamora,60620230.23,0.0,0.0,0.0
2026-09-06,1078,Salta Tartagal,76080181.53,0.0,0.0,0.0
2026-09-06,1080,Santiago del Estero Sur,56642812.65,0.0,0.0,0.0
2026-09-06,1081,Rawson San Juan,50669011.7,0.0,0.0,0.0
2026-09-06,1082,"Tucumán (Av, Jujuy)",29653830.17,0.0,0.0,0.0
2026-09-06,1084,San Vicente,19792510.23,0.0,0.0,0.0
2026-09-06,1085,"Corrientes (Av, Maipú)",36867446.11,0.0,0.0,0.0
2026-09-06,1086,Formosa II,65205527.55,0.0,0.0,0.0
2026-09-06,1087,Pilar,77087924.59,0.0,0.0,0.0
2026-09-06,1088,"Tuc, Concepción",53406183.14,174999.3,1.0,1.0
2026-09-06,1092,San Juan Norte,62907451.75,0.0,0.0,0.0
2026-09-06,1093,Comodoro Rivadavia Norte,95598146.78,0.0,0.0,0.0
2026-09-06,1096,Caseros,74589945.75,0.0,0.0,0.0
2026-09-06,1097,Donato Alvarez (Cba),59472615.82,0.0,0.0,0.0
2026-09-06,1099,Posadas II,58724577.76,0.0,0.0,0.0
2026-09-06,1102,1102,5060590.25,0.0,0.0,0.0
2026-09-06,1103,1103,528226.32,0.0,0.0,0.0
2026-09-06,1106,"Tuc, Ejército Del Norte",35793436.87,0.0,0.0,0.0
2026-09-06,1108,Puerto Madryn,74836878.7,479920.7,6.0,29.937
2026-09-06,1109,1109,5598971.86,0.0,0.0,0.0
2026-09-06,1110,Claypole,51428790.17,0.0,0.0,0.0
2026-09-06,1111,San Pedro de Jujuy,33754033.41,0.0,0.0,0.0
2026-09-06,1114,Clorinda,31751008.55,0.0,0.0,0.0
2026-09-06,1115,General Roca,64986194.13,0.0,0.0,0.0
2026-09-06,1116,Moron,52669753.76,0.0,0.0,0.0
2026-09-06,1119,Moreno Derqui,55626476.34,0.0,0.0,0.0
2026-09-06,2997,Constituyentes,266492522.4,6863898.48,62.0,2226.177
2026-09-06,2998,San Justo,167836010.96,2503509.18,23.0,1035.67
2026-09-06,2999,Avellaneda,179307084.01,2693761.01,21.0,912.83
2026-09-06,3601,La Plata,182523965.21,0.0,0.0,0.0
2026-09-06,3602,Bahía Blanca,168415500.02,0.0,0.0,0.0
2026-09-06,3603,Santa Fe,202927873.66,0.0,0.0,0.0
2026-09-06,3604,Paraná,143323921.01,-128793.0,1.0,-7.0
2026-09-06,3605,Córdoba Oeste,208338626.0,0.0,0.0,0.0
2026-09-06,3606,Córdoba Este,143241877.61,0.0,0.0,0.0
2026-09-06,3608,Neuquén,219448481.5,496287.14,8.0,168.0
2026-09-06,3613,Mendoza,146253682.76,0.0,0.0,0.0
2026-09-06,4001,Campana,26871331.02,20580.6,1.0,17.0
2026-09-07,1002,Rio IV,61655862.56,5593608.09,49.0,2437.091
2026-09-07,1003,San Luis,82265810.4,3692909.69,36.0,1607.589
2026-09-07,1004,San Fernando,103104966.28,7714988.21,59.0,1935.047
2026-09-07,1005,Las Heras,74066765.27,0.0,0.0,0.0
2026-09-07,1006,San Juan,66219266.29,3164299.61,39.0,1130.773
2026-09-07,1007,La Rioja,86028296.61,357214.61,4.0,111.523
2026-09-07,1008,Corrientes,64881553.91,1923903.13,21.0,628.023
2026-09-07,1010,Córdoba Sur,60327536.29,0.0,0.0,0.0
2026-09-07,1011,Salta,51693074.43,1184261.45,15.0,383.454
2026-09-07,1012,Santiago,58787224.53,215860.6,3.0,55.095
2026-09-07,1013,Tigre,55698353.46,0.0,0.0,0.0
2026-09-07,1014,Lujan,49362260.04,807678.04,11.0,285.0
2026-09-07,1015,Maipú,63795777.71,0.0,0.0,0.0
2026-09-07,1016,Avellaneda 2,71021847.06,0.0,0.0,0.0
2026-09-07,1017,La Tablada,60625458.34,0.0,0.0,0.0
2026-09-07,1018,Quilmes,38108572.7,0.0,0.0,0.0
2026-09-07,1020,Tucumán,60105091.03,4897461.4,39.0,1193.761
2026-09-07,1021,Neuquén 2,64524843.43,0.0,0.0,0.0
2026-09-07,1022,Bariloche,73246112.7,294206.85,3.0,56.0
2026-09-07,1023,La Pampa,46150568.35,405930.4,1.0,82.306
2026-09-07,1024,Formosa,56009083.83,2919132.77,36.0,1043.713
2026-09-07,1026,Catamarca,77863787.03,1029153.65,3.0,88.0
2026-09-07,1027,Mataderos,16420141.66,758935.2,1.0,1.0
2026-09-07,1028,Alte Brown,43391278.24,0.0,0.0,0.0
2026-09-07,1029,Moreno,31581192.58,0.0,0.0,0.0
2026-09-07,1030,José C Paz,14148970.09,0.0,0.0,0.0
2026-09-07,1031,Jujuy,68634232.4,1105767.29,18.0,397.859
2026-09-07,1032,Malvinas Arg,50142205.54,999999.0,1.0,1.0
2026-09-07,1033,Rio Salí,34819000.39,488000.2,2.0,19.0
2026-09-07,1035,3 de Febrero,36793496.55,1670776.78,20.0,636.943
2026-09-07,1036,Moreno Shopping,14442360.47,0.0,0.0,0.0
2026-09-07,1038,Cipolletti,68359002.57,2891590.71,26.0,840.589
2026-09-07,1039,Paraná 2,61994222.84,0.0,2.0,0.0
2026-09-07,1042,Trelew,43990404.43,63780.0,1.0,20.0
2026-09-07,1043,Laferrere,35855077.06,679999.19,1.0,1.0
2026-09-07,1044,"Hurlingham (AV, Villegas)",14540731.24,0.0,0.0,0.0
2026-09-07,1045,"Hurlingham (AV, Vergara)",13827576.04,0.0,0.0,0.0
2026-09-07,1046,Pergamino,21265920.1,0.0,0.0,0.0
2026-09-07,1050,Lanús,35877321.89,0.0,0.0,0.0
2026-09-07,1051,Posadas,62465633.03,304402.57,4.0,84.677
2026-09-07,1052,Oran,31375482.6,69417.45,1.0,9.0
2026-09-07,1053,Viedma,40637680.07,77692.25,1.0,38.0
2026-09-07,1054,Olavarría,56223993.7,3189913.1,27.0,843.635
2026-09-07,1055,Villa Mercedes,39823904.36,681500.35,10.0,267.644
2026-09-07,1056,Villa Nueva,37204347.16,456570.12,3.0,185.2
2026-09-07,1057,Comodoro Rivadavia,74672275.66,617127.37,5.0,176.0
2026-09-07,1058,Resistencia,38586604.17,3822978.48,18.0,375.5
2026-09-07,1059,Gonzalez Catán,33780030.47,0.0,0.0,0.0
2026-09-07,1060,Fuerza Aérea (Cba),39885442.8,0.0,0.0,0.0
2026-09-07,1061,Junín,52557998.5,264993.0,3.0,19.0
2026-09-07,1066,1066,2799326.37,0.0,0.0,0.0
2026-09-07,1067,San Martín (Mza),30830450.1,359689.97,5.0,202.1
2026-09-07,1068,Palmares (Mza),85724210.2,0.0,0.0,0.0
2026-09-07,1074,Goya (Ctes),20057959.2,54499.5,1.0,1.0
2026-09-07,1075,Salta Fuerza Aérea,39014423.45,0.0,0.0,0.0
2026-09-07,1076,Lomas de Zamora,47252216.83,0.0,0.0,0.0
2026-09-07,1077,Gral Pico (La Pampa),48389152.21,508807.81,4.0,208.83
2026-09-07,1078,Salta Tartagal,40378205.04,0.0,0.0,0.0
2026-09-07,1080,Santiago del Estero Sur,30784482.82,2066887.2,22.0,557.217
2026-09-07,1081,Rawson San Juan,33089033.61,0.0,0.0,0.0
2026-09-07,1082,"Tucumán (Av, Jujuy)",19055476.11,0.0,0.0,0.0
2026-09-07,1084,San Vicente,11408739.02,0.0,0.0,0.0
2026-09-07,1085,"Corrientes (Av, Maipú)",16605126.09,0.0,0.0,0.0
2026-09-07,1086,Formosa II,36086540.16,0.0,0.0,0.0
2026-09-07,1087,Pilar,73185253.5,6045791.2,49.0,1435.508
2026-09-07,1088,"Tuc, Concepción",33371021.38,0.0,0.0,0.0
2026-09-07,1092,San Juan Norte,39025604.17,0.0,0.0,0.0
2026-09-07,1093,Comodoro Rivadavia Norte,64378554.04,0.0,0.0,0.0
2026-09-07,1096,Caseros,50926158.4,24999.0,1.0,1.0
2026-09-07,1097,Donato Alvarez (Cba),42862313.8,0.0,0.0,0.0
2026-09-07,1098,"R,S, Peña, Chaco",17459670.64,17825.1,1.0,10.0
2026-09-07,1099,Posadas II,37690926.71,0.0,0.0,0.0
2026-09-07,1100,Santa Rosa (La Pampa) II,33424492.74,0.0,0.0,0.0
2026-09-07,1102,1102,3348540.62,0.0,0.0,0.0
2026-09-07,1103,1103,3060081.65,0.0,0.0,0.0
2026-09-07,1106,"Tuc, Ejército Del Norte",18818187.23,0.0,0.0,0.0
2026-09-07,1108,Puerto Madryn,54295694.04,29742.7,1.0,9.935
2026-09-07,1109,1109,3352681.45,0.0,0.0,0.0
2026-09-07,1110,Claypole,24115785.72,0.0,0.0,0.0
2026-09-07,1111,San Pedro de Jujuy,27272694.0,0.0,0.0,0.0
2026-09-07,1114,Clorinda,19841238.79,93872.11,1.0,22.752
2026-09-07,1115,General Roca,42133397.89,273460.92,7.0,86.776
2026-09-07,1116,Moron,31881451.34,0.0,0.0,0.0
2026-09-07,1119,Moreno Derqui,27219417.34,0.0,0.0,0.0
2026-09-07,2997,Constituyentes,244477899.6,18036006.93,168.0,5022.092
2026-09-07,2998,San Justo,99326873.44,8147786.77,78.0,3137.363
2026-09-07,2999,Avellaneda,104903898.38,5635324.92,55.0,1964.659
2026-09-07,3601,La Plata,132011712.76,10280007.0,92.0,3669.873
2026-09-07,3602,Bahía Blanca,112394187.14,4872206.58,45.0,1592.778
2026-09-07,3603,Santa Fe,118858141.02,9032361.77,68.0,2690.419
2026-09-07,3604,Paraná,68614071.91,7133419.84,47.0,1840.549
2026-09-07,3605,Córdoba Oeste,184428829.23,15166088.08,129.0,4549.759
2026-09-07,3606,Córdoba Este,102708210.9,5960748.12,53.0,1981.501
2026-09-07,3608,Neuquén,118107054.2,3345436.52,30.0,1132.025
2026-09-07,3613,Mendoza,132514270.81,9462524.83,87.0,3356.813
2026-09-07,4001,Campana,21936559.39,22895.6,1.0,7.0
2026-09-08,1002,Rio IV,46199862.96,5823024.15,49.0,1076.5
2026-09-08,1003,San Luis,64523262.27,2456705.45,30.0,719.607
2026-09-08,1004,San Fernando,80232393.18,9190942.06,69.0,1954.628
2026-09-08,1005,Las Heras,42404168.08,0.0,0.0,0.0
2026-09-08,1006,San Juan,51660902.42,3198060.87,29.0,1014.228
2026-09-08,1007,La Rioja,86219317.25,96058.23,1.0,22.583
2026-09-08,1008,Corrientes,57816599.62,1665520.94,15.0,338.655
2026-09-08,1010,Córdoba Sur,45958405.9,728997.0,1.0,4.0
2026-09-08,1011,Salta,50771413.63,575090.36,11.0,96.934
2026-09-08,1012,Santiago,56975561.53,2215543.91,9.0,283.0
2026-09-08,1013,Tigre,46297216.4,0.0,0.0,0.0
2026-09-08,1014,Lujan,31126469.95,2542675.8,19.0,947.208
2026-09-08,1015,Maipú,39068874.22,0.0,0.0,0.0
2026-09-08,1016,Avellaneda 2,42446848.66,0.0,0.0,0.0
2026-09-08,1017,La Tablada,34438230.18,679999.19,1.0,1.0
2026-09-08,1018,Quilmes,24345554.06,0.0,0.0,0.0
2026-09-08,1020,Tucumán,53863614.54,5456268.04,42.0,1507.019
2026-09-08,1021,Neuquén 2,67446017.12,0.0,0.0,0.0
2026-09-08,1022,Bariloche,66603504.71,288864.86,3.0,74.828
2026-09-08,1023,La Pampa,42248492.76,125181.8,1.0,46.0
2026-09-08,1024,Formosa,78331064.36,3122982.48,30.0,576.673
2026-09-08,1026,Catamarca,40289551.77,650204.85,2.0,47.0
2026-09-08,1027,Mataderos,10660476.75,0.0,0.0,0.0
2026-09-08,1028,Alte Brown,28622501.22,0.0,0.0,0.0
2026-09-08,1029,Moreno,26061297.33,0.0,0.0,0.0
2026-09-08,1030,José C Paz,12872560.68,0.0,0.0,0.0
2026-09-08,1031,Jujuy,54206739.29,539302.93,9.0,184.514
2026-09-08,1032,Malvinas Arg,43703271.83,0.0,0.0,0.0
2026-09-08,1033,Rio Salí,34807854.0,33221.15,1.0,11.174
2026-09-08,1035,3 de Febrero,23780274.29,1071709.35,13.0,316.097
2026-09-08,1036,Moreno Shopping,12485585.81,0.0,0.0,0.0
2026-09-08,1038,Cipolletti,68026528.03,1586891.44,18.0,482.431
2026-09-08,1039,Paraná 2,58206163.63,649999.0,1.0,1.0
2026-09-08,1041,1041,49.98,0.0,0.0,0.0
2026-09-08,1042,Trelew,38640759.37,39996.0,1.0,4.0
2026-09-08,1043,Laferrere,28508293.15,1775910.4,3.0,2.0
2026-09-08,1044,"Hurlingham (AV, Villegas)",12679006.96,0.0,0.0,0.0
2026-09-08,1045,"Hurlingham (AV, Vergara)",10752020.14,0.0,0.0,0.0
2026-09-08,1046,Pergamino,19199290.15,0.0,0.0,0.0
2026-09-08,1050,Lanús,30735209.67,0.0,0.0,0.0
2026-09-08,1051,Posadas,48822068.72,367382.31,5.0,136.552
2026-09-08,1052,Oran,31407241.66,0.0,0.0,0.0
2026-09-08,1053,Viedma,41101489.65,275339.4,1.0,59.466
2026-09-08,1054,Olavarría,34845877.3,966154.46,13.0,414.195
2026-09-08,1055,Villa Mercedes,35170496.13,978905.5,13.0,308.32
2026-09-08,1056,Villa Nueva,24753338.77,458980.8,5.0,127.566
2026-09-08,1057,Comodoro Rivadavia,79399323.48,6624334.13,44.0,1926.386
2026-09-08,1058,Resistencia,34745411.59,1353650.27,17.0,390.411
2026-09-08,1059,Gonzalez Catán,32328849.77,0.0,0.0,0.0
2026-09-08,1060,Fuerza Aérea (Cba),28749450.89,0.0,0.0,0.0
2026-09-08,1061,Junín,34996788.32,310092.68,4.0,117.723
2026-09-08,1066,1066,2165960.97,0.0,0.0,0.0
2026-09-08,1067,San Martín (Mza),25524977.82,251536.9,3.0,89.0
2026-09-08,1068,Palmares (Mza),54501043.09,0.0,0.0,0.0
2026-09-08,1074,Goya (Ctes),15720389.65,0.0,0.0,0.0
2026-09-08,1075,Salta Fuerza Aérea,35289041.16,0.0,0.0,0.0
2026-09-08,1076,Lomas de Zamora,33447697.57,0.0,0.0,0.0
2026-09-08,1077,Gral Pico (La Pampa),37754902.74,275763.3,1.0,116.0
2026-09-08,1078,Salta Tartagal,31721594.84,261743.81,1.0,62.274
2026-09-08,1080,Santiago del Estero Sur,33813609.09,581753.76,7.0,137.059
2026-09-08,1081,Rawson San Juan,30703665.22,0.0,0.0,0.0
2026-09-08,1082,"Tucumán (Av, Jujuy)",19428234.95,0.0,0.0,0.0
2026-09-08,1084,San Vicente,10954588.92,0.0,0.0,0.0
2026-09-08,1085,"Corrientes (Av, Maipú)",20902234.41,2429998.19,2.0,2.0
2026-09-08,1086,Formosa II,41435911.53,0.0,0.0,0.0
2026-09-08,1087,Pilar,45980715.19,5131805.05,38.0,1274.623
2026-09-08,1088,"Tuc, Concepción",38921163.45,387751.9,3.0,-4.0
2026-09-08,1092,San Juan Norte,32575930.16,0.0,0.0,0.0
2026-09-08,1093,Comodoro Rivadavia Norte,57548456.62,0.0,0.0,0.0
2026-09-08,1096,Caseros,25355030.61,0.0,0.0,0.0
2026-09-08,1097,Donato Alvarez (Cba),32826489.66,0.0,0.0,0.0
2026-09-08,1098,"R,S, Peña, Chaco",19157553.93,0.0,0.0,0.0
2026-09-08,1099,Posadas II,30859030.29,0.0,0.0,0.0
2026-09-08,1100,Santa Rosa (La Pampa) II,34953424.08,0.0,0.0,0.0
2026-09-08,1102,1102,2126981.09,0.0,0.0,0.0
2026-09-08,1103,1103,3258113.65,0.0,0.0,0.0
2026-09-08,1106,"Tuc, Ejército Del Norte",24322835.58,0.0,0.0,0.0
2026-09-08,1108,Puerto Madryn,51126291.33,517683.43,8.0,145.213
2026-09-08,1109,1109,3173439.46,0.0,0.0,0.0
2026-09-08,1110,Claypole,21166632.59,0.0,0.0,0.0
2026-09-08,1111,San Pedro de Jujuy,24388341.13,0.0,0.0,0.0
2026-09-08,1114,Clorinda,21425494.63,0.0,0.0,0.0
2026-09-08,1115,General Roca,39995773.21,425646.71,7.0,156.406
2026-09-08,1116,Moron,25054165.93,0.0,0.0,0.0
2026-09-08,1119,Moreno Derqui,22887418.15,0.0,0.0,0.0
2026-09-08,2997,Constituyentes,132744632.58,27018688.99,209.0,7025.407
2026-09-08,2998,San Justo,74592732.51,7192277.78,83.0,2550.082
2026-09-08,2999,Avellaneda,68687113.74,7963385.83,74.0,2711.297
2026-09-08,3601,La Plata,93857680.91,10801902.77,92.0,3004.202
2026-09-08,3602,Bahía Blanca,64616311.16,4917865.72,56.0,1692.637
2026-09-08,3603,Santa Fe,67660816.62,8509742.62,68.0,2584.563
2026-09-08,3604,Paraná,72510818.19,4831170.51,38.0,1512.585
2026-09-08,3605,Córdoba Oeste,140887082.29,13737469.5,136.0,3912.372
2026-09-08,3606,Córdoba Este,76020080.43,3971184.57,40.0,1171.085
2026-09-08,3608,Neuquén,122261157.51,4908005.7,31.0,1346.966
2026-09-08,3613,Mendoza,86445975.95,13689868.28,115.0,3777.909
2026-09-08,4001,Campana,19233797.38,121676.91,1.0,32.495
2026-09-09,1002,Rio IV,42388475.7,1821615.9,20.0,607.14
2026-09-09,1003,San Luis,59803964.06,1983872.2,24.0,686.545
2026-09-09,1004,San Fernando,61073780.61,6310239.99,43.0,1741.999
2026-09-09,1005,Las Heras,53325481.78,0.0,0.0,0.0
2026-09-09,1006,San Juan,44544704.46,713740.65,14.0,288.952
2026-09-09,1007,La Rioja,64561949.67,1367920.93,6.0,122.038
2026-09-09,1008,Corrientes,54526702.45,1190205.82,12.0,170.959
2026-09-09,1010,Córdoba Sur,30304941.88,0.0,0.0,0.0
2026-09-09,1011,Salta,38824448.76,2677478.46,21.0,447.438
2026-09-09,1012,Santiago,48343865.9,0.0,0.0,0.0
2026-09-09,1013,Tigre,39448606.24,0.0,0.0,0.0
2026-09-09,1014,Lujan,25126385.41,256382.36,4.0,62.384
2026-09-09,1015,Maipú,39542818.82,0.0,0.0,0.0
2026-09-09,1016,Avellaneda 2,42012057.59,0.0,0.0,0.0
2026-09-09,1017,La Tablada,33250156.3,0.0,0.0,0.0
2026-09-09,1018,Quilmes,22763734.7,0.0,8.0,0.0
2026-09-09,1020,Tucumán,45142940.03,3403797.18,34.0,788.078
2026-09-09,1021,Neuquén 2,54303173.22,0.0,0.0,0.0
2026-09-09,1022,Bariloche,66666426.11,258351.92,4.0,80.988
2026-09-09,1023,La Pampa,36422937.95,108909.45,4.0,37.923
2026-09-09,1024,Formosa,58921715.68,2754778.72,35.0,1014.349
2026-09-09,1026,Catamarca,37540805.51,119999.75,2.0,29.0
2026-09-09,1027,Mataderos,12103336.81,0.0,0.0,0.0
2026-09-09,1028,Alte Brown,29166465.99,0.0,0.0,0.0
2026-09-09,1029,Moreno,24094531.93,1749999.0,1.0,1.0
2026-09-09,1030,José C Paz,13145911.31,0.0,0.0,0.0
2026-09-09,1031,Jujuy,45848455.17,4378839.61,10.0,212.456
2026-09-09,1032,Malvinas Arg,31660117.33,0.0,0.0,0.0
2026-09-09,1033,Rio Salí,32031657.6,35156.3,1.0,8.212
2026-09-09,1035,3 de Febrero,23764994.4,915218.13,9.0,271.343
2026-09-09,1036,Moreno Shopping,11234305.52,0.0,0.0,0.0
2026-09-09,1038,Cipolletti,64438683.72,743240.51,12.0,284.096
2026-09-09,1039,Paraná 2,46828910.94,0.0,0.0,0.0
2026-09-09,1042,Trelew,39441246.27,93697.6,2.0,38.284
2026-09-09,1043,Laferrere,30547126.74,0.0,0.0,0.0
2026-09-09,1044,"Hurlingham (AV, Villegas)",11418448.54,0.0,0.0,0.0
2026-09-09,1045,"Hurlingham (AV, Vergara)",10014729.79,0.0,0.0,0.0
2026-09-09,1046,Pergamino,14244850.51,0.0,0.0,0.0
2026-09-09,1050,Lanús,27712787.18,0.0,0.0,0.0
2026-09-09,1051,Posadas,42515889.75,390685.98,6.0,132.149
2026-09-09,1052,Oran,36090661.84,631280.98,2.0,7.462
2026-09-09,1053,Viedma,32340756.96,0.0,0.0,0.0
2026-09-09,1054,Olavarría,28605770.6,752072.04,12.0,257.026
2026-09-09,1055,Villa Mercedes,33636267.56,2122047.2,6.0,159.095
2026-09-09,1056,Villa Nueva,24398756.4,0.0,0.0,0.0
2026-09-09,1057,Comodoro Rivadavia,65464034.23,502202.91,18.0,255.125
2026-09-09,1058,Resistencia,28618422.24,870507.8,8.0,104.935
2026-09-09,1059,Gonzalez Catán,31681648.62,1749999.0,1.0,1.0
2026-09-09,1060,Fuerza Aérea (Cba),24110799.74,0.0,0.0,0.0
2026-09-09,1061,Junín,33243432.49,932788.74,3.0,83.0
2026-09-09,1066,1066,2491462.2,0.0,0.0,0.0
2026-09-09,1067,San Martín (Mza),28285222.16,1231792.4,7.0,143.481
2026-09-09,1068,Palmares (Mza),62907229.01,0.0,0.0,0.0
2026-09-09,1074,Goya (Ctes),14478115.99,15291.0,1.0,9.0
2026-09-09,1075,Salta Fuerza Aérea,33353270.31,0.0,0.0,0.0
2026-09-09,1076,Lomas de Zamora,31323065.83,0.0,0.0,0.0
2026-09-09,1077,Gral Pico (La Pampa),37236804.61,179776.8,1.0,65.0
2026-09-09,1078,Salta Tartagal,33467716.17,138359.99,1.0,23.815
2026-09-09,1080,Santiago del Estero Sur,33914485.31,3407092.27,32.0,996.259
2026-09-09,1081,Rawson San Juan,22503480.73,0.0,0.0,0.0
2026-09-09,1082,"Tucumán (Av, Jujuy)",17744009.85,0.0,0.0,0.0
2026-09-09,1084,San Vicente,8984795.4,0.0,0.0,0.0
2026-09-09,1085,"Corrientes (Av, Maipú)",16015550.93,0.0,0.0,0.0
2026-09-09,1086,Formosa II,41304361.88,0.0,0.0,0.0
2026-09-09,1087,Pilar,33041305.48,1498784.9,10.0,294.428
2026-09-09,1088,"Tuc, Concepción",31157619.71,699999.0,1.0,1.0
2026-09-09,1092,San Juan Norte,26668059.25,0.0,0.0,0.0
2026-09-09,1093,Comodoro Rivadavia Norte,45709940.72,0.0,0.0,0.0
2026-09-09,1096,Caseros,26996743.95,0.0,0.0,0.0
2026-09-09,1097,Donato Alvarez (Cba),34348484.0,349999.0,1.0,1.0
2026-09-09,1098,"R,S, Peña, Chaco",19725253.48,0.0,0.0,0.0
2026-09-09,1099,Posadas II,35532270.34,0.0,0.0,0.0
2026-09-09,1100,Santa Rosa (La Pampa) II,27047262.99,0.0,0.0,0.0
2026-09-09,1102,1102,2989416.43,0.0,0.0,0.0
2026-09-09,1103,1103,4135226.19,0.0,0.0,0.0
2026-09-09,1106,"Tuc, Ejército Del Norte",19344046.54,0.0,0.0,0.0
2026-09-09,1108,Puerto Madryn,36601056.28,0.0,0.0,0.0
2026-09-09,1109,1109,4595130.27,0.0,0.0,0.0
2026-09-09,1110,Claypole,15948756.08,0.0,0.0,0.0
2026-09-09,1111,San Pedro de Jujuy,23448014.7,898805.2,3.0,3.0
2026-09-09,1114,Clorinda,19825925.3,0.0,0.0,0.0
2026-09-09,1115,General Roca,35989299.91,0.0,0.0,0.0
2026-09-09,1116,Moron,23221702.81,0.0,0.0,0.0
2026-09-09,1119,Moreno Derqui,16591621.02,0.0,0.0,0.0
2026-09-09,2997,Constituyentes,127175265.47,9150551.87,104.0,2721.684
2026-09-09,2998,San Justo,65113058.5,7692212.03,57.0,2020.258
2026-09-09,2999,Avellaneda,65720329.74,5179028.24,50.0,1567.906
2026-09-09,3601,La Plata,76542460.02,4519050.27,54.0,1519.089
2026-09-09,3602,Bahía Blanca,68318885.62,2784942.44,24.0,874.615
2026-09-09,3603,Santa Fe,62208772.06,2310697.94,27.0,656.326
2026-09-09,3604,Paraná,57862380.06,4688031.36,30.0,980.186
2026-09-09,3605,Córdoba Oeste,115652247.44,9138561.89,94.0,2681.332
2026-09-09,3606,Córdoba Este,72982048.17,176157.72,6.0,57.402
2026-09-09,3608,Neuquén,108244862.69,2643435.69,19.0,762.436
2026-09-09,3613,Mendoza,79700728.01,4884096.06,52.0,1523.576
2026-09-09,4001,Campana,14472856.9,0.0,0.0,0.0
2026-09-10,1002,Rio IV,41104117.96,1525157.72,20.0,621.793
2026-09-10,1003,San Luis,58706296.71,2327490.3,32.0,1117.166
2026-09-10,1004,San Fernando,71013090.05,4045209.7,41.0,1196.277
2026-09-10,1005,Las Heras,40730448.22,0.0,0.0,0.0
2026-09-10,1006,San Juan,41451584.84,1770802.42,27.0,644.272
2026-09-10,1007,La Rioja,77687226.45,16603.48,1.0,8.0
2026-09-10,1008,Corrientes,60716244.8,980856.41,20.0,437.212
2026-09-10,1010,Córdoba Sur,43434397.32,319999.2,1.0,1.0
2026-09-10,1011,Salta,42986623.5,1041796.7,9.0,128.326
2026-09-10,1012,Santiago,58817219.74,207866.93,5.0,74.274
2026-09-10,1013,Tigre,48004446.08,0.0,0.0,0.0
2026-09-10,1014,Lujan,31721535.21,170370.84,5.0,79.0
2026-09-10,1015,Maipú,39411797.21,4054034.6,2.0,7.0
2026-09-10,1016,Avellaneda 2,55779892.46,0.0,0.0,0.0
2026-09-10,1017,La Tablada,48718368.23,179999.0,1.0,1.0
2026-09-10,1018,Quilmes,59923402.11,82160.08,2.0,15.095
2026-09-10,1020,Tucumán,43649886.99,3359399.48,35.0,1078.303
2026-09-10,1021,Neuquén 2,54409382.78,0.0,0.0,0.0
2026-09-10,1022,Bariloche,62175884.54,318847.05,4.0,105.192
2026-09-10,1023,La Pampa,33465371.51,121799.7,2.0,66.0
2026-09-10,1024,Formosa,57310516.73,2250136.18,34.0,717.046
2026-09-10,1026,Catamarca,40521023.01,0.0,0.0,0.0
2026-09-10,1027,Mataderos,13729072.68,0.0,0.0,0.0
2026-09-10,1028,Alte Brown,35945179.98,0.0,0.0,0.0
2026-09-10,1029,Moreno,25480198.66,0.0,0.0,0.0
2026-09-10,1030,José C Paz,13428540.57,0.0,0.0,0.0
2026-09-10,1031,Jujuy,54438127.25,340991.44,8.0,114.924
2026-09-10,1032,Malvinas Arg,41114395.6,0.0,0.0,0.0
2026-09-10,1033,Rio Salí,33087407.53,1561535.1,4.0,10.0
2026-09-10,1035,3 de Febrero,29206883.78,503180.21,11.0,220.281
2026-09-10,1036,Moreno Shopping,13438758.24,0.0,0.0,0.0
2026-09-10,1038,Cipolletti,64487272.7,1279457.83,9.0,121.073
2026-09-10,1039,Paraná 2,48446503.03,0.0,0.0,0.0
2026-09-10,1041,1041,0.01,0.0,0.0,0.0
2026-09-10,1042,Trelew,34315332.56,0.0,0.0,0.0
2026-09-10,1043,Laferrere,35409929.22,0.0,0.0,0.0
2026-09-10,1044,"Hurlingham (AV, Villegas)",13432766.39,0.0,0.0,0.0
2026-09-10,1045,"Hurlingham (AV, Vergara)",11395908.81,0.0,0.0,0.0
2026-09-10,1046,Pergamino,18255807.63,0.0,0.0,0.0
2026-09-10,1050,Lanús,36850798.7,0.0,0.0,0.0
2026-09-10,1051,Posadas,54581087.69,25904.0,1.0,16.0
2026-09-10,1052,Oran,39460005.89,0.0,0.0,0.0
2026-09-10,1053,Viedma,32545616.25,0.0,0.0,0.0
2026-09-10,1054,Olavarría,41819376.65,2433038.71,20.0,445.488
2026-09-10,1055,Villa Mercedes,26328393.63,227411.94,4.0,79.054
2026-09-10,1056,Villa Nueva,25853593.18,36795.3,1.0,25.41
2026-09-10,1057,Comodoro Rivadavia,77897958.62,5069167.76,32.0,1046.417
2026-09-10,1058,Resistencia,37753084.31,673557.22,17.0,256.404
2026-09-10,1059,Gonzalez Catán,33132983.04,0.0,0.0,0.0
2026-09-10,1060,Fuerza Aérea (Cba),34268709.2,0.0,0.0,0.0
2026-09-10,1061,Junín,43906946.13,1481482.12,4.0,163.171
2026-09-10,1066,1066,2752907.38,0.0,0.0,0.0
2026-09-10,1067,San Martín (Mza),29638863.55,146133.55,3.0,63.197
2026-09-10,1068,Palmares (Mza),52593458.66,0.0,0.0,0.0
2026-09-10,1074,Goya (Ctes),17656257.58,0.0,0.0,0.0
2026-09-10,1075,Salta Fuerza Aérea,38277528.74,0.0,0.0,0.0
2026-09-10,1076,Lomas de Zamora,43786884.99,0.0,0.0,0.0
2026-09-10,1077,Gral Pico (La Pampa),42294036.4,0.0,0.0,0.0
2026-09-10,1078,Salta Tartagal,42499108.84,0.0,0.0,0.0
2026-09-10,1080,Santiago del Estero Sur,34487715.05,3617526.4,4.0,46.0
2026-09-10,1081,Rawson San Juan,24833125.69,0.0,0.0,0.0
2026-09-10,1082,"Tucumán (Av, Jujuy)",16236337.23,0.0,0.0,0.0
2026-09-10,1084,San Vicente,12746010.09,0.0,0.0,0.0
2026-09-10,1085,"Corrientes (Av, Maipú)",15706192.29,0.0,0.0,0.0
2026-09-10,1086,Formosa II,41548906.35,0.0,0.0,0.0
2026-09-10,1087,Pilar,43367585.44,1360354.15,23.0,447.13
2026-09-10,1088,"Tuc, Concepción",36072607.08,1109867.78,3.0,17.0
2026-09-10,1092,San Juan Norte,32921583.56,0.0,0.0,0.0
2026-09-10,1093,Comodoro Rivadavia Norte,53422932.58,0.0,0.0,0.0
2026-09-10,1096,Caseros,35408716.02,0.0,0.0,0.0
2026-09-10,1097,Donato Alvarez (Cba),35003080.57,1499999.0,1.0,1.0
2026-09-10,1098,"R,S, Peña, Chaco",22173761.44,58778.68,2.0,27.03
2026-09-10,1099,Posadas II,35723506.28,0.0,0.0,0.0
2026-09-10,1100,Santa Rosa (La Pampa) II,25077652.69,0.0,0.0,0.0
2026-09-10,1102,1102,2917699.04,0.0,0.0,0.0
2026-09-10,1103,1103,4143911.09,0.0,0.0,0.0
2026-09-10,1106,"Tuc, Ejército Del Norte",15354702.51,0.0,0.0,0.0
2026-09-10,1108,Puerto Madryn,42680010.12,170788.11,4.0,51.649
2026-09-10,1109,1109,3614390.46,0.0,0.0,0.0
2026-09-10,1110,Claypole,23689042.44,0.0,0.0,0.0
2026-09-10,1111,San Pedro de Jujuy,23271152.66,0.0,0.0,0.0
2026-09-10,1114,Clorinda,24413832.08,0.0,0.0,0.0
2026-09-10,1115,General Roca,33848364.66,536868.82,3.0,13.22
2026-09-10,1116,Moron,28992157.96,0.0,0.0,0.0
2026-09-10,1119,Moreno Derqui,22070727.81,0.0,0.0,0.0
2026-09-10,2997,Constituyentes,144909131.54,8491113.46,120.0,2665.989
2026-09-10,2998,San Justo,81518073.71,5228198.34,63.0,1750.256
2026-09-10,2999,Avellaneda,85614729.31,7934468.88,67.0,2540.926
2026-09-10,3601,La Plata,102436799.69,5783752.17,69.0,1734.357
2026-09-10,3602,Bahía Blanca,77984452.65,2633166.7,41.0,944.313
2026-09-10,3603,Santa Fe,80046776.53,5451008.4,60.0,1584.665
2026-09-10,3604,Paraná,58628396.07,3542236.65,40.0,1258.805
2026-09-10,3605,Córdoba Oeste,118394249.69,9627975.78,103.0,2720.576
2026-09-10,3606,Córdoba Este,65245877.52,0.0,0.0,0.0
2026-09-10,3608,Neuquén,112586818.55,4542540.27,30.0,1381.038
2026-09-10,3613,Mendoza,70400957.83,5245649.55,60.0,1213.743
2026-09-10,4001,Campana,15322354.0,0.0,0.0,0.0
2026-09-11,1002,Rio IV,58648205.73,4868239.8,35.0,951.27
2026-09-11,1003,San Luis,76742351.25,2915985.05,37.0,1098.774
2026-09-11,1004,San Fernando,59998526.5,4435889.85,53.0,1318.671
2026-09-11,1005,Las Heras,52710740.67,538807.2,1.0,1.0
2026-09-11,1006,San Juan,57847582.53,1272277.8,19.0,409.6
2026-09-11,1007,La Rioja,81989720.56,243059.23,4.0,94.499
2026-09-11,1008,Corrientes,77359435.24,2699142.15,38.0,1594.992
2026-09-11,1010,Córdoba Sur,41790996.87,59999.0,1.0,1.0
2026-09-11,1011,Salta,49295127.56,573890.41,16.0,213.679
2026-09-11,1012,Santiago,58650467.23,192890.02,4.0,81.0
2026-09-11,1013,Tigre,54878034.02,0.0,0.0,0.0
2026-09-11,1014,Lujan,40574700.59,525099.85,7.0,95.364
2026-09-11,1015,Maipú,40951793.94,0.0,0.0,0.0
2026-09-11,1016,Avellaneda 2,58254080.67,0.0,0.0,0.0
2026-09-11,1017,La Tablada,44001671.64,0.0,0.0,0.0
2026-09-11,1018,Quilmes,33179771.81,154483.98,3.0,69.664
2026-09-11,1020,Tucumán,52453313.03,3058313.06,47.0,1108.83
2026-09-11,1021,Neuquén 2,64480640.98,0.0,0.0,0.0
2026-09-11,1022,Bariloche,74948950.24,141069.11,2.0,57.278
2026-09-11,1023,La Pampa,51028092.46,96911.54,1.0,7.1
2026-09-11,1024,Formosa,73754773.34,2300686.49,32.0,943.508
2026-09-11,1026,Catamarca,64659936.23,0.0,0.0,0.0
2026-09-11,1027,Mataderos,13708274.28,0.0,0.0,0.0
2026-09-11,1028,Alte Brown,36492476.87,0.0,0.0,0.0
2026-09-11,1029,Moreno,29927014.24,319999.2,1.0,1.0
2026-09-11,1030,José C Paz,14372041.15,0.0,0.0,0.0
2026-09-11,1031,Jujuy,59955298.91,520841.69,10.0,237.001
2026-09-11,1032,Malvinas Arg,38699393.75,0.0,0.0,0.0
2026-09-11,1033,Rio Salí,41615709.27,462961.15,3.0,16.0
2026-09-11,1035,3 de Febrero,31471547.04,1156599.3,19.0,393.944
2026-09-11,1036,Moreno Shopping,16659250.62,0.0,0.0,0.0
2026-09-11,1038,Cipolletti,75477046.95,2489236.01,22.0,675.441
2026-09-11,1039,Paraná 2,60518381.32,0.0,0.0,0.0
2026-09-11,1041,1041,-49.99,0.0,0.0,0.0
2026-09-11,1042,Trelew,50044152.82,239997.54,5.0,82.276
2026-09-11,1043,Laferrere,30610788.8,0.0,0.0,0.0
2026-09-11,1044,"Hurlingham (AV, Villegas)",14983201.86,0.0,0.0,0.0
2026-09-11,1045,"Hurlingham (AV, Vergara)",12832865.77,0.0,0.0,0.0
2026-09-11,1046,Pergamino,16902802.76,0.0,0.0,0.0
2026-09-11,1050,Lanús,30607737.54,0.0,0.0,0.0
2026-09-11,1051,Posadas,52226988.72,1830675.68,7.0,188.341
2026-09-11,1052,Oran,35332680.16,0.0,0.0,0.0
2026-09-11,1053,Viedma,45611603.77,109958.95,3.0,60.068
2026-09-11,1054,Olavarría,44491737.81,2013549.35,30.0,744.201
2026-09-11,1055,Villa Mercedes,45475687.94,316258.57,7.0,119.027
2026-09-11,1056,Villa Nueva,25479870.85,678140.23,3.0,31.968
2026-09-11,1057,Comodoro Rivadavia,83586655.56,3286501.82,26.0,663.437
2026-09-11,1058,Resistencia,39208103.35,1029213.69,21.0,392.631
2026-09-11,1059,Gonzalez Catán,39001599.17,0.0,0.0,0.0
2026-09-11,1060,Fuerza Aérea (Cba),36158712.08,0.0,0.0,0.0
2026-09-11,1061,Junín,42264879.05,121897.45,2.0,75.088
2026-09-11,1066,1066,1984990.68,0.0,0.0,0.0
2026-09-11,1067,San Martín (Mza),29836840.36,162572.78,5.0,45.19
2026-09-11,1068,Palmares (Mza),56466021.2,0.0,0.0,0.0
2026-09-11,1074,Goya (Ctes),22279424.22,0.0,0.0,0.0
2026-09-11,1075,Salta Fuerza Aérea,44497933.91,0.0,0.0,0.0
2026-09-11,1076,Lomas de Zamora,33945292.54,275997.0,2.0,4.0
2026-09-11,1077,Gral Pico (La Pampa),52818082.05,423467.25,3.0,125.438
2026-09-11,1078,Salta Tartagal,52922550.08,193450.14,3.0,90.612
2026-09-11,1080,Santiago del Estero Sur,37542598.94,1356083.79,15.0,859.035
2026-09-11,1081,Rawson San Juan,37105437.29,0.0,0.0,0.0
2026-09-11,1082,"Tucumán (Av, Jujuy)",24467464.36,1119998.0,1.0,2.0
2026-09-11,1084,San Vicente,16967291.46,51421.04,1.0,36.0
2026-09-11,1085,"Corrientes (Av, Maipú)",18383907.63,299988.0,1.0,1.0
2026-09-11,1086,Formosa II,44192533.25,0.0,0.0,0.0
2026-09-11,1087,Pilar,47941711.23,3150367.11,30.0,1083.359
2026-09-11,1088,"Tuc, Concepción",41597685.41,230210.1,3.0,21.0
2026-09-11,1092,San Juan Norte,42864386.34,0.0,0.0,0.0
2026-09-11,1093,Comodoro Rivadavia Norte,61354822.76,0.0,0.0,0.0
2026-09-11,1096,Caseros,35051142.45,0.0,0.0,0.0
2026-09-11,1097,Donato Alvarez (Cba),41576211.99,0.0,0.0,0.0
2026-09-11,1098,"R,S, Peña, Chaco",26232537.88,285007.66,2.0,25.321
2026-09-11,1099,Posadas II,36691828.78,0.0,0.0,0.0
2026-09-11,1100,Santa Rosa (La Pampa) II,41002984.21,1439988.0,1.0,1.0
2026-09-11,1102,1102,2323607.81,0.0,0.0,0.0
2026-09-11,1103,1103,2554923.46,0.0,0.0,0.0
2026-09-11,1106,"Tuc, Ejército Del Norte",21833500.56,0.0,0.0,0.0
2026-09-11,1108,Puerto Madryn,50923999.69,1163825.34,4.0,44.0
2026-09-11,1109,1109,2558438.85,0.0,0.0,0.0
2026-09-11,1110,Claypole,23383094.62,0.0,0.0,0.0
2026-09-11,1111,San Pedro de Jujuy,29012539.91,0.0,0.0,0.0
2026-09-11,1114,Clorinda,29670774.33,174399.25,1.0,181.0
2026-09-11,1115,General Roca,41095124.36,528187.07,6.0,116.153
2026-09-11,1116,Moron,30080821.64,0.0,0.0,0.0
2026-09-11,1119,Moreno Derqui,23328404.68,0.0,0.0,0.0
2026-09-11,2997,Constituyentes,149039377.31,10213272.46,120.0,3269.241
2026-09-11,2998,San Justo,88267031.8,7969081.12,89.0,3013.324
2026-09-11,2999,Avellaneda,90494404.58,7172932.1,102.0,2331.346
2026-09-11,3601,La Plata,103709005.69,7670962.64,105.0,2659.65
2026-09-11,3602,Bahía Blanca,80118538.97,5522197.88,45.0,1075.204
2026-09-11,3603,Santa Fe,98584981.93,4908393.06,73.0,2078.026
2026-09-11,3604,Paraná,73720078.24,3317901.55,39.0,1387.665
2026-09-11,3605,Córdoba Oeste,136420313.38,12308438.81,114.0,3997.106
2026-09-11,3606,Córdoba Este,78512974.32,0.0,0.0,0.0
2026-09-11,3608,Neuquén,134090293.51,2091411.1,27.0,551.592
2026-09-11,3613,Mendoza,85361320.31,5383411.8,73.0,1859.986
2026-09-11,4001,Campana,19959563.3,0.0,0.0,0.0
2026-09-12,1002,Rio IV,111061816.15,4544252.2,26.0,861.84
2026-09-12,1003,San Luis,82316209.68,786107.94,9.0,271.576
2026-09-12,1004,San Fernando,105159187.7,4403337.84,37.0,1520.011
2026-09-12,1005,Las Heras,73620793.07,0.0,0.0,0.0
2026-09-12,1006,San Juan,79780469.3,3883562.09,16.0,549.432
2026-09-12,1007,La Rioja,122843201.84,98978.25,2.0,38.0
2026-09-12,1008,Corrientes,106352001.85,3123380.64,24.0,1189.951
2026-09-12,1010,Córdoba Sur,61643791.76,0.0,0.0,0.0
2026-09-12,1011,Salta,71843206.95,2879333.79,21.0,446.536
2026-09-12,1012,Santiago,67047273.24,1886803.02,9.0,50.122
2026-09-12,1013,Tigre,72052839.22,0.0,0.0,0.0
2026-09-12,1014,Lujan,77974439.9,2128837.72,15.0,420.705
2026-09-12,1015,Maipú,65899586.44,673509.0,1.0,1.0
2026-09-12,1016,Avellaneda 2,101174242.89,0.0,0.0,0.0
2026-09-12,1017,La Tablada,80968141.37,0.0,0.0,0.0
2026-09-12,1018,Quilmes,50363882.57,24977.25,1.0,15.0
2026-09-12,1020,Tucumán,67039553.36,3114224.78,33.0,965.19
2026-09-12,1021,Neuquén 2,75544427.28,861348.0,2.0,2.0
2026-09-12,1022,Bariloche,107788037.62,286367.14,3.0,37.022
2026-09-12,1023,La Pampa,90645351.26,234166.44,3.0,76.166
2026-09-12,1024,Formosa,85307986.48,3101471.36,38.0,1256.652
2026-09-12,1026,Catamarca,80594703.65,0.0,0.0,0.0
2026-09-12,1027,Mataderos,20230845.65,0.0,0.0,0.0
2026-09-12,1028,Alte Brown,56440384.08,0.0,0.0,0.0
2026-09-12,1029,Moreno,49805729.92,59999.0,1.0,1.0
2026-09-12,1030,José C Paz,21831827.13,0.0,0.0,0.0
2026-09-12,1031,Jujuy,96303989.73,3427715.62,8.0,239.146
2026-09-12,1032,Malvinas Arg,61322434.53,0.0,0.0,0.0
2026-09-12,1033,Rio Salí,51577709.22,29365.7,1.0,2.0
2026-09-12,1035,3 de Febrero,49149161.64,812273.22,12.0,299.585
2026-09-12,1036,Moreno Shopping,17709842.6,0.0,0.0,0.0
2026-09-12,1038,Cipolletti,92426697.68,1395772.99,13.0,409.846
2026-09-12,1039,Paraná 2,74569467.73,0.0,0.0,0.0
2026-09-12,1042,Trelew,57146837.48,43749.25,2.0,26.0
2026-09-12,1043,Laferrere,63401567.02,0.0,0.0,0.0
2026-09-12,1044,"Hurlingham (AV, Villegas)",20663817.32,0.0,0.0,0.0
2026-09-12,1045,"Hurlingham (AV, Vergara)",15737194.54,73809.0,1.0,1.0
2026-09-12,1046,Pergamino,27025195.59,96753.35,2.0,65.0
2026-09-12,1050,Lanús,42975723.22,0.0,0.0,0.0
2026-09-12,1051,Posadas,78512027.29,0.0,0.0,0.0
2026-09-12,1052,Oran,49082591.92,47042.0,1.0,13.994
2026-09-12,1053,Viedma,59137425.64,350555.33,2.0,20.2
2026-09-12,1054,Olavarría,70366528.02,2785767.14,20.0,573.679
2026-09-12,1055,Villa Mercedes,47374226.03,510234.99,7.0,181.393
2026-09-12,1056,Villa Nueva,45266340.18,0.0,0.0,0.0
2026-09-12,1057,Comodoro Rivadavia,105716935.53,4588283.05,36.0,1630.221
2026-09-12,1058,Resistencia,51368391.28,1200338.76,21.0,515.75
2026-09-12,1059,Gonzalez Catán,60088422.79,0.0,0.0,0.0
2026-09-12,1060,Fuerza Aérea (Cba),43246833.96,0.0,0.0,0.0
2026-09-12,1061,Junín,85694949.45,0.0,0.0,0.0
2026-09-12,1066,1066,2331964.14,0.0,0.0,0.0
2026-09-12,1067,San Martín (Mza),45401928.57,105595.41,2.0,66.1
2026-09-12,1068,Palmares (Mza),82252667.88,0.0,0.0,0.0
2026-09-12,1074,Goya (Ctes),26862700.45,0.0,0.0,0.0
2026-09-12,1075,Salta Fuerza Aérea,51960868.92,0.0,0.0,0.0
2026-09-12,1076,Lomas de Zamora,50503607.86,0.0,0.0,0.0
2026-09-12,1077,Gral Pico (La Pampa),99199387.25,48826.0,1.0,26.0
2026-09-12,1078,Salta Tartagal,57978529.44,32099.0,1.0,20.0
2026-09-12,1080,Santiago del Estero Sur,52079819.97,3356024.65,20.0,689.514
2026-09-12,1081,Rawson San Juan,43374301.41,0.0,0.0,0.0
2026-09-12,1082,"Tucumán (Av, Jujuy)",25063542.44,0.0,0.0,0.0
2026-09-12,1084,San Vicente,25032106.82,213732.17,2.0,58.52
2026-09-12,1085,"Corrientes (Av, Maipú)",30753433.68,0.0,0.0,0.0
2026-09-12,1086,Formosa II,61322661.78,0.0,0.0,0.0
2026-09-12,1087,Pilar,80953634.53,1588336.41,17.0,575.402
2026-09-12,1088,"Tuc, Concepción",51359754.56,0.0,0.0,0.0
2026-09-12,1092,San Juan Norte,54316427.39,816195.8,3.0,6.0
2026-09-12,1093,Comodoro Rivadavia Norte,58835752.86,0.0,0.0,0.0
2026-09-12,1096,Caseros,61797484.3,-1439988.0,1.0,-1.0
2026-09-12,1097,Donato Alvarez (Cba),49656775.73,0.0,0.0,0.0
2026-09-12,1098,"R,S, Peña, Chaco",40296312.22,67326.1,2.0,34.0
2026-09-12,1099,Posadas II,63486373.62,179999.0,1.0,1.0
2026-09-12,1100,Santa Rosa (La Pampa) II,64086528.77,0.0,0.0,0.0
2026-09-12,1102,1102,3072294.53,0.0,0.0,0.0
2026-09-12,1103,1103,634377.82,0.0,0.0,0.0
2026-09-12,1106,"Tuc, Ejército Del Norte",30854622.88,0.0,0.0,0.0
2026-09-12,1108,Puerto Madryn,59338125.34,427678.54,5.0,182.565
2026-09-12,1109,1109,3628090.6,0.0,0.0,0.0
2026-09-12,1110,Claypole,35018233.43,0.0,0.0,0.0
2026-09-12,1111,San Pedro de Jujuy,45158644.13,0.0,0.0,0.0
2026-09-12,1114,Clorinda,41310933.47,0.0,0.0,0.0
2026-09-12,1115,General Roca,64155572.34,1523797.54,7.0,136.46
2026-09-12,1116,Moron,47432420.62,0.0,0.0,0.0
2026-09-12,1119,Moreno Derqui,43299205.58,0.0,0.0,0.0
2026-09-12,2997,Constituyentes,257820942.41,13354299.85,124.0,3904.824
2026-09-12,2998,San Justo,148476587.96,6737981.28,73.0,2342.996
2026-09-12,2999,Avellaneda,153073432.9,6241836.87,70.0,1914.966
2026-09-12,3601,La Plata,156487284.35,5073316.37,64.0,1890.512
2026-09-12,3602,Bahía Blanca,139805701.15,4565797.28,42.0,953.944
2026-09-12,3603,Santa Fe,153053041.67,7414427.91,68.0,2392.781
2026-09-12,3604,Paraná,99386708.99,2457834.18,27.0,1014.21
2026-09-12,3605,Córdoba Oeste,195282501.18,15320388.47,88.0,3367.434
2026-09-12,3606,Córdoba Este,131154831.01,1076998.19,2.0,2.0
2026-09-12,3608,Neuquén,175592595.46,3764911.85,31.0,1074.04
2026-09-12,3613,Mendoza,123251261.19,3516356.81,48.0,1241.914
2026-09-12,4001,Campana,26688512.84,54967.4,1.0,26.0
2026-09-13,1002,Rio IV,120111104.98,473090.2,2.0,137.0
2026-09-13,1003,San Luis,95486732.63,0.0,0.0,0.0
2026-09-13,1004,San Fernando,84786050.67,1179069.97,13.0,476.253
2026-09-13,1005,Las Heras,70458467.35,0.0,0.0,0.0
2026-09-13,1006,San Juan,85976244.12,0.0,0.0,0.0
2026-09-13,1008,Corrientes,99141835.91,0.0,0.0,0.0
2026-09-13,1010,Córdoba Sur,56762836.77,0.0,0.0,0.0
2026-09-13,1011,Salta,51934817.77,0.0,0.0,0.0
2026-09-13,1012,Santiago,83982828.46,53812.05,2.0,23.0
2026-09-13,1013,Tigre,59581458.76,0.0,0.0,0.0
2026-09-13,1014,Lujan,58669956.5,0.0,0.0,0.0
2026-09-13,1015,Maipú,59851060.8,0.0,0.0,0.0
2026-09-13,1016,Avellaneda 2,103980534.63,0.0,0.0,0.0
2026-09-13,1017,La Tablada,73276914.52,0.0,0.0,0.0
2026-09-13,1018,Quilmes,43260873.31,41897.5,1.0,13.0
2026-09-13,1020,Tucumán,72184524.9,0.0,0.0,0.0
2026-09-13,1021,Neuquén 2,48877972.44,0.0,0.0,0.0
2026-09-13,1022,Bariloche,85821259.39,288309.63,3.0,74.653
2026-09-13,1024,Formosa,77759612.14,0.0,0.0,0.0
2026-09-13,1026,Catamarca,77091708.7,485744.59,1.0,91.731
2026-09-13,1027,Mataderos,16385255.41,0.0,0.0,0.0
2026-09-13,1028,Alte Brown,41008735.17,0.0,0.0,0.0
2026-09-13,1029,Moreno,36191857.93,0.0,0.0,0.0
2026-09-13,1030,José C Paz,18541955.17,0.0,0.0,0.0
2026-09-13,1031,Jujuy,45965659.23,-7699.3,1.0,-1.0
2026-09-13,1032,Malvinas Arg,55268143.37,0.0,0.0,0.0
2026-09-13,1033,Rio Salí,61570954.52,29211.55,1.0,2.0
2026-09-13,1035,3 de Febrero,38596080.06,292643.71,4.0,89.603
2026-09-13,1036,Moreno Shopping,5514868.72,0.0,0.0,0.0
2026-09-13,1039,Paraná 2,76004056.5,0.0,0.0,0.0
2026-09-13,1042,Trelew,51200512.92,50013.6,1.0,16.0
2026-09-13,1043,Laferrere,56983308.02,0.0,0.0,0.0
2026-09-13,1044,"Hurlingham (AV, Villegas)",18909269.7,0.0,0.0,0.0
2026-09-13,1045,"Hurlingham (AV, Vergara)",13601368.22,0.0,0.0,0.0
2026-09-13,1046,Pergamino,15300025.08,0.0,0.0,0.0
2026-09-13,1050,Lanús,46243684.42,0.0,0.0,0.0
2026-09-13,1051,Posadas,58025654.65,89341.4,1.0,44.0
2026-09-13,1052,Oran,48711277.85,0.0,0.0,0.0
2026-09-13,1053,Viedma,55127449.95,0.0,0.0,0.0
2026-09-13,1054,Olavarría,77270587.41,0.0,0.0,0.0
2026-09-13,1055,Villa Mercedes,49390021.94,0.0,0.0,0.0
2026-09-13,1056,Villa Nueva,43164783.87,0.0,0.0,0.0
2026-09-13,1057,Comodoro Rivadavia,80937765.81,0.0,0.0,0.0
2026-09-13,1058,Resistencia,46328489.61,0.0,0.0,0.0
2026-09-13,1059,Gonzalez Catán,60692942.79,0.0,0.0,0.0
2026-09-13,1060,Fuerza Aérea (Cba),41600364.73,0.0,0.0,0.0
2026-09-13,1061,Junín,62765865.46,0.0,0.0,0.0
2026-09-13,1066,1066,3412143.94,0.0,0.0,0.0
2026-09-13,1067,San Martín (Mza),47919821.29,1075437.97,4.0,119.976
2026-09-13,1068,Palmares (Mza),70628021.57,0.0,0.0,0.0
2026-09-13,1074,Goya (Ctes),28635777.03,0.0,0.0,0.0
2026-09-13,1075,Salta Fuerza Aérea,58690602.56,0.0,0.0,0.0
2026-09-13,1076,Lomas de Zamora,52679483.81,0.0,0.0,0.0
2026-09-13,1078,Salta Tartagal,61466929.43,116527.5,2.0,30.0
2026-09-13,1080,Santiago del Estero Sur,46236299.8,0.0,0.0,0.0
2026-09-13,1081,Rawson San Juan,46289855.7,679999.19,1.0,1.0
2026-09-13,1082,"Tucumán (Av, Jujuy)",30514318.92,0.0,0.0,0.0
2026-09-13,1084,San Vicente,17643357.35,42918.0,1.0,4.0
2026-09-13,1085,"Corrientes (Av, Maipú)",30067153.69,0.0,0.0,0.0
2026-09-13,1086,Formosa II,56393832.57,0.0,0.0,0.0
2026-09-13,1087,Pilar,54708513.77,881925.08,8.0,264.546
2026-09-13,1088,"Tuc, Concepción",49973990.68,0.0,0.0,0.0
2026-09-13,1092,San Juan Norte,44616015.57,0.0,0.0,0.0
2026-09-13,1093,Comodoro Rivadavia Norte,55557081.28,0.0,0.0,0.0
2026-09-13,1096,Caseros,40849332.69,0.0,0.0,0.0
2026-09-13,1097,Donato Alvarez (Cba),51739786.72,0.0,0.0,0.0
2026-09-13,1099,Posadas II,53656566.81,0.0,0.0,0.0
2026-09-13,1102,1102,4961274.74,0.0,0.0,0.0
2026-09-13,1106,"Tuc, Ejército Del Norte",32011103.61,0.0,0.0,0.0
2026-09-13,1108,Puerto Madryn,52662086.83,1554748.25,2.0,2.0
2026-09-13,1109,1109,5121690.37,0.0,0.0,0.0
2026-09-13,1110,Claypole,35516972.85,0.0,0.0,0.0
2026-09-13,1111,San Pedro de Jujuy,26138524.69,0.0,0.0,0.0
2026-09-13,1114,Clorinda,32004013.01,0.0,0.0,0.0
2026-09-13,1115,General Roca,53521323.84,0.0,0.0,0.0
2026-09-13,1116,Moron,50425919.68,0.0,0.0,0.0
2026-09-13,1119,Moreno Derqui,43963293.83,0.0,0.0,0.0
2026-09-13,2997,Constituyentes,221424037.33,3762366.65,34.0,1020.936
2026-09-13,2998,San Justo,126738100.08,2213918.59,25.0,1029.042
2026-09-13,2999,Avellaneda,130443295.89,1448343.34,25.0,546.462
2026-09-13,3601,La Plata,139594316.23,2957756.04,29.0,866.589
2026-09-13,3602,Bahía Blanca,114108500.34,0.0,0.0,0.0
2026-09-13,3603,Santa Fe,160869408.8,0.0,0.0,0.0
2026-09-13,3604,Paraná,120244690.53,0.0,0.0,0.0
2026-09-13,3605,Córdoba Oeste,170580465.35,5030563.34,44.0,1548.957
2026-09-13,3606,Córdoba Este,121122611.11,0.0,0.0,0.0
2026-09-13,3608,Neuquén,170476705.72,2097306.18,18.0,492.021
2026-09-13,3613,Mendoza,116515722.44,1547941.51,18.0,583.771
2026-09-13,4001,Campana,18245561.41,0.0,0.0,0.0
2026-09-14,1002,Rio IV,59763982.37,5057980.92,47.0,2859.223
2026-09-14,1003,San Luis,77135633.84,6215076.11,45.0,1057.912
2026-09-14,1004,San Fernando,85121499.14,7025977.53,47.0,1393.747
2026-09-14,1005,Las Heras,54078318.87,0.0,0.0,0.0
2026-09-14,1006,San Juan,53517738.67,2102660.11,27.0,592.748
2026-09-14,1007,La Rioja,76113914.05,983124.4,2.0,685.0
2026-09-14,1008,Corrientes,56071783.7,1247717.02,15.0,361.603
2026-09-14,1010,Córdoba Sur,49110261.2,0.0,0.0,0.0
2026-09-14,1011,Salta,52988020.01,575842.14,6.0,109.557
2026-09-14,1012,Santiago,64847998.33,551345.14,7.0,339.672
2026-09-14,1013,Tigre,37591441.06,0.0,0.0,0.0
2026-09-14,1014,Lujan,40300447.21,700058.06,5.0,244.478
2026-09-14,1015,Maipú,52472580.13,0.0,0.0,0.0
2026-09-14,1016,Avellaneda 2,51710257.23,0.0,0.0,0.0
2026-09-14,1017,La Tablada,42120534.97,0.0,0.0,0.0
2026-09-14,1018,Quilmes,31673456.1,519140.55,4.0,211.0
2026-09-14,1020,Tucumán,53107955.35,4340639.86,45.0,1737.738
2026-09-14,1021,Neuquén 2,52969441.07,0.0,0.0,0.0
2026-09-14,1022,Bariloche,59491486.04,481827.64,4.0,98.509
2026-09-14,1023,La Pampa,31831348.55,54992.1,1.0,45.0
2026-09-14,1024,Formosa,50157596.58,2292807.86,43.0,1083.877
2026-09-14,1026,Catamarca,48290537.81,576236.6,3.0,28.0
2026-09-14,1027,Mataderos,13899540.39,0.0,0.0,0.0
2026-09-14,1028,Alte Brown,33707955.1,0.0,0.0,0.0
2026-09-14,1029,Moreno,22312256.09,0.0,0.0,0.0
2026-09-14,1030,José C Paz,11850471.46,0.0,0.0,0.0
2026-09-14,1031,Jujuy,58357647.17,1049780.54,12.0,317.955
2026-09-14,1032,Malvinas Arg,31341386.42,0.0,0.0,0.0
2026-09-14,1033,Rio Salí,34744030.46,74310.87,2.0,33.0
2026-09-14,1035,3 de Febrero,25886304.08,132232.52,2.0,37.494
2026-09-14,1036,Moreno Shopping,12730996.41,0.0,0.0,0.0
2026-09-14,1038,Cipolletti,61885210.31,2088160.82,24.0,409.676
2026-09-14,1039,Paraná 2,51113578.05,0.0,0.0,0.0
2026-09-14,1042,Trelew,29779962.23,356820.35,4.0,83.0
2026-09-14,1043,Laferrere,26105848.94,0.0,0.0,0.0
2026-09-14,1044,"Hurlingham (AV, Villegas)",12399849.81,0.0,0.0,0.0
2026-09-14,1045,"Hurlingham (AV, Vergara)",13051633.98,237998.6,1.0,2.0
2026-09-14,1046,Pergamino,16705705.05,699999.0,1.0,1.0
2026-09-14,1050,Lanús,26679093.6,0.0,0.0,0.0
2026-09-14,1051,Posadas,51539785.98,317353.15,3.0,113.872
2026-09-14,1052,Oran,30915407.26,0.0,0.0,0.0
2026-09-14,1053,Viedma,33443796.63,448690.15,3.0,102.221
2026-09-14,1054,Olavarría,34157268.48,2070014.69,25.0,759.237
2026-09-14,1055,Villa Mercedes,39564577.59,1536466.14,12.0,213.351
2026-09-14,1056,Villa Nueva,24914714.03,69915.9,1.0,3.0
2026-09-14,1057,Comodoro Rivadavia,62217308.34,3012772.45,32.0,939.473
2026-09-14,1058,Resistencia,29696491.92,563439.93,8.0,183.734
2026-09-14,1059,Gonzalez Catán,27120212.57,0.0,0.0,0.0
2026-09-14,1060,Fuerza Aérea (Cba),35900605.03,0.0,0.0,0.0
2026-09-14,1061,Junín,35731376.1,289153.32,2.0,113.342
2026-09-14,1066,1066,2011779.73,0.0,0.0,0.0
2026-09-14,1067,San Martín (Mza),32998388.6,994089.52,5.0,200.298
2026-09-14,1068,Palmares (Mza),73786900.86,0.0,0.0,0.0
2026-09-14,1069,STS,36099.0,36099.0,1.0,1.0
2026-09-14,1074,Goya (Ctes),17411571.51,0.0,0.0,0.0
2026-09-14,1075,Salta Fuerza Aérea,41834552.08,0.0,0.0,0.0
2026-09-14,1076,Lomas de Zamora,37266418.06,44999.0,1.0,1.0
2026-09-14,1077,Gral Pico (La Pampa),37973056.88,181942.1,2.0,86.0
2026-09-14,1078,Salta Tartagal,41630904.65,0.0,0.0,0.0
2026-09-14,1080,Santiago del Estero Sur,31680490.0,1124100.73,12.0,664.856
2026-09-14,1081,Rawson San Juan,24193427.78,0.0,0.0,0.0
2026-09-14,1082,"Tucumán (Av, Jujuy)",16925495.62,0.0,0.0,0.0
2026-09-14,1084,San Vicente,9808700.99,0.0,0.0,0.0
2026-09-14,1085,"Corrientes (Av, Maipú)",16661182.56,0.0,0.0,0.0
2026-09-14,1086,Formosa II,32858099.54,0.0,0.0,0.0
2026-09-14,1087,Pilar,60662262.82,2675533.55,27.0,943.21
2026-09-14,1088,"Tuc, Concepción",38182767.14,241368.6,3.0,62.0
2026-09-14,1092,San Juan Norte,27478311.73,0.0,0.0,0.0
2026-09-14,1093,Comodoro Rivadavia Norte,42883602.54,0.0,0.0,0.0
2026-09-14,1096,Caseros,41502843.58,0.0,0.0,0.0
2026-09-14,1097,Donato Alvarez (Cba),33451803.35,0.0,0.0,0.0
2026-09-14,1098,"R,S, Peña, Chaco",21093174.16,0.0,0.0,0.0
2026-09-14,1099,Posadas II,28954746.3,0.0,0.0,0.0
2026-09-14,1100,Santa Rosa (La Pampa) II,26852521.34,0.0,0.0,0.0
2026-09-14,1102,1102,2213626.84,0.0,0.0,0.0
2026-09-14,1103,1103,3082002.35,0.0,0.0,0.0
2026-09-14,1106,"Tuc, Ejército Del Norte",20053302.81,0.0,0.0,0.0
2026-09-14,1108,Puerto Madryn,34481307.45,289507.15,3.0,111.0
2026-09-14,1109,1109,3479239.86,0.0,0.0,0.0
2026-09-14,1110,Claypole,17078268.87,0.0,0.0,0.0
2026-09-14,1111,San Pedro de Jujuy,26380501.21,49343.75,1.0,4.0
2026-09-14,1114,Clorinda,17870226.95,127499.25,1.0,1.0
2026-09-14,1115,General Roca,37908460.52,739207.13,9.0,202.595
2026-09-14,1116,Moron,28729347.04,0.0,0.0,0.0
2026-09-14,1119,Moreno Derqui,17828174.71,0.0,0.0,0.0
2026-09-14,2997,Constituyentes,203209600.06,14187089.04,139.0,4122.112
2026-09-14,2998,San Justo,78573602.93,8797111.9,63.0,2380.049
2026-09-14,2999,Avellaneda,85601854.43,6299185.57,50.0,1764.325
2026-09-14,3601,La Plata,111367449.42,9796247.09,78.0,3147.232
2026-09-14,3602,Bahía Blanca,87500402.69,4173315.99,44.0,1231.434
2026-09-14,3603,Santa Fe,89658781.54,4361499.29,54.0,1848.876
2026-09-14,3604,Paraná,58810052.61,4377207.77,30.0,1006.885
2026-09-14,3605,Córdoba Oeste,157216918.6,13225779.37,119.0,4290.754
2026-09-14,3606,Córdoba Este,77017786.92,0.0,0.0,0.0
2026-09-14,3608,Neuquén,102734479.92,3367513.12,33.0,865.88
2026-09-14,3613,Mendoza,108818816.92,7240183.06,69.0,2516.555
2026-09-14,4001,Campana,16464074.79,0.0,0.0,0.0
2026-09-15,1002,Rio IV,36955142.94,2459042.66,33.0,800.224
2026-09-15,1003,San Luis,52443375.59,3177489.62,40.0,1145.103
2026-09-15,1004,San Fernando,57958610.84,3251688.94,33.0,973.853
2026-09-15,1005,Las Heras,35264897.51,0.0,0.0,0.0
2026-09-15,1006,San Juan,38315320.06,1939368.72,23.0,577.963
2026-09-15,1007,La Rioja,69656302.38,135404.6,3.0,51.0
2026-09-15,1008,Corrientes,55168770.14,1034184.94,15.0,331.99
2026-09-15,1010,Córdoba Sur,35228661.23,0.0,0.0,0.0
2026-09-15,1011,Salta,18452332.8,838150.63,3.0,50.1
2026-09-15,1012,Santiago,48021097.46,261006.03,4.0,77.438
2026-09-15,1013,Tigre,38769413.73,0.0,0.0,0.0
2026-09-15,1014,Lujan,25377039.46,1244614.75,15.0,472.113
2026-09-15,1015,Maipú,32347293.77,0.0,0.0,0.0
2026-09-15,1016,Avellaneda 2,35329775.28,0.0,0.0,0.0
2026-09-15,1017,La Tablada,33120934.89,1439999.12,1.0,1.0
2026-09-15,1018,Quilmes,17900306.13,267035.94,3.0,83.0
2026-09-15,1020,Tucumán,47964949.68,7095829.72,48.0,1232.079
2026-09-15,1021,Neuquén 2,49745044.69,0.0,0.0,0.0
2026-09-15,1022,Bariloche,45478909.35,35515.55,1.0,12.0
2026-09-15,1023,La Pampa,33984963.64,235551.4,1.0,55.0
2026-09-15,1024,Formosa,50701032.78,1440093.37,28.0,522.574
2026-09-15,1026,Catamarca,41199509.67,0.0,0.0,0.0
2026-09-15,1027,Mataderos,9463378.02,0.0,0.0,0.0
2026-09-15,1028,Alte Brown,25973501.94,0.0,0.0,0.0
2026-09-15,1029,Moreno,22716969.08,0.0,0.0,0.0
2026-09-15,1030,José C Paz,11928228.16,0.0,0.0,0.0
2026-09-15,1031,Jujuy,44072808.54,2768769.47,12.0,275.274
2026-09-15,1032,Malvinas Arg,31347936.27,0.0,0.0,0.0
2026-09-15,1033,Rio Salí,36603652.36,258065.91,9.0,70.374
2026-09-15,1035,3 de Febrero,20021076.71,630479.61,8.0,166.232
2026-09-15,1036,Moreno Shopping,12714304.36,0.0,0.0,0.0
2026-09-15,1038,Cipolletti,55624004.58,643020.86,8.0,200.643
2026-09-15,1039,Paraná 2,41007041.06,301998.7,2.0,2.0
2026-09-15,1042,Trelew,33268911.44,85087.1,2.0,33.0
2026-09-15,1043,Laferrere,22333158.06,0.0,0.0,0.0
2026-09-15,1044,"Hurlingham (AV, Villegas)",11038538.71,149999.5,1.0,1.0
2026-09-15,1045,"Hurlingham (AV, Vergara)",9497732.0,0.0,0.0,0.0
2026-09-15,1046,Pergamino,15224557.25,15365.4,1.0,19.0
2026-09-15,1050,Lanús,24712608.95,0.0,0.0,0.0
2026-09-15,1051,Posadas,44212475.66,486790.64,4.0,145.552
2026-09-15,1052,Oran,34872043.15,0.0,0.0,0.0
2026-09-15,1053,Viedma,31775979.94,0.0,0.0,0.0
2026-09-15,1054,Olavarría,23555653.38,1673600.33,12.0,269.407
2026-09-15,1055,Villa Mercedes,30546168.76,633299.46,10.0,221.921
2026-09-15,1056,Villa Nueva,25286722.94,228774.0,2.0,46.0
2026-09-15,1057,Comodoro Rivadavia,60334870.31,4627929.41,33.0,997.949
2026-09-15,1058,Resistencia,37853991.64,945576.51,14.0,279.479
2026-09-15,1059,Gonzalez Catán,28223857.35,0.0,0.0,0.0
2026-09-15,1060,Fuerza Aérea (Cba),31068330.16,0.0,0.0,0.0
2026-09-15,1061,Junín,34114119.67,648657.1,5.0,75.456
2026-09-15,1066,1066,1770798.54,0.0,0.0,0.0
2026-09-15,1067,San Martín (Mza),23801522.66,1171840.0,4.0,55.0
2026-09-15,1068,Palmares (Mza),46643746.65,0.0,0.0,0.0
2026-09-15,1074,Goya (Ctes),16277037.99,0.0,0.0,0.0
2026-09-15,1075,Salta Fuerza Aérea,20761229.38,0.0,0.0,0.0
2026-09-15,1076,Lomas de Zamora,28679784.86,0.0,0.0,0.0
2026-09-15,1077,Gral Pico (La Pampa),32512422.4,1418333.4,3.0,116.889
2026-09-15,1078,Salta Tartagal,38843910.32,110453.0,1.0,57.0
2026-09-15,1080,Santiago del Estero Sur,30481025.6,761188.88,6.0,128.0
2026-09-15,1081,Rawson San Juan,23141456.14,0.0,0.0,0.0
2026-09-15,1082,"Tucumán (Av, Jujuy)",18840631.77,0.0,0.0,0.0
2026-09-15,1084,San Vicente,9381723.7,0.0,0.0,0.0
2026-09-15,1085,"Corrientes (Av, Maipú)",17767917.2,0.0,0.0,0.0
2026-09-15,1086,Formosa II,37733088.3,0.0,0.0,0.0
2026-09-15,1087,Pilar,41941211.52,2994366.16,23.0,897.416
2026-09-15,1088,"Tuc, Concepción",32231163.56,0.0,0.0,0.0
2026-09-15,1092,San Juan Norte,27739732.09,0.0,0.0,0.0
2026-09-15,1093,Comodoro Rivadavia Norte,40705462.67,0.0,0.0,0.0
2026-09-15,1096,Caseros,23335858.38,0.0,0.0,0.0
2026-09-15,1097,Donato Alvarez (Cba),33163953.97,79999.0,1.0,1.0
2026-09-15,1098,"R,S, Peña, Chaco",19129366.15,0.0,0.0,0.0
2026-09-15,1099,Posadas II,32318959.07,0.0,0.0,0.0
2026-09-15,1100,Santa Rosa (La Pampa) II,26033218.44,0.0,0.0,0.0
2026-09-15,1102,1102,1760828.17,0.0,0.0,0.0
2026-09-15,1103,1103,2861637.21,0.0,0.0,0.0
2026-09-15,1106,"Tuc, Ejército Del Norte",18796253.92,0.0,0.0,0.0
2026-09-15,1108,Puerto Madryn,34348711.12,305258.85,5.0,70.97
2026-09-15,1109,1109,3026994.52,0.0,0.0,0.0
2026-09-15,1110,Claypole,13048120.6,0.0,0.0,0.0
2026-09-15,1111,San Pedro de Jujuy,24529620.16,0.0,0.0,0.0
2026-09-15,1114,Clorinda,22912190.6,71999.2,1.0,1.0
2026-09-15,1115,General Roca,29250652.41,690469.51,9.0,63.298
2026-09-15,1116,Moron,21290148.21,0.0,0.0,0.0
2026-09-15,1119,Moreno Derqui,16347853.09,0.0,0.0,0.0
2026-09-15,2997,Constituyentes,119888199.83,19670922.23,169.0,4920.784
2026-09-15,2998,San Justo,58486942.56,4853098.83,52.0,1641.256
2026-09-15,2999,Avellaneda,65605670.15,6376545.12,58.0,1482.816
2026-09-15,3601,La Plata,77213613.69,12760179.53,97.0,2979.122
2026-09-15,3602,Bahía Blanca,61383336.21,5560354.38,57.0,1669.69
2026-09-15,3603,Santa Fe,59055051.69,6095667.96,61.0,1957.855
2026-09-15,3604,Paraná,42396700.04,4163915.3,26.0,794.298
2026-09-15,3605,Córdoba Oeste,118234793.38,15431449.36,140.0,3987.966
2026-09-15,3606,Córdoba Este,69241472.96,0.0,0.0,0.0
2026-09-15,3608,Neuquén,91256097.04,5750052.79,35.0,1600.994
2026-09-15,3613,Mendoza,77766123.71,9516668.17,62.0,1884.074
2026-09-15,4001,Campana,12364979.81,0.0,0.0,0.0
2026-09-16,1002,Rio IV,36596801.49,1390307.21,14.0,351.069
2026-09-16,1003,San Luis,52197116.78,655990.99,7.0,140.0
2026-09-16,1004,San Fernando,55096436.67,2127135.7,24.0,713.139
2026-09-16,1005,Las Heras,45477230.34,0.0,0.0,0.0
2026-09-16,1006,San Juan,37800292.7,622105.63,11.0,224.157
2026-09-16,1007,La Rioja,59041878.77,983157.06,5.0,100.018
2026-09-16,1008,Corrientes,47347000.74,557845.35,11.0,147.463
2026-09-16,1010,Córdoba Sur,34221183.06,2558934.2,2.0,2.0
2026-09-16,1011,Salta,43308953.78,697043.42,10.0,166.086
2026-09-16,1012,Santiago,35590207.81,143637.0,2.0,73.0
2026-09-16,1013,Tigre,37071280.07,0.0,0.0,0.0
2026-09-16,1014,Lujan,30607714.58,-885899.9,2.0,5.5
2026-09-16,1015,Maipú,32020059.4,0.0,0.0,0.0
2026-09-16,1016,Avellaneda 2,39204756.57,0.0,0.0,0.0
2026-09-16,1017,La Tablada,36486237.62,0.0,0.0,0.0
2026-09-16,1018,Quilmes,23929040.4,54475.0,1.0,37.0
2026-09-16,1020,Tucumán,37243330.13,3347310.67,30.0,881.951
2026-09-16,1021,Neuquén 2,44393560.54,0.0,0.0,0.0
2026-09-16,1022,Bariloche,44708290.78,0.0,0.0,0.0
2026-09-16,1023,La Pampa,29022717.21,0.0,0.0,0.0
2026-09-16,1024,Formosa,46579678.54,873227.07,17.0,345.64
2026-09-16,1026,Catamarca,33151871.21,76366.75,2.0,26.0
2026-09-16,1027,Mataderos,12345743.26,0.0,0.0,0.0
2026-09-16,1028,Alte Brown,24269889.55,0.0,0.0,0.0
2026-09-16,1029,Moreno,19634733.15,0.0,0.0,0.0
2026-09-16,1030,José C Paz,10136762.51,0.0,0.0,0.0
2026-09-16,1031,Jujuy,42691159.36,668325.15,7.0,227.006
2026-09-16,1032,Malvinas Arg,30457219.7,0.0,0.0,0.0
2026-09-16,1033,Rio Salí,25802079.48,251998.6,1.0,2.0
2026-09-16,1035,3 de Febrero,22277962.48,89969.7,2.0,36.0
2026-09-16,1036,Moreno Shopping,10629642.95,0.0,0.0,0.0
2026-09-16,1038,Cipolletti,49022889.59,818656.1,10.0,378.078
2026-09-16,1039,Paraná 2,39826328.82,0.0,0.0,0.0
2026-09-16,1042,Trelew,26042664.6,38222.0,1.0,18.0
2026-09-16,1043,Laferrere,23142248.22,0.0,0.0,0.0
2026-09-16,1044,"Hurlingham (AV, Villegas)",9156242.66,0.0,0.0,0.0
2026-09-16,1045,"Hurlingham (AV, Vergara)",10300503.18,0.0,0.0,0.0
2026-09-16,1046,Pergamino,14087948.28,0.0,0.0,0.0
2026-09-16,1050,Lanús,21305535.71,0.0,0.0,0.0
2026-09-16,1051,Posadas,41502201.49,0.0,0.0,0.0
2026-09-16,1052,Oran,31344664.09,0.0,0.0,0.0
2026-09-16,1053,Viedma,25212336.08,239999.2,1.0,1.0
2026-09-16,1054,Olavarría,28853560.76,331365.87,3.0,82.154
2026-09-16,1055,Villa Mercedes,29784669.74,540361.4,8.0,185.491
2026-09-16,1056,Villa Nueva,21683636.17,0.0,0.0,0.0
2026-09-16,1057,Comodoro Rivadavia,48417939.12,830161.58,16.0,161.333
2026-09-16,1058,Resistencia,26856046.35,2346228.85,7.0,57.6
2026-09-16,1059,Gonzalez Catán,24610487.48,520197.69,2.0,3.0
2026-09-16,1060,Fuerza Aérea (Cba),23587341.02,0.0,0.0,0.0
2026-09-16,1061,Junín,29739157.71,60313.7,1.0,24.0
2026-09-16,1066,1066,2937289.77,0.0,0.0,0.0
2026-09-16,1067,San Martín (Mza),28482255.39,0.0,0.0,0.0
2026-09-16,1068,Palmares (Mza),50775099.95,0.0,0.0,0.0
2026-09-16,1069,STS,727400.19,727400.19,2.0,0.0
2026-09-16,1074,Goya (Ctes),17220761.3,0.0,0.0,0.0
2026-09-16,1075,Salta Fuerza Aérea,35918508.33,0.0,0.0,0.0
2026-09-16,1076,Lomas de Zamora,28517185.15,0.0,0.0,0.0
2026-09-16,1077,Gral Pico (La Pampa),34031705.1,119941.85,2.0,37.0
2026-09-16,1078,Salta Tartagal,30674485.66,0.0,0.0,0.0
2026-09-16,1080,Santiago del Estero Sur,26004743.1,2598913.1,25.0,894.929
2026-09-16,1081,Rawson San Juan,23242791.21,0.0,0.0,0.0
2026-09-16,1082,"Tucumán (Av, Jujuy)",11712530.15,0.0,0.0,0.0
2026-09-16,1084,San Vicente,9543999.24,609998.3,2.0,2.0
2026-09-16,1085,"Corrientes (Av, Maipú)",15270149.45,1332797.24,1.0,4.0
2026-09-16,1086,Formosa II,29069111.55,0.0,0.0,0.0
2026-09-16,1087,Pilar,39753694.9,979852.15,10.0,336.674
2026-09-16,1088,"Tuc, Concepción",29515174.02,42865.0,2.0,22.0
2026-09-16,1092,San Juan Norte,25495564.89,0.0,0.0,0.0
2026-09-16,1093,Comodoro Rivadavia Norte,35894983.07,0.0,0.0,0.0
2026-09-16,1096,Caseros,23743873.4,0.0,0.0,0.0
2026-09-16,1097,Donato Alvarez (Cba),27519730.56,0.0,0.0,0.0
2026-09-16,1098,"R,S, Peña, Chaco",15166685.5,0.0,0.0,0.0
2026-09-16,1099,Posadas II,26206811.67,0.0,0.0,0.0
2026-09-16,1100,Santa Rosa (La Pampa) II,23627933.59,0.0,0.0,0.0
2026-09-16,1102,1102,2252393.78,0.0,0.0,0.0
2026-09-16,1103,1103,3595125.09,0.0,0.0,0.0
2026-09-16,1106,"Tuc, Ejército Del Norte",13397112.22,0.0,0.0,0.0
2026-09-16,1108,Puerto Madryn,34061775.11,135748.1,3.0,40.546
2026-09-16,1109,1109,3740027.98,0.0,0.0,0.0
2026-09-16,1110,Claypole,15023744.53,0.0,0.0,0.0
2026-09-16,1111,San Pedro de Jujuy,19891918.49,0.0,0.0,0.0
2026-09-16,1114,Clorinda,18163267.4,0.0,0.0,0.0
2026-09-16,1115,General Roca,25243488.07,319823.2,6.0,60.188
2026-09-16,1116,Moron,20675124.85,0.0,0.0,0.0
2026-09-16,1119,Moreno Derqui,14985882.76,0.0,0.0,0.0
2026-09-16,2997,Constituyentes,122906028.87,12660885.45,72.0,2304.848
2026-09-16,2998,San Justo,59151028.09,4363745.67,52.0,1570.509
2026-09-16,2999,Avellaneda,67300100.73,3103864.78,30.0,1002.805
2026-09-16,3601,La Plata,70369709.77,4318932.88,49.0,1361.94
2026-09-16,3602,Bahía Blanca,57516918.59,2004424.2,18.0,621.712
2026-09-16,3603,Santa Fe,54901804.66,1824407.03,20.0,618.511
2026-09-16,3604,Paraná,45622480.25,2714315.33,21.0,700.059
2026-09-16,3605,Córdoba Oeste,111134139.75,7190134.84,79.0,1573.901
2026-09-16,3606,Córdoba Este,62527705.24,404998.0,1.0,2.0
2026-09-16,3608,Neuquén,87340479.48,1945519.56,19.0,403.74
2026-09-16,3613,Mendoza,68833060.57,3329975.39,43.0,1068.785
2026-09-16,4001,Campana,13380520.97,0.0,0.0,0.0
2026-09-17,1002,Rio IV,39245937.3,2455031.53,36.0,1125.471
2026-09-17,1003,San Luis,50472229.68,1412385.73,25.0,458.737
2026-09-17,1004,San Fernando,60589405.76,2492394.32,29.0,819.001
2026-09-17,1005,Las Heras,44325422.89,44999.0,1.0,1.0
2026-09-17,1006,San Juan,52711158.91,2441157.9,31.0,876.296
2026-09-17,1007,La Rioja,58071043.06,150044.47,4.0,79.07
2026-09-17,1008,Corrientes,55346757.28,1838247.45,24.0,682.71
2026-09-17,1010,Córdoba Sur,37472623.91,0.0,0.0,0.0
2026-09-17,1011,Salta,70283307.66,345681.24,9.0,134.114
2026-09-17,1012,Santiago,49528820.16,208130.2,3.0,80.0
2026-09-17,1013,Tigre,38156980.45,0.0,0.0,0.0
2026-09-17,1014,Lujan,28581118.72,948563.12,12.0,290.971
2026-09-17,1015,Maipú,32202318.96,0.0,0.0,0.0
2026-09-17,1016,Avellaneda 2,49921035.8,0.0,0.0,0.0
2026-09-17,1017,La Tablada,40639647.51,0.0,0.0,0.0
2026-09-17,1018,Quilmes,36962358.86,67830.15,2.0,4.03
2026-09-17,1020,Tucumán,40598156.05,1216383.13,22.0,494.139
2026-09-17,1021,Neuquén 2,43838053.05,645996.36,2.0,5.0
2026-09-17,1022,Bariloche,48101264.56,239611.06,3.0,72.535
2026-09-17,1023,La Pampa,27138602.82,210513.5,1.0,70.0
2026-09-17,1024,Formosa,48720985.56,938627.23,20.0,417.221
2026-09-17,1026,Catamarca,38203002.79,17640.4,1.0,5.0
2026-09-17,1027,Mataderos,13938930.21,0.0,0.0,0.0
2026-09-17,1028,Alte Brown,36070812.35,0.0,0.0,0.0
2026-09-17,1029,Moreno,23472535.3,0.0,0.0,0.0
2026-09-17,1030,José C Paz,15507663.61,0.0,0.0,0.0
2026-09-17,1031,Jujuy,63866690.06,708166.81,12.0,246.04
2026-09-17,1032,Malvinas Arg,32705069.59,0.0,0.0,0.0
2026-09-17,1033,Rio Salí,27774254.37,58106.54,2.0,10.048
2026-09-17,1035,3 de Febrero,28557198.04,390259.56,9.0,217.745
2026-09-17,1036,Moreno Shopping,12991089.13,0.0,0.0,0.0
2026-09-17,1038,Cipolletti,59517517.25,677749.23,10.0,208.355
2026-09-17,1039,Paraná 2,39407510.73,0.0,0.0,0.0
2026-09-17,1042,Trelew,29820733.23,112221.9,3.0,38.078
2026-09-17,1043,Laferrere,22251348.45,-949999.0,1.0,-1.0
2026-09-17,1044,"Hurlingham (AV, Villegas)",9688591.11,0.0,0.0,0.0
2026-09-17,1045,"Hurlingham (AV, Vergara)",12030369.59,0.0,0.0,0.0
2026-09-17,1046,Pergamino,17276202.92,0.0,0.0,0.0
2026-09-17,1050,Lanús,34584759.17,0.0,0.0,0.0
2026-09-17,1051,Posadas,38851425.16,143884.59,2.0,41.0
2026-09-17,1052,Oran,27073544.5,0.0,0.0,0.0
2026-09-17,1053,Viedma,27525119.55,0.0,0.0,0.0
2026-09-17,1054,Olavarría,34965492.31,2019786.19,20.0,364.665
2026-09-17,1055,Villa Mercedes,28036249.8,507890.6,3.0,230.0
2026-09-17,1056,Villa Nueva,19480044.7,36450.86,2.0,4.0
2026-09-17,1057,Comodoro Rivadavia,56172044.49,2547932.17,27.0,776.717
2026-09-17,1058,Resistencia,40011638.39,1034007.94,24.0,527.062
2026-09-17,1059,Gonzalez Catán,31608803.84,0.0,0.0,0.0
2026-09-17,1060,Fuerza Aérea (Cba),21699035.08,0.0,0.0,0.0
2026-09-17,1061,Junín,32399692.49,238606.55,3.0,99.29
2026-09-17,1066,1066,2662284.36,0.0,0.0,0.0
2026-09-17,1067,San Martín (Mza),21113882.69,227411.05,4.0,73.418
2026-09-17,1068,Palmares (Mza),48217863.48,0.0,0.0,0.0
2026-09-17,1069,STS,-34.99,0.0,0.0,0.0
2026-09-17,1074,Goya (Ctes),22295573.7,0.0,0.0,0.0
2026-09-17,1075,Salta Fuerza Aérea,40013225.57,0.0,0.0,0.0
2026-09-17,1076,Lomas de Zamora,38850026.81,0.0,0.0,0.0
2026-09-17,1077,Gral Pico (La Pampa),29526390.88,42498.09,1.0,22.025
2026-09-17,1078,Salta Tartagal,36680945.6,0.0,0.0,0.0
2026-09-17,1080,Santiago del Estero Sur,30104322.29,964537.57,8.0,100.619
2026-09-17,1081,Rawson San Juan,23403794.21,0.0,0.0,0.0
2026-09-17,1082,"Tucumán (Av, Jujuy)",15872807.57,24999.0,1.0,1.0
2026-09-17,1084,San Vicente,9780072.94,0.0,0.0,0.0
2026-09-17,1085,"Corrientes (Av, Maipú)",16703362.0,0.0,0.0,0.0
2026-09-17,1086,Formosa II,32489062.36,0.0,0.0,0.0
2026-09-17,1087,Pilar,38382300.52,2603570.73,27.0,906.474
2026-09-17,1088,"Tuc, Concepción",30292441.63,61068.65,2.0,2.0
2026-09-17,1092,San Juan Norte,30642642.75,0.0,0.0,0.0
2026-09-17,1093,Comodoro Rivadavia Norte,40075048.41,0.0,0.0,0.0
2026-09-17,1096,Caseros,30016563.84,0.0,0.0,0.0
2026-09-17,1097,Donato Alvarez (Cba),28178914.76,0.0,0.0,0.0
2026-09-17,1098,"R,S, Peña, Chaco",18883597.01,29017.1,1.0,15.619
2026-09-17,1099,Posadas II,29381048.87,0.0,0.0,0.0
2026-09-17,1100,Santa Rosa (La Pampa) II,24049341.51,0.0,0.0,0.0
2026-09-17,1102,1102,2972975.69,0.0,0.0,0.0
2026-09-17,1103,1103,3183024.5,0.0,0.0,0.0
2026-09-17,1106,"Tuc, Ejército Del Norte",17778994.82,901995.8,2.0,5.0
2026-09-17,1108,Puerto Madryn,38809202.91,107055.46,2.0,26.78
2026-09-17,1109,1109,4182802.13,0.0,0.0,0.0
2026-09-17,1110,Claypole,21520827.7,0.0,0.0,0.0
2026-09-17,1111,San Pedro de Jujuy,32415056.39,0.0,0.0,0.0
2026-09-17,1114,Clorinda,19663762.95,0.0,0.0,0.0
2026-09-17,1115,General Roca,33560950.16,52538.18,2.0,14.0
2026-09-17,1116,Moron,29177544.66,0.0,0.0,0.0
2026-09-17,1119,Moreno Derqui,18359239.5,0.0,0.0,0.0
2026-09-17,2997,Constituyentes,151100810.78,8571319.7,128.0,2664.836
2026-09-17,2998,San Justo,76575750.44,8344265.62,87.0,3105.157
2026-09-17,2999,Avellaneda,83357121.9,5813536.27,58.0,1283.334
2026-09-17,3601,La Plata,101373808.9,6339662.71,72.0,1665.385
2026-09-17,3602,Bahía Blanca,70481070.97,3361041.67,38.0,743.045
2026-09-17,3603,Santa Fe,67507990.99,4889139.79,77.0,2100.71
2026-09-17,3604,Paraná,53042120.01,2657044.25,33.0,885.102
2026-09-17,3605,Córdoba Oeste,112777403.25,7850021.07,90.0,2608.74
2026-09-17,3606,Córdoba Este,61835766.01,0.0,0.0,0.0
2026-09-17,3608,Neuquén,91896290.62,3679273.65,36.0,933.878
2026-09-17,3613,Mendoza,70819320.9,4179884.04,48.0,1066.799
2026-09-17,4001,Campana,15735084.55,65097.92,2.0,28.0
2026-09-18,1002,Rio IV,45816489.19,3511995.2,31.0,1165.35
2026-09-18,1003,San Luis,61787135.57,2149576.93,28.0,645.746
2026-09-18,1004,San Fernando,69450335.74,5290929.2,35.0,786.739
2026-09-18,1005,Las Heras,44294931.55,0.0,0.0,0.0
2026-09-18,1006,San Juan,44142644.05,1752965.79,34.0,474.835
2026-09-18,1007,La Rioja,57434877.78,242213.94,3.0,82.0
2026-09-18,1008,Corrientes,68469142.79,948892.35,21.0,371.344
2026-09-18,1010,Córdoba Sur,35412706.65,218999.0,1.0,1.0
2026-09-18,1011,Salta,50798546.52,466271.2,12.0,209.616
2026-09-18,1012,Santiago,48140367.35,160700.97,4.0,37.0
2026-09-18,1013,Tigre,46296363.07,0.0,0.0,0.0
2026-09-18,1014,Lujan,33494544.35,580319.28,7.0,204.967
2026-09-18,1015,Maipú,30298630.5,0.0,0.0,0.0
2026-09-18,1016,Avellaneda 2,50513704.05,129999.0,1.0,1.0
2026-09-18,1017,La Tablada,46266197.01,0.0,0.0,0.0
2026-09-18,1018,Quilmes,41497591.76,65863.5,1.0,2.0
2026-09-18,1020,Tucumán,39184727.79,2527919.46,32.0,789.91
2026-09-18,1021,Neuquén 2,58923296.75,0.0,0.0,0.0
2026-09-18,1022,Bariloche,59814198.86,63497.0,1.0,3.084
2026-09-18,1023,La Pampa,66231926.02,294254.94,2.0,79.024
2026-09-18,1024,Formosa,46069120.41,778442.29,18.0,330.143
2026-09-18,1026,Catamarca,51736028.63,1632553.54,4.0,27.0
2026-09-18,1027,Mataderos,25116468.54,0.0,0.0,0.0
2026-09-18,1028,Alte Brown,30521633.2,0.0,0.0,0.0
2026-09-18,1029,Moreno,23588556.92,0.0,0.0,0.0
2026-09-18,1030,José C Paz,14105740.66,0.0,0.0,0.0
2026-09-18,1031,Jujuy,48708269.89,588520.49,10.0,195.002
2026-09-18,1032,Malvinas Arg,38431145.46,0.0,0.0,0.0
2026-09-18,1033,Rio Salí,35245553.51,1599996.0,2.0,5.0
2026-09-18,1035,3 de Febrero,25701899.7,674554.56,10.0,234.175
2026-09-18,1036,Moreno Shopping,14902223.03,0.0,0.0,0.0
2026-09-18,1038,Cipolletti,63967967.13,1360661.94,18.0,334.577
2026-09-18,1039,Paraná 2,47944253.45,0.0,0.0,0.0
2026-09-18,1042,Trelew,34633051.54,16802.5,1.0,10.0
2026-09-18,1043,Laferrere,29030080.39,-459999.0,1.0,-1.0
2026-09-18,1044,"Hurlingham (AV, Villegas)",13577237.67,0.0,0.0,0.0
2026-09-18,1045,"Hurlingham (AV, Vergara)",12154590.27,0.0,0.0,0.0
2026-09-18,1046,Pergamino,16202770.7,35261.45,1.0,7.0
2026-09-18,1050,Lanús,27136687.79,0.0,0.0,0.0
2026-09-18,1051,Posadas,43166692.03,227334.5,6.0,93.705
2026-09-18,1052,Oran,28112898.05,41584.48,2.0,23.0
2026-09-18,1053,Viedma,41767517.12,0.0,0.0,0.0
2026-09-18,1054,Olavarría,36893710.78,1578893.2,25.0,609.233
2026-09-18,1055,Villa Mercedes,34126471.37,974188.63,10.0,423.608
2026-09-18,1056,Villa Nueva,23919417.65,469411.68,4.0,167.502
2026-09-18,1057,Comodoro Rivadavia,67293032.08,3747987.51,25.0,352.693
2026-09-18,1058,Resistencia,29986463.08,1351482.6,23.0,457.209
2026-09-18,1059,Gonzalez Catán,30827629.65,0.0,0.0,0.0
2026-09-18,1060,Fuerza Aérea (Cba),29902334.33,0.0,0.0,0.0
2026-09-18,1061,Junín,37873575.62,49422.01,1.0,28.742
2026-09-18,1066,1066,2018469.7,0.0,0.0,0.0
2026-09-18,1067,San Martín (Mza),31540267.44,2759558.57,10.0,134.6
2026-09-18,1068,Palmares (Mza),52224993.37,0.0,0.0,0.0
2026-09-18,1074,Goya (Ctes),23160729.65,88597.6,1.0,43.0
2026-09-18,1075,Salta Fuerza Aérea,36877195.81,0.0,0.0,0.0
2026-09-18,1076,Lomas de Zamora,31629803.46,0.0,0.0,0.0
2026-09-18,1077,Gral Pico (La Pampa),56859014.48,0.0,0.0,0.0
2026-09-18,1078,Salta Tartagal,39811398.0,126842.84,1.0,45.0
2026-09-18,1080,Santiago del Estero Sur,28502993.29,2903127.61,20.0,341.62
2026-09-18,1081,Rawson San Juan,25195593.75,0.0,0.0,0.0
2026-09-18,1082,"Tucumán (Av, Jujuy)",15475467.53,0.0,0.0,0.0
2026-09-18,1084,San Vicente,11718141.89,52005.55,1.0,31.0
2026-09-18,1085,"Corrientes (Av, Maipú)",20879820.4,679999.19,1.0,1.0
2026-09-18,1086,Formosa II,31540418.1,0.0,0.0,0.0
2026-09-18,1087,Pilar,46440910.08,4176188.66,52.0,1441.143
2026-09-18,1088,"Tuc, Concepción",32426231.4,775999.19,1.0,1.0
2026-09-18,1092,San Juan Norte,25072641.4,0.0,0.0,0.0
2026-09-18,1093,Comodoro Rivadavia Norte,49834362.52,0.0,0.0,0.0
2026-09-18,1096,Caseros,28426034.42,0.0,0.0,0.0
2026-09-18,1097,Donato Alvarez (Cba),29326816.73,0.0,0.0,0.0
2026-09-18,1098,"R,S, Peña, Chaco",26791307.64,140063.28,4.0,61.072
2026-09-18,1099,Posadas II,38886607.3,30999.0,1.0,1.0
2026-09-18,1100,Santa Rosa (La Pampa) II,45491583.33,0.0,0.0,0.0
2026-09-18,1102,1102,2324061.65,0.0,0.0,0.0
2026-09-18,1103,1103,2760086.76,0.0,0.0,0.0
2026-09-18,1106,"Tuc, Ejército Del Norte",18327788.8,0.0,0.0,0.0
2026-09-18,1108,Puerto Madryn,41458434.89,549010.06,7.0,106.478
2026-09-18,1109,1109,3330827.1,0.0,0.0,0.0
2026-09-18,1110,Claypole,16782029.02,0.0,0.0,0.0
2026-09-18,1111,San Pedro de Jujuy,28132501.21,1119986.3,3.0,3.0
2026-09-18,1114,Clorinda,25909614.63,0.0,0.0,0.0
2026-09-18,1115,General Roca,43854460.88,2168231.73,14.0,331.029
2026-09-18,1116,Moron,26069747.22,0.0,0.0,0.0
2026-09-18,1119,Moreno Derqui,21941678.76,0.0,0.0,0.0
2026-09-18,2997,Constituyentes,148851803.59,11378204.15,157.0,3700.155
2026-09-18,2998,San Justo,75719725.27,8327667.82,97.0,2796.357
2026-09-18,2999,Avellaneda,76890867.98,5429865.1,83.0,1811.714
2026-09-18,3601,La Plata,91086534.96,5614249.61,77.0,1962.456
2026-09-18,3602,Bahía Blanca,67384590.51,4367152.18,69.0,1224.481
2026-09-18,3603,Santa Fe,67803180.96,5318871.09,76.0,1733.622
2026-09-18,3604,Paraná,56625985.18,3469097.57,34.0,1007.482
2026-09-18,3605,Córdoba Oeste,133053068.96,10622277.94,135.0,2991.692
2026-09-18,3606,Córdoba Este,67518898.7,0.0,0.0,0.0
2026-09-18,3608,Neuquén,117526369.64,2232445.84,35.0,680.625
2026-09-18,3613,Mendoza,74561028.25,4623284.27,74.0,1613.123
2026-09-18,4001,Campana,21490960.37,492256.36,5.0,113.787
2026-09-19,1002,Rio IV,67676559.48,1182994.91,13.0,407.173
2026-09-19,1003,San Luis,78033481.01,1825113.29,15.0,401.294
2026-09-19,1004,San Fernando,96365631.28,1227282.66,8.0,269.22
2026-09-19,1005,Las Heras,62878956.13,656788.4,2.0,3.0
2026-09-19,1006,San Juan,64239058.61,3698073.67,24.0,725.564
2026-09-19,1007,La Rioja,91624185.35,88094.37,1.0,56.1
2026-09-19,1008,Corrientes,109668858.64,766388.3,12.0,236.429
2026-09-19,1010,Córdoba Sur,50779548.85,0.0,0.0,0.0
2026-09-19,1011,Salta,70901547.91,913007.92,10.0,251.0
2026-09-19,1012,Santiago,61364966.48,68087.58,3.0,39.0
2026-09-19,1013,Tigre,64295222.63,0.0,0.0,0.0
2026-09-19,1014,Lujan,59773009.48,1062263.43,6.0,215.305
2026-09-19,1015,Maipú,46922439.81,0.0,0.0,0.0
2026-09-19,1016,Avellaneda 2,78201016.44,0.0,0.0,0.0
2026-09-19,1017,La Tablada,55400604.96,0.0,0.0,0.0
2026-09-19,1018,Quilmes,39059437.78,0.0,0.0,0.0
2026-09-19,1020,Tucumán,68135110.77,5972316.39,26.0,816.462
2026-09-19,1021,Neuquén 2,73581413.44,0.0,0.0,0.0
2026-09-19,1022,Bariloche,96166408.58,68459.24,1.0,12.97
2026-09-19,1023,La Pampa,98560905.55,88354.77,1.0,23.51
2026-09-19,1024,Formosa,81343485.11,4219738.11,43.0,1381.372
2026-09-19,1026,Catamarca,68916673.29,0.0,0.0,0.0
2026-09-19,1027,Mataderos,29495568.76,0.0,0.0,0.0
2026-09-19,1028,Alte Brown,50437174.89,0.0,0.0,0.0
2026-09-19,1029,Moreno,42519741.0,0.0,0.0,0.0
2026-09-19,1030,José C Paz,20841240.19,52999.0,1.0,1.0
2026-09-19,1031,Jujuy,89375677.37,446813.2,9.0,177.222
2026-09-19,1032,Malvinas Arg,55066053.73,0.0,0.0,0.0
2026-09-19,1033,Rio Salí,46482167.88,64768.52,2.0,15.0
2026-09-19,1035,3 de Febrero,41691538.91,0.0,0.0,0.0
2026-09-19,1036,Moreno Shopping,16667805.97,0.0,0.0,0.0
2026-09-19,1038,Cipolletti,76475476.32,260526.93,6.0,76.198
2026-09-19,1039,Paraná 2,63466358.4,0.0,0.0,0.0
2026-09-19,1042,Trelew,42973202.86,0.0,0.0,0.0
2026-09-19,1043,Laferrere,50586754.46,0.0,0.0,0.0
2026-09-19,1044,"Hurlingham (AV, Villegas)",18924313.52,0.0,0.0,0.0
2026-09-19,1045,"Hurlingham (AV, Vergara)",15517714.99,0.0,0.0,0.0
2026-09-19,1046,Pergamino,24675956.56,60786.7,1.0,42.0
2026-09-19,1050,Lanús,44631307.62,0.0,0.0,0.0
2026-09-19,1051,Posadas,58439560.88,0.0,0.0,0.0
2026-09-19,1052,Oran,47023517.76,77496.4,1.0,13.772
2026-09-19,1053,Viedma,51507242.76,56975.75,1.0,19.0
2026-09-19,1054,Olavarría,53856980.02,727632.27,10.0,214.023
2026-09-19,1055,Villa Mercedes,42997807.7,620305.62,7.0,163.645
2026-09-19,1056,Villa Nueva,35078857.65,74559.79,1.0,41.0
2026-09-19,1057,Comodoro Rivadavia,101221363.79,3136002.17,25.0,571.215
2026-09-19,1058,Resistencia,51513453.15,1646440.52,19.0,523.331
2026-09-19,1059,Gonzalez Catán,49492584.98,0.0,0.0,0.0
2026-09-19,1060,Fuerza Aérea (Cba),38065125.85,0.0,0.0,0.0
2026-09-19,1061,Junín,59027640.39,28486.76,1.0,11.276
2026-09-19,1066,1066,2574444.53,0.0,0.0,0.0
2026-09-19,1067,San Martín (Mza),32535727.91,59243.6,1.0,30.6
2026-09-19,1068,Palmares (Mza),67155863.42,0.0,0.0,0.0
2026-09-19,1074,Goya (Ctes),23012658.41,0.0,0.0,0.0
2026-09-19,1075,Salta Fuerza Aérea,48660957.4,0.0,0.0,0.0
2026-09-19,1076,Lomas de Zamora,50161336.14,0.0,0.0,0.0
2026-09-19,1077,Gral Pico (La Pampa),99377625.17,375158.24,4.0,166.594
2026-09-19,1078,Salta Tartagal,57159670.88,15211.76,1.0,13.0
2026-09-19,1080,Santiago del Estero Sur,49214625.36,4220620.68,27.0,574.363
2026-09-19,1081,Rawson San Juan,33139187.65,0.0,0.0,0.0
2026-09-19,1082,"Tucumán (Av, Jujuy)",23714941.76,0.0,0.0,0.0
2026-09-19,1084,San Vicente,21177795.29,203287.24,1.0,35.76
2026-09-19,1085,"Corrientes (Av, Maipú)",27704065.35,0.0,0.0,0.0
2026-09-19,1086,Formosa II,56493426.59,0.0,0.0,0.0
2026-09-19,1087,Pilar,69583264.18,1057171.26,11.0,429.533
2026-09-19,1088,"Tuc, Concepción",49805639.69,0.0,0.0,0.0
2026-09-19,1092,San Juan Norte,45098531.87,0.0,0.0,0.0
2026-09-19,1093,Comodoro Rivadavia Norte,64909018.07,0.0,0.0,0.0
2026-09-19,1096,Caseros,50885481.84,0.0,0.0,0.0
2026-09-19,1097,Donato Alvarez (Cba),41706085.24,0.0,0.0,0.0
2026-09-19,1098,"R,S, Peña, Chaco",36433300.91,0.0,0.0,0.0
2026-09-19,1099,Posadas II,47510356.57,0.0,0.0,0.0
2026-09-19,1100,Santa Rosa (La Pampa) II,70393410.72,0.0,0.0,0.0
2026-09-19,1102,1102,2585705.9,0.0,0.0,0.0
2026-09-19,1103,1103,881996.7,0.0,0.0,0.0
2026-09-19,1106,"Tuc, Ejército Del Norte",30157930.33,0.0,0.0,0.0
2026-09-19,1108,Puerto Madryn,57102884.54,230063.63,3.0,80.336
2026-09-19,1109,1109,3504490.95,0.0,0.0,0.0
2026-09-19,1110,Claypole,32934550.05,0.0,0.0,0.0
2026-09-19,1111,San Pedro de Jujuy,44924721.33,0.0,0.0,0.0
2026-09-19,1114,Clorinda,33155105.58,50577.32,1.0,32.0
2026-09-19,1115,General Roca,56213137.93,1218130.79,12.0,173.748
2026-09-19,1116,Moron,37395651.63,0.0,0.0,0.0
2026-09-19,1119,Moreno Derqui,34967393.37,0.0,0.0,0.0
2026-09-19,2997,Constituyentes,237704866.12,4469447.68,65.0,1336.036
2026-09-19,2998,San Justo,120330478.82,6335582.49,80.0,2052.709
2026-09-19,2999,Avellaneda,132736386.35,5693684.68,68.0,1842.247
2026-09-19,3601,La Plata,138241162.47,3924697.92,54.0,1076.54
2026-09-19,3602,Bahía Blanca,94753832.43,2808575.61,31.0,847.904
2026-09-19,3603,Santa Fe,121131215.42,3973094.87,36.0,1174.084
2026-09-19,3604,Paraná,82668105.06,2554062.48,27.0,687.912
2026-09-19,3605,Córdoba Oeste,165610356.06,8023549.27,102.0,2882.116
2026-09-19,3606,Córdoba Este,103361362.17,0.0,0.0,0.0
2026-09-19,3608,Neuquén,149700754.84,3307572.59,30.0,1092.41
2026-09-19,3613,Mendoza,101139130.89,1808748.33,26.0,572.421
2026-09-19,4001,Campana,23941876.83,30589.65,1.0,9.0
2026-09-20,1002,Rio IV,91488126.79,888882.78,13.0,336.64
2026-09-20,1003,San Luis,70801395.0,0.0,0.0,0.0
2026-09-20,1004,San Fernando,74585778.06,145270.52,4.0,62.635
2026-09-20,1005,Las Heras,56668243.58,0.0,0.0,0.0
2026-09-20,1006,San Juan,68484457.98,0.0,0.0,0.0
2026-09-20,1008,Corrientes,100794291.18,0.0,0.0,0.0
2026-09-20,1010,Córdoba Sur,44970870.03,0.0,0.0,0.0
2026-09-20,1011,Salta,61999922.52,0.0,0.0,0.0
2026-09-20,1012,Santiago,67871373.93,188978.45,6.0,49.0
2026-09-20,1013,Tigre,53355168.13,0.0,0.0,0.0
2026-09-20,1014,Lujan,65716373.93,0.0,0.0,0.0
2026-09-20,1015,Maipú,46111345.69,0.0,0.0,0.0
2026-09-20,1016,Avellaneda 2,94226059.27,0.0,0.0,0.0
2026-09-20,1017,La Tablada,71710354.94,0.0,0.0,0.0
2026-09-20,1018,Quilmes,28689305.94,0.0,0.0,0.0
2026-09-20,1020,Tucumán,58876621.92,0.0,0.0,0.0
2026-09-20,1021,Neuquén 2,53191172.99,0.0,0.0,0.0
2026-09-20,1022,Bariloche,96289084.2,57325.0,1.0,11.0
2026-09-20,1024,Formosa,60027136.96,0.0,0.0,0.0
2026-09-20,1026,Catamarca,60190061.14,0.0,0.0,0.0
2026-09-20,1027,Mataderos,17043536.18,0.0,0.0,0.0
2026-09-20,1028,Alte Brown,46177432.33,0.0,0.0,0.0
2026-09-20,1029,Moreno,35472653.23,0.0,0.0,0.0
2026-09-20,1030,José C Paz,17553064.87,0.0,0.0,0.0
2026-09-20,1031,Jujuy,58842243.83,0.0,0.0,0.0
2026-09-20,1032,Malvinas Arg,53245907.62,0.0,0.0,0.0
2026-09-20,1033,Rio Salí,54113250.44,51319.25,1.0,6.0
2026-09-20,1035,3 de Febrero,36972962.44,0.0,0.0,0.0
2026-09-20,1036,Moreno Shopping,5706473.76,0.0,0.0,0.0
2026-09-20,1039,Paraná 2,58768816.99,0.0,0.0,0.0
2026-09-20,1042,Trelew,44823804.42,241110.94,3.0,80.66
2026-09-20,1043,Laferrere,50390084.86,0.0,0.0,0.0
2026-09-20,1044,"Hurlingham (AV, Villegas)",17040856.21,0.0,0.0,0.0
2026-09-20,1045,"Hurlingham (AV, Vergara)",12699687.72,0.0,0.0,0.0
2026-09-20,1046,Pergamino,17750243.04,0.0,0.0,0.0
2026-09-20,1050,Lanús,36833311.58,0.0,0.0,0.0
2026-09-20,1051,Posadas,59163996.16,231195.74,2.0,72.812
2026-09-20,1052,Oran,53000121.37,26159.25,1.0,1.0
2026-09-20,1053,Viedma,53080444.21,0.0,0.0,0.0
2026-09-20,1054,Olavarría,69430858.99,0.0,0.0,0.0
2026-09-20,1055,Villa Mercedes,44487782.72,0.0,0.0,0.0
2026-09-20,1056,Villa Nueva,42623122.33,0.0,0.0,0.0
2026-09-20,1057,Comodoro Rivadavia,49891050.01,0.0,0.0,0.0
2026-09-20,1058,Resistencia,50665074.62,0.0,0.0,0.0
2026-09-20,1059,Gonzalez Catán,50717046.42,0.0,0.0,0.0
2026-09-20,1060,Fuerza Aérea (Cba),34989317.89,0.0,0.0,0.0
2026-09-20,1061,Junín,65160218.52,248034.92,3.0,80.047
2026-09-20,1066,1066,3574250.93,0.0,0.0,0.0
2026-09-20,1067,San Martín (Mza),38746967.62,126746.25,1.0,35.0
2026-09-20,1068,Palmares (Mza),63613576.71,0.0,0.0,0.0
2026-09-20,1074,Goya (Ctes),22650548.83,0.0,0.0,0.0
2026-09-20,1075,Salta Fuerza Aérea,52814096.09,615997.2,1.0,4.0
2026-09-20,1076,Lomas de Zamora,46369750.53,0.0,0.0,0.0
2026-09-20,1078,Salta Tartagal,62084590.16,0.0,0.0,0.0
2026-09-20,1080,Santiago del Estero Sur,48765484.4,0.0,0.0,0.0
2026-09-20,1081,Rawson San Juan,46107149.98,0.0,0.0,0.0
2026-09-20,1082,"Tucumán (Av, Jujuy)",27971744.6,0.0,0.0,0.0
2026-09-20,1084,San Vicente,16668400.82,178151.8,1.0,97.608
2026-09-20,1085,"Corrientes (Av, Maipú)",33055028.08,0.0,0.0,0.0
2026-09-20,1086,Formosa II,48212301.84,0.0,0.0,0.0
2026-09-20,1087,Pilar,47981452.87,179874.79,3.0,133.0
2026-09-20,1088,"Tuc, Concepción",41272875.82,0.0,0.0,0.0
2026-09-20,1092,San Juan Norte,41372500.35,0.0,0.0,0.0
2026-09-20,1093,Comodoro Rivadavia Norte,38553391.04,0.0,0.0,0.0
2026-09-20,1096,Caseros,49607549.88,0.0,0.0,0.0
2026-09-20,1097,Donato Alvarez (Cba),42377405.57,0.0,0.0,0.0
2026-09-20,1099,Posadas II,57043584.1,0.0,0.0,0.0
2026-09-20,1102,1102,3578605.55,0.0,0.0,0.0
2026-09-20,1106,"Tuc, Ejército Del Norte",32631551.25,0.0,0.0,0.0
2026-09-20,1108,Puerto Madryn,52860157.39,0.0,0.0,0.0
2026-09-20,1109,1109,5384255.14,0.0,0.0,0.0
2026-09-20,1110,Claypole,33011653.98,0.0,0.0,0.0
2026-09-20,1111,San Pedro de Jujuy,30701999.41,0.0,0.0,0.0
2026-09-20,1114,Clorinda,27939350.14,79270.61,1.0,29.824
2026-09-20,1115,General Roca,49549978.92,0.0,0.0,0.0
2026-09-20,1116,Moron,36901629.66,0.0,0.0,0.0
2026-09-20,1119,Moreno Derqui,37383771.97,0.0,0.0,0.0
2026-09-20,2997,Constituyentes,198793253.6,3720981.19,38.0,1191.039
2026-09-20,2998,San Justo,109823077.11,2977377.89,25.0,759.135
2026-09-20,2999,Avellaneda,125260535.99,2272236.23,26.0,649.968
2026-09-20,3601,La Plata,127948684.22,2140491.89,15.0,655.332
2026-09-20,3602,Bahía Blanca,115126912.92,0.0,0.0,0.0
2026-09-20,3603,Santa Fe,141326369.79,0.0,0.0,0.0
2026-09-20,3604,Paraná,86069176.05,0.0,0.0,0.0
2026-09-20,3605,Córdoba Oeste,157603897.83,2509146.33,35.0,573.897
2026-09-20,3606,Córdoba Este,101541984.83,0.0,0.0,0.0
2026-09-20,3608,Neuquén,159377688.12,930562.44,9.0,357.546
2026-09-20,3613,Mendoza,104518369.44,2655860.52,4.0,18.0
2026-09-20,4001,Campana,19557606.01,0.0,0.0,0.0
2026-09-21,1002,Rio IV,49193942.15,3915996.3,28.0,1072.76
2026-09-21,1003,San Luis,66946649.08,2340518.01,32.0,631.512
2026-09-21,1004,San Fernando,75898290.98,2660654.76,23.0,788.369
2026-09-21,1005,Las Heras,63072626.88,0.0,0.0,0.0
2026-09-21,1006,San Juan,55244667.83,2930234.25,30.0,674.638
2026-09-21,1007,La Rioja,64936041.57,558870.63,6.0,140.97
2026-09-21,1008,Corrientes,62445439.34,1399707.97,13.0,360.036
2026-09-21,1010,Córdoba Sur,39056326.58,0.0,0.0,0.0
2026-09-21,1011,Salta,43899110.38,792377.48,9.0,97.27
2026-09-21,1012,Santiago,48732398.75,231800.22,7.0,75.036
2026-09-21,1013,Tigre,41226438.1,0.0,0.0,0.0
2026-09-21,1014,Lujan,40808080.35,646092.13,10.0,202.62
2026-09-21,1015,Maipú,39853061.06,0.0,0.0,0.0
2026-09-21,1016,Avellaneda 2,54997799.3,0.0,0.0,0.0
2026-09-21,1017,La Tablada,38369068.33,0.0,0.0,0.0
2026-09-21,1018,Quilmes,30218023.03,0.0,0.0,0.0
2026-09-21,1020,Tucumán,61383695.3,2818577.16,27.0,702.8
2026-09-21,1021,Neuquén 2,52016540.91,0.0,0.0,0.0
2026-09-21,1022,Bariloche,55692743.79,268289.92,3.0,68.867
2026-09-21,1024,Formosa,45575255.17,2599121.82,37.0,1056.202
2026-09-21,1026,Catamarca,42422881.24,29392.38,1.0,8.0
2026-09-21,1027,Mataderos,16855649.58,0.0,0.0,0.0
2026-09-21,1028,Alte Brown,36774329.89,0.0,0.0,0.0
2026-09-21,1029,Moreno,25698144.31,0.0,0.0,0.0
2026-09-21,1030,José C Paz,11143783.55,0.0,0.0,0.0
2026-09-21,1031,Jujuy,47561373.39,955157.97,11.0,235.486
2026-09-21,1032,Malvinas Arg,36123207.36,0.0,0.0,0.0
2026-09-21,1033,Rio Salí,34741694.08,56077.2,2.0,23.0
2026-09-21,1035,3 de Febrero,26741162.05,298957.65,7.0,94.613
2026-09-21,1036,Moreno Shopping,10673656.97,0.0,0.0,0.0
2026-09-21,1038,Cipolletti,55522605.22,1656625.45,18.0,389.281
2026-09-21,1039,Paraná 2,50407936.88,0.0,0.0,0.0
2026-09-21,1042,Trelew,33733342.89,0.0,0.0,0.0
2026-09-21,1043,Laferrere,25381011.28,0.0,0.0,0.0
2026-09-21,1044,"Hurlingham (AV, Villegas)",11871345.04,0.0,0.0,0.0
2026-09-21,1045,"Hurlingham (AV, Vergara)",9815493.36,0.0,0.0,0.0
2026-09-21,1046,Pergamino,14763971.24,0.0,0.0,0.0
2026-09-21,1050,Lanús,25806064.82,0.0,0.0,0.0
2026-09-21,1051,Posadas,45378146.89,373069.9,4.0,195.515
2026-09-21,1052,Oran,32258378.17,0.0,0.0,0.0
2026-09-21,1053,Viedma,28139692.17,55669.2,1.0,8.0
2026-09-21,1054,Olavarría,34479912.89,1693027.22,17.0,483.081
2026-09-21,1055,Villa Mercedes,33783977.84,536406.89,10.0,196.788
2026-09-21,1056,Villa Nueva,24972225.66,95828.88,1.0,24.0
2026-09-21,1057,Comodoro Rivadavia,58323983.64,1645685.71,15.0,322.562
2026-09-21,1058,Resistencia,29345209.14,602905.18,9.0,93.15
2026-09-21,1059,Gonzalez Catán,27614419.08,0.0,0.0,0.0
2026-09-21,1060,Fuerza Aérea (Cba),26813747.19,0.0,0.0,0.0
2026-09-21,1061,Junín,40006643.62,181849.47,1.0,51.852
2026-09-21,1066,1066,1928259.06,0.0,0.0,0.0
2026-09-21,1067,San Martín (Mza),30190554.37,2528408.77,22.0,715.665
2026-09-21,1068,Palmares (Mza),65637067.28,0.0,0.0,0.0
2026-09-21,1074,Goya (Ctes),17865587.38,89930.07,1.0,60.0
2026-09-21,1075,Salta Fuerza Aérea,34479196.74,0.0,0.0,0.0
2026-09-21,1076,Lomas de Zamora,38796959.59,0.0,0.0,0.0
2026-09-21,1078,Salta Tartagal,37254155.53,0.0,0.0,0.0
2026-09-21,1080,Santiago del Estero Sur,32288851.17,455889.92,7.0,178.317
2026-09-21,1081,Rawson San Juan,26645385.5,0.0,0.0,0.0
2026-09-21,1082,"Tucumán (Av, Jujuy)",18432327.1,0.0,0.0,0.0
2026-09-21,1084,San Vicente,9757503.96,0.0,0.0,0.0
2026-09-21,1085,"Corrientes (Av, Maipú)",17144128.47,0.0,0.0,0.0
2026-09-21,1086,Formosa II,29144054.46,0.0,0.0,0.0
2026-09-21,1087,Pilar,53624817.07,2348551.32,28.0,745.623
2026-09-21,1088,"Tuc, Concepción",40539438.88,140781.0,1.0,110.0
2026-09-21,1092,San Juan Norte,27948533.59,0.0,0.0,0.0
2026-09-21,1093,Comodoro Rivadavia Norte,42169387.08,0.0,0.0,0.0
2026-09-21,1096,Caseros,37345067.89,0.0,0.0,0.0
2026-09-21,1097,Donato Alvarez (Cba),33395883.86,764999.12,1.0,1.0
2026-09-21,1098,"R,S, Peña, Chaco",19165870.41,36656.1,1.0,6.0
2026-09-21,1099,Posadas II,29653717.04,0.0,0.0,0.0
2026-09-21,1102,1102,1878920.99,0.0,0.0,0.0
2026-09-21,1103,1103,2453754.48,0.0,0.0,0.0
2026-09-21,1106,"Tuc, Ejército Del Norte",19434033.96,0.0,0.0,0.0
2026-09-21,1108,Puerto Madryn,49920966.26,109256.28,2.0,35.489
2026-09-21,1109,1109,3327116.73,0.0,0.0,0.0
2026-09-21,1110,Claypole,19918413.36,0.0,0.0,0.0
2026-09-21,1111,San Pedro de Jujuy,28740705.86,15389.4,1.0,4.0
2026-09-21,1114,Clorinda,22385080.67,0.0,0.0,0.0
2026-09-21,1115,General Roca,30776561.03,883489.91,11.0,283.449
2026-09-21,1116,Moron,32253684.64,0.0,0.0,0.0
2026-09-21,1119,Moreno Derqui,21338456.8,0.0,0.0,0.0
2026-09-21,2997,Constituyentes,187176227.24,12924243.5,94.0,3501.841
2026-09-21,2998,San Justo,72627334.76,7065060.58,64.0,2677.26
2026-09-21,2999,Avellaneda,87143636.97,5194980.06,45.0,1570.891
2026-09-21,3601,La Plata,106709349.06,5938750.96,55.0,1880.373
2026-09-21,3602,Bahía Blanca,76198888.07,5008910.57,33.0,808.066
2026-09-21,3603,Santa Fe,85644256.56,3477916.3,34.0,964.427
2026-09-21,3604,Paraná,62930203.91,3474034.34,31.0,1193.193
2026-09-21,3605,Córdoba Oeste,136510697.5,10666480.73,88.0,2954.394
2026-09-21,3606,Córdoba Este,69644664.86,0.0,0.0,0.0
2026-09-21,3608,Neuquén,99229034.85,3556908.48,28.0,1086.601
2026-09-21,3613,Mendoza,100212505.96,8031967.13,91.0,2572.249
2026-09-21,4001,Campana,18968229.94,34548.0,1.0,24.0
2026-09-22,1002,Rio IV,43437155.68,2286487.98,30.0,863.496
2026-09-22,1003,San Luis,51703170.3,1750103.05,21.0,602.894
2026-09-22,1004,San Fernando,53851825.3,2362068.25,26.0,674.331
2026-09-22,1005,Las Heras,35700909.95,0.0,0.0,0.0
2026-09-22,1006,San Juan,38157458.64,1897389.12,17.0,388.185
2026-09-22,1007,La Rioja,64409281.54,147550.98,3.0,29.294
2026-09-22,1008,Corrientes,53190116.57,1895465.56,17.0,467.379
2026-09-22,1010,Córdoba Sur,33550869.88,0.0,0.0,0.0
2026-09-22,1011,Salta,36284691.24,1239778.39,5.0,58.516
2026-09-22,1012,Santiago,51875539.43,197682.42,5.0,83.026
2026-09-22,1013,Tigre,40818182.15,0.0,0.0,0.0
2026-09-22,1014,Lujan,24276805.28,634378.85,8.0,218.712
2026-09-22,1015,Maipú,32616571.39,0.0,0.0,0.0
2026-09-22,1016,Avellaneda 2,37235672.53,0.0,0.0,0.0
2026-09-22,1017,La Tablada,30357157.39,0.0,0.0,0.0
2026-09-22,1018,Quilmes,19889834.38,80995.4,1.0,30.0
2026-09-22,1020,Tucumán,49946374.53,3958162.48,37.0,956.472
2026-09-22,1021,Neuquén 2,52918571.55,0.0,0.0,0.0
2026-09-22,1022,Bariloche,49120444.64,98491.14,2.0,30.733
2026-09-22,1023,La Pampa,49898842.18,203918.87,3.0,49.417
2026-09-22,1024,Formosa,48447319.66,1724161.52,31.0,687.496
2026-09-22,1026,Catamarca,34582590.25,104554.6,3.0,38.0
2026-09-22,1027,Mataderos,11988610.44,0.0,0.0,0.0
2026-09-22,1028,Alte Brown,27021560.8,0.0,0.0,0.0
2026-09-22,1029,Moreno,21423054.48,0.0,0.0,0.0
2026-09-22,1030,José C Paz,10109772.77,0.0,0.0,0.0
2026-09-22,1031,Jujuy,49062517.18,357514.2,6.0,134.0
2026-09-22,1032,Malvinas Arg,27757616.62,0.0,0.0,0.0
2026-09-22,1033,Rio Salí,37761999.33,3011366.8,5.0,15.0
2026-09-22,1035,3 de Febrero,19217492.6,109968.64,1.0,25.0
2026-09-22,1036,Moreno Shopping,10347378.84,0.0,0.0,0.0
2026-09-22,1038,Cipolletti,55131803.69,1474098.52,15.0,562.832
2026-09-22,1039,Paraná 2,40764587.52,0.0,0.0,0.0
2026-09-22,1042,Trelew,28691324.66,62845.38,1.0,54.0
2026-09-22,1043,Laferrere,24409543.17,0.0,0.0,0.0
2026-09-22,1044,"Hurlingham (AV, Villegas)",10992546.2,0.0,0.0,0.0
2026-09-22,1045,"Hurlingham (AV, Vergara)",7762439.19,0.0,0.0,0.0
2026-09-22,1046,Pergamino,13572558.97,0.0,0.0,0.0
2026-09-22,1050,Lanús,21443015.16,0.0,0.0,0.0
2026-09-22,1051,Posadas,37746627.02,23411.8,1.0,9.0
2026-09-22,1052,Oran,25688678.56,0.0,0.0,0.0
2026-09-22,1053,Viedma,31028469.17,0.0,0.0,0.0
2026-09-22,1054,Olavarría,26579956.36,939967.55,9.0,355.927
2026-09-22,1055,Villa Mercedes,27237312.14,533642.42,5.0,191.179
2026-09-22,1056,Villa Nueva,19052954.1,395883.39,4.0,144.0
2026-09-22,1057,Comodoro Rivadavia,53490845.07,2918132.58,22.0,840.272
2026-09-22,1058,Resistencia,27902777.69,1248680.79,11.0,400.079
2026-09-22,1059,Gonzalez Catán,25002091.05,0.0,0.0,0.0
2026-09-22,1060,Fuerza Aérea (Cba),24237116.84,0.0,0.0,0.0
2026-09-22,1061,Junín,25148206.3,683886.67,5.0,219.185
2026-09-22,1066,1066,1732953.23,0.0,0.0,0.0
2026-09-22,1067,San Martín (Mza),21384680.67,139434.8,2.0,63.0
2026-09-22,1068,Palmares (Mza),44492447.52,0.0,0.0,0.0
2026-09-22,1074,Goya (Ctes),15562629.62,0.0,0.0,0.0
2026-09-22,1075,Salta Fuerza Aérea,26471738.39,0.0,0.0,0.0
2026-09-22,1076,Lomas de Zamora,24798114.64,0.0,0.0,0.0
2026-09-22,1077,Gral Pico (La Pampa),48803705.54,404330.78,4.0,133.47
2026-09-22,1078,Salta Tartagal,33806628.48,0.0,0.0,0.0
2026-09-22,1080,Santiago del Estero Sur,32275667.71,1110434.84,7.0,119.06
2026-09-22,1081,Rawson San Juan,21325264.88,0.0,0.0,0.0
2026-09-22,1082,"Tucumán (Av, Jujuy)",15803020.33,0.0,0.0,0.0
2026-09-22,1084,San Vicente,9480677.48,0.0,0.0,0.0
2026-09-22,1085,"Corrientes (Av, Maipú)",14627508.97,0.0,0.0,0.0
2026-09-22,1086,Formosa II,27792948.3,0.0,0.0,0.0
2026-09-22,1087,Pilar,40182039.12,4396183.14,35.0,1229.468
2026-09-22,1088,"Tuc, Concepción",32082728.77,0.0,0.0,0.0
2026-09-22,1092,San Juan Norte,25289831.75,0.0,0.0,0.0
2026-09-22,1093,Comodoro Rivadavia Norte,40566968.16,0.0,0.0,0.0
2026-09-22,1096,Caseros,22543279.7,0.0,0.0,0.0
2026-09-22,1097,Donato Alvarez (Cba),28878432.99,0.0,0.0,0.0
2026-09-22,1098,"R,S, Peña, Chaco",15733732.02,0.0,0.0,0.0
2026-09-22,1099,Posadas II,27161673.25,0.0,0.0,0.0
2026-09-22,1100,Santa Rosa (La Pampa) II,37598863.75,0.0,0.0,0.0
2026-09-22,1102,1102,1878250.26,0.0,0.0,0.0
2026-09-22,1103,1103,3394389.71,0.0,0.0,0.0
2026-09-22,1106,"Tuc, Ejército Del Norte",17699538.25,0.0,0.0,0.0
2026-09-22,1108,Puerto Madryn,44677565.81,340200.4,3.0,114.008
2026-09-22,1109,1109,3433245.89,0.0,0.0,0.0
2026-09-22,1110,Claypole,15113140.32,0.0,0.0,0.0
2026-09-22,1111,San Pedro de Jujuy,23402296.53,75958.7,1.0,24.0
2026-09-22,1114,Clorinda,19713662.91,0.0,0.0,0.0
2026-09-22,1115,General Roca,28042710.07,201545.7,4.0,61.05
2026-09-22,1116,Moron,20411243.37,0.0,0.0,0.0
2026-09-22,1119,Moreno Derqui,17965919.97,0.0,0.0,0.0
2026-09-22,2997,Constituyentes,116415491.0,17374337.76,148.0,4956.452
2026-09-22,2998,San Justo,57337647.38,5349354.95,53.0,1374.826
2026-09-22,2999,Avellaneda,59261995.31,4805220.26,40.0,752.032
2026-09-22,3601,La Plata,93437766.34,8610782.49,68.0,2129.81
2026-09-22,3602,Bahía Blanca,53856377.35,4306478.72,40.0,1094.825
2026-09-22,3603,Santa Fe,53506738.1,3114513.4,30.0,940.173
2026-09-22,3604,Paraná,51397805.99,2082100.81,21.0,648.837
2026-09-22,3605,Córdoba Oeste,120648645.46,11183227.37,110.0,3144.942
2026-09-22,3606,Córdoba Este,59372057.83,0.0,0.0,0.0
2026-09-22,3608,Neuquén,93430835.31,2421032.29,22.0,650.331
2026-09-22,3613,Mendoza,67440022.86,5358736.14,60.0,1547.352
2026-09-22,4001,Campana,17279593.74,317388.88,2.0,130.086
2026-09-23,1002,Rio IV,36223684.8,1428919.22,17.0,447.352
2026-09-23,1003,San Luis,46764344.07,840602.01,8.0,172.394
2026-09-23,1004,San Fernando,46591828.56,671466.15,11.0,196.4
2026-09-23,1005,Las Heras,42079844.38,0.0,0.0,0.0
2026-09-23,1006,San Juan,36263253.79,624493.29,13.0,194.534
2026-09-23,1007,La Rioja,55044397.05,323674.19,5.0,122.081
2026-09-23,1008,Corrientes,44047714.45,356404.94,9.0,157.163
2026-09-23,1010,Córdoba Sur,29742092.49,0.0,0.0,0.0
2026-09-23,1011,Salta,27140894.3,392762.33,6.0,94.643
2026-09-23,1012,Santiago,46621740.94,138677.4,3.0,35.0
2026-09-23,1013,Tigre,33843262.87,0.0,0.0,0.0
2026-09-23,1014,Lujan,21776740.86,372921.05,3.0,161.0
2026-09-23,1015,Maipú,31433976.79,0.0,0.0,0.0
2026-09-23,1016,Avellaneda 2,39641271.84,0.0,0.0,0.0
2026-09-23,1017,La Tablada,29569025.5,0.0,0.0,0.0
2026-09-23,1018,Quilmes,23341284.48,4826.3,2.0,2.0
2026-09-23,1020,Tucumán,39708401.91,1869036.46,15.0,515.581
2026-09-23,1021,Neuquén 2,51491941.16,0.0,0.0,0.0
2026-09-23,1022,Bariloche,41320644.58,189413.14,2.0,47.13
2026-09-23,1023,La Pampa,33436669.1,0.0,0.0,0.0
2026-09-23,1024,Formosa,39722882.03,2345057.59,33.0,729.574
2026-09-23,1026,Catamarca,32329913.44,1001490.25,2.0,89.404
2026-09-23,1027,Mataderos,14608265.96,0.0,0.0,0.0
2026-09-23,1028,Alte Brown,27221197.36,0.0,0.0,0.0
2026-09-23,1029,Moreno,17228961.97,395988.0,1.0,1.0
2026-09-23,1030,José C Paz,11061971.96,0.0,0.0,0.0
2026-09-23,1031,Jujuy,40120245.82,344067.43,6.0,90.514
2026-09-23,1032,Malvinas Arg,28804767.05,0.0,0.0,0.0
2026-09-23,1033,Rio Salí,29770523.82,104680.65,2.0,30.0
2026-09-23,1035,3 de Febrero,22305163.64,0.0,0.0,0.0
2026-09-23,1036,Moreno Shopping,9632063.42,0.0,0.0,0.0
2026-09-23,1038,Cipolletti,45367912.38,639667.4,10.0,199.957
2026-09-23,1039,Paraná 2,36867443.35,0.0,0.0,0.0
2026-09-23,1041,1041,145.01,0.0,0.0,0.0
2026-09-23,1042,Trelew,24432241.4,38436.8,1.0,13.12
2026-09-23,1043,Laferrere,23665732.99,0.0,0.0,0.0
2026-09-23,1044,"Hurlingham (AV, Villegas)",10143105.14,0.0,0.0,0.0
2026-09-23,1045,"Hurlingham (AV, Vergara)",8306772.5,0.0,0.0,0.0
2026-09-23,1046,Pergamino,12511334.02,0.0,0.0,0.0
2026-09-23,1050,Lanús,22948645.28,0.0,0.0,0.0
2026-09-23,1051,Posadas,35395457.09,116152.83,3.0,-4.349
2026-09-23,1052,Oran,23195142.2,0.0,0.0,0.0
2026-09-23,1053,Viedma,29758965.58,0.0,0.0,0.0
2026-09-23,1054,Olavarría,30034651.48,1327961.74,10.0,378.698
2026-09-23,1055,Villa Mercedes,25762461.12,434256.17,8.0,229.049
2026-09-23,1056,Villa Nueva,19713363.95,0.0,0.0,0.0
2026-09-23,1057,Comodoro Rivadavia,47138265.69,237242.0,7.0,90.531
2026-09-23,1058,Resistencia,24695725.87,519873.27,8.0,57.122
2026-09-23,1059,Gonzalez Catán,21292710.94,0.0,0.0,0.0
2026-09-23,1060,Fuerza Aérea (Cba),25876101.16,207999.2,1.0,1.0
2026-09-23,1061,Junín,31200965.18,207061.15,2.0,71.0
2026-09-23,1066,1066,2666912.67,0.0,0.0,0.0
2026-09-23,1067,San Martín (Mza),21207030.05,190906.5,2.0,14.0
2026-09-23,1068,Palmares (Mza),54212612.17,0.0,0.0,0.0
2026-09-23,1069,STS,28499.0,28499.0,1.0,1.0
2026-09-23,1074,Goya (Ctes),13767277.58,631999.3,1.0,1.0
2026-09-23,1075,Salta Fuerza Aérea,24784662.54,0.0,0.0,0.0
2026-09-23,1076,Lomas de Zamora,29664158.1,0.0,0.0,0.0
2026-09-23,1077,Gral Pico (La Pampa),37243294.09,167064.05,2.0,45.0
2026-09-23,1078,Salta Tartagal,26486536.27,205090.88,1.0,39.366
2026-09-23,1080,Santiago del Estero Sur,32515255.32,4232956.97,30.0,1395.868
2026-09-23,1081,Rawson San Juan,21711137.07,0.0,0.0,0.0
2026-09-23,1082,"Tucumán (Av, Jujuy)",14407476.56,0.0,0.0,0.0
2026-09-23,1084,San Vicente,8837751.73,469999.0,1.0,1.0
2026-09-23,1085,"Corrientes (Av, Maipú)",11812769.03,0.0,0.0,0.0
2026-09-23,1086,Formosa II,23095493.07,0.0,0.0,0.0
2026-09-23,1087,Pilar,38952742.62,2402636.12,17.0,523.161
2026-09-23,1088,"Tuc, Concepción",27225039.81,0.0,0.0,0.0
2026-09-23,1092,San Juan Norte,20666164.35,0.0,0.0,0.0
2026-09-23,1093,Comodoro Rivadavia Norte,33756328.42,0.0,0.0,0.0
2026-09-23,1096,Caseros,25619374.64,0.0,0.0,0.0
2026-09-23,1097,Donato Alvarez (Cba),23261049.3,0.0,0.0,0.0
2026-09-23,1098,"R,S, Peña, Chaco",15147911.25,0.0,0.0,0.0
2026-09-23,1099,Posadas II,22079453.6,0.0,0.0,0.0
2026-09-23,1100,Santa Rosa (La Pampa) II,25213248.44,20635.0,1.0,5.0
2026-09-23,1102,1102,2149038.94,0.0,0.0,0.0
2026-09-23,1103,1103,3828009.44,0.0,0.0,0.0
2026-09-23,1106,"Tuc, Ejército Del Norte",15064117.04,0.0,0.0,0.0
2026-09-23,1108,Puerto Madryn,32093729.1,216101.69,4.0,74.081
2026-09-23,1109,1109,3709223.61,0.0,0.0,0.0
2026-09-23,1110,Claypole,12057760.14,0.0,0.0,0.0
2026-09-23,1111,San Pedro de Jujuy,26276800.68,1982998.0,2.0,2.0
2026-09-23,1114,Clorinda,19396414.67,0.0,0.0,0.0
2026-09-23,1115,General Roca,28710718.57,636435.45,4.0,63.772
2026-09-23,1116,Moron,22089630.71,0.0,0.0,0.0
2026-09-23,1119,Moreno Derqui,13671726.33,0.0,0.0,0.0
2026-09-23,2997,Constituyentes,112204202.54,4302855.07,65.0,875.584
2026-09-23,2998,San Justo,53664587.13,3805443.1,42.0,1270.054
2026-09-23,2999,Avellaneda,60419214.3,3371233.25,39.0,1113.714
2026-09-23,3601,La Plata,78108733.34,5786386.49,44.0,1361.453
2026-09-23,3602,Bahía Blanca,56886044.75,3032134.46,31.0,985.131
2026-09-23,3603,Santa Fe,52503853.11,1217611.2,16.0,306.648
2026-09-23,3604,Paraná,41078706.36,792835.32,14.0,261.358
2026-09-23,3605,Córdoba Oeste,95047484.8,5887878.2,81.0,1809.338
2026-09-23,3606,Córdoba Este,56149119.52,0.0,0.0,0.0
2026-09-23,3608,Neuquén,96109681.54,2450829.65,37.0,733.049
2026-09-23,3613,Mendoza,72214345.02,1760201.53,30.0,573.686
2026-09-23,4001,Campana,15047441.08,0.0,0.0,0.0
2026-09-24,1002,Rio IV,40146405.96,2331265.5,24.0,919.319
2026-09-24,1003,San Luis,43789907.64,1577370.23,23.0,383.967
2026-09-24,1004,San Fernando,51053664.5,2491804.53,26.0,755.591
2026-09-24,1005,Las Heras,42122946.33,0.0,0.0,0.0
2026-09-24,1006,San Juan,46246122.22,763785.73,8.0,280.094
2026-09-24,1007,La Rioja,67744963.31,155010.87,3.0,58.0
2026-09-24,1008,Corrientes,58200050.9,1193489.42,21.0,404.733
2026-09-24,1010,Córdoba Sur,35732078.41,0.0,0.0,0.0
2026-09-24,1011,Salta,41999427.32,431593.2,5.0,33.21
2026-09-24,1012,Santiago,58885497.97,239134.82,5.0,81.807
2026-09-24,1013,Tigre,37194985.22,0.0,0.0,0.0
2026-09-24,1014,Lujan,26332801.25,0.0,0.0,0.0
2026-09-24,1015,Maipú,30406060.83,0.0,0.0,0.0
2026-09-24,1016,Avellaneda 2,45994455.49,699999.0,1.0,1.0
2026-09-24,1017,La Tablada,36202158.9,0.0,0.0,0.0
2026-09-24,1018,Quilmes,30424381.93,130505.82,3.0,16.91
2026-09-24,1020,Tucumán,56440476.29,1367405.89,27.0,471.071
2026-09-24,1021,Neuquén 2,49672817.54,0.0,0.0,0.0
2026-09-24,1022,Bariloche,51274314.61,95789.74,4.0,33.796
2026-09-24,1023,La Pampa,29807492.27,0.0,0.0,0.0
2026-09-24,1024,Formosa,37378821.47,934568.74,25.0,354.74
2026-09-24,1026,Catamarca,40465546.22,25077.0,1.0,20.0
2026-09-24,1027,Mataderos,15055274.14,0.0,0.0,0.0
2026-09-24,1028,Alte Brown,33732142.94,375999.2,1.0,1.0
2026-09-24,1029,Moreno,20305309.31,0.0,0.0,0.0
2026-09-24,1030,José C Paz,12653378.12,0.0,0.0,0.0
2026-09-24,1031,Jujuy,63638117.15,456983.79,7.0,163.464
2026-09-24,1032,Malvinas Arg,29369210.63,0.0,0.0,0.0
2026-09-24,1033,Rio Salí,48335770.75,236190.99,3.0,52.0
2026-09-24,1035,3 de Febrero,27779217.36,0.0,0.0,0.0
2026-09-24,1036,Moreno Shopping,13007174.26,0.0,0.0,0.0
2026-09-24,1038,Cipolletti,51660858.69,615327.21,10.0,162.541
2026-09-24,1039,Paraná 2,38516324.51,0.0,0.0,0.0
2026-09-24,1042,Trelew,34507119.94,81524.06,3.0,27.16
2026-09-24,1043,Laferrere,25339460.04,0.0,0.0,0.0
2026-09-24,1044,"Hurlingham (AV, Villegas)",11630865.21,0.0,0.0,0.0
2026-09-24,1045,"Hurlingham (AV, Vergara)",12709558.23,0.0,0.0,0.0
2026-09-24,1046,Pergamino,16397719.94,0.0,0.0,0.0
2026-09-24,1050,Lanús,26833023.08,0.0,0.0,0.0
2026-09-24,1051,Posadas,42365530.58,380021.66,4.0,148.385
2026-09-24,1052,Oran,35499547.03,16087.7,1.0,6.0
2026-09-24,1053,Viedma,34246277.32,55542.95,2.0,29.0
2026-09-24,1054,Olavarría,32126820.3,1200678.93,28.0,515.439
2026-09-24,1055,Villa Mercedes,27556635.27,96360.35,4.0,41.185
2026-09-24,1056,Villa Nueva,20051386.81,49950.3,1.0,18.105
2026-09-24,1057,Comodoro Rivadavia,54327049.63,1814369.55,24.0,699.353
2026-09-24,1058,Resistencia,30009160.6,810148.26,16.0,312.065
2026-09-24,1059,Gonzalez Catán,24397738.44,0.0,0.0,0.0
2026-09-24,1060,Fuerza Aérea (Cba),26514695.2,0.0,0.0,0.0
2026-09-24,1061,Junín,31391372.37,540638.02,5.0,72.575
2026-09-24,1066,1066,2715998.56,0.0,0.0,0.0
2026-09-24,1067,San Martín (Mza),22625343.4,106588.88,3.0,42.0
2026-09-24,1068,Palmares (Mza),44739708.43,879999.19,1.0,1.0
2026-09-24,1074,Goya (Ctes),12388711.43,56952.2,1.0,15.763
2026-09-24,1075,Salta Fuerza Aérea,32150896.64,0.0,0.0,0.0
2026-09-24,1076,Lomas de Zamora,33370612.12,0.0,0.0,0.0
2026-09-24,1077,Gral Pico (La Pampa),37190834.74,807520.23,2.0,40.16
2026-09-24,1078,Salta Tartagal,37237845.7,110519.05,1.0,18.268
2026-09-24,1080,Santiago del Estero Sur,34523994.37,209448.77,5.0,89.273
2026-09-24,1081,Rawson San Juan,22231880.44,0.0,0.0,0.0
2026-09-24,1082,"Tucumán (Av, Jujuy)",19244951.19,0.0,0.0,0.0
2026-09-24,1084,San Vicente,10127735.73,49348.55,1.0,16.0
2026-09-24,1085,"Corrientes (Av, Maipú)",18647765.42,3325994.46,6.0,7.0
2026-09-24,1086,Formosa II,26581836.06,0.0,0.0,0.0
2026-09-24,1087,Pilar,37213731.16,2509229.02,32.0,793.628
2026-09-24,1088,"Tuc, Concepción",44731249.1,21989.0,1.0,15.0
2026-09-24,1092,San Juan Norte,21961186.06,0.0,0.0,0.0
2026-09-24,1093,Comodoro Rivadavia Norte,42503727.84,0.0,0.0,0.0
2026-09-24,1096,Caseros,33590825.09,0.0,0.0,0.0
2026-09-24,1097,Donato Alvarez (Cba),23744397.54,0.0,0.0,0.0
2026-09-24,1098,"R,S, Peña, Chaco",17322755.9,64586.82,2.0,30.897
2026-09-24,1099,Posadas II,28469497.41,0.0,0.0,0.0
2026-09-24,1100,Santa Rosa (La Pampa) II,29224536.28,0.0,0.0,0.0
2026-09-24,1102,1102,2466753.04,0.0,0.0,0.0
2026-09-24,1103,1103,2970994.94,0.0,0.0,0.0
2026-09-24,1106,"Tuc, Ejército Del Norte",22364525.48,0.0,0.0,0.0
2026-09-24,1108,Puerto Madryn,41959680.42,29917.66,1.0,13.519
2026-09-24,1109,1109,3826507.09,0.0,0.0,0.0
2026-09-24,1110,Claypole,16932654.75,0.0,0.0,0.0
2026-09-24,1111,San Pedro de Jujuy,29838709.61,0.0,0.0,0.0
2026-09-24,1114,Clorinda,20290670.91,15196.3,1.0,2.0
2026-09-24,1115,General Roca,30837506.36,54598.82,2.0,15.188
2026-09-24,1116,Moron,25469126.53,0.0,0.0,0.0
2026-09-24,1119,Moreno Derqui,17898345.5,0.0,0.0,0.0
2026-09-24,2997,Constituyentes,132191000.54,7506190.04,109.0,2373.407
2026-09-24,2998,San Justo,60974484.2,5106037.43,71.0,1582.822
2026-09-24,2999,Avellaneda,73950083.44,5733719.55,52.0,1634.014
2026-09-24,3601,La Plata,96305999.15,4413583.09,66.0,1399.911
2026-09-24,3602,Bahía Blanca,82202560.21,2670146.95,43.0,703.338
2026-09-24,3603,Santa Fe,59804253.03,3407741.66,53.0,1155.052
2026-09-24,3604,Paraná,53578384.45,2833498.58,33.0,830.628
2026-09-24,3605,Córdoba Oeste,108514543.24,6013099.42,75.0,1972.83
2026-09-24,3606,Córdoba Este,58128598.98,0.0,0.0,0.0
2026-09-24,3608,Neuquén,94329062.86,1565297.36,19.0,486.627
2026-09-24,3613,Mendoza,65051804.04,5871543.35,70.0,1703.381
2026-09-24,4001,Campana,19118788.67,0.0,0.0,0.0
2026-09-25,1002,Rio IV,52328814.58,3168987.51,23.0,978.526
2026-09-25,1003,San Luis,58064718.51,1124137.94,15.0,420.307
2026-09-25,1004,San Fernando,64044508.84,2506847.42,25.0,772.551
2026-09-25,1005,Las Heras,42396043.85,0.0,0.0,0.0
2026-09-25,1006,San Juan,45539025.97,1637014.71,30.0,610.64
2026-09-25,1007,La Rioja,79009685.83,691853.74,5.0,231.3
2026-09-25,1008,Corrientes,66353487.84,1011854.1,9.0,276.4
2026-09-25,1010,Córdoba Sur,32619278.19,0.0,0.0,0.0
2026-09-25,1011,Salta,44948971.49,541122.22,14.0,180.651
2026-09-25,1012,Santiago,55631972.65,220027.99,5.0,94.08
2026-09-25,1013,Tigre,48764078.26,0.0,0.0,0.0
2026-09-25,1014,Lujan,31537432.17,0.0,0.0,0.0
2026-09-25,1015,Maipú,37321447.66,0.0,0.0,0.0
2026-09-25,1016,Avellaneda 2,50778414.15,0.0,0.0,0.0
2026-09-25,1017,La Tablada,46691443.02,0.0,0.0,0.0
2026-09-25,1018,Quilmes,44065996.53,47144.7,1.0,13.0
2026-09-25,1020,Tucumán,47552886.36,3345653.12,28.0,944.716
2026-09-25,1021,Neuquén 2,54370595.66,0.0,0.0,0.0
2026-09-25,1022,Bariloche,57638070.48,63294.05,2.0,14.939
2026-09-25,1023,La Pampa,44727112.45,481361.02,4.0,110.988
2026-09-25,1024,Formosa,46021117.45,2332523.08,34.0,745.274
2026-09-25,1026,Catamarca,50045115.0,16149.15,1.0,1.0
2026-09-25,1027,Mataderos,14328853.87,0.0,0.0,0.0
2026-09-25,1028,Alte Brown,36087719.1,0.0,0.0,0.0
2026-09-25,1029,Moreno,24254045.36,0.0,0.0,0.0
2026-09-25,1030,José C Paz,14538621.54,0.0,0.0,0.0
2026-09-25,1031,Jujuy,72216195.84,544944.21,8.0,175.854
2026-09-25,1032,Malvinas Arg,40956741.58,0.0,0.0,0.0
2026-09-25,1033,Rio Salí,39219531.72,121530.98,2.0,29.14
2026-09-25,1035,3 de Febrero,25592760.81,29776.6,1.0,7.54
2026-09-25,1036,Moreno Shopping,13654577.55,0.0,0.0,0.0
2026-09-25,1038,Cipolletti,63030180.39,1117481.5,18.0,389.891
2026-09-25,1039,Paraná 2,46053788.29,0.0,0.0,0.0
2026-09-25,1041,1041,852.75,0.0,0.0,0.0
2026-09-25,1042,Trelew,43616935.22,30100.48,1.0,4.7
2026-09-25,1043,Laferrere,34394731.02,0.0,0.0,0.0
2026-09-25,1044,"Hurlingham (AV, Villegas)",12207391.37,0.0,0.0,0.0
2026-09-25,1045,"Hurlingham (AV, Vergara)",11023578.74,0.0,0.0,0.0
2026-09-25,1046,Pergamino,16137767.45,32108.53,1.0,16.0
2026-09-25,1050,Lanús,30896413.88,399999.0,1.0,1.0
2026-09-25,1051,Posadas,47285423.15,47713.4,2.0,6.297
2026-09-25,1052,Oran,39962180.65,323591.27,2.0,78.247
2026-09-25,1053,Viedma,43094087.43,30884.75,1.0,17.0
2026-09-25,1054,Olavarría,36986434.19,2542527.96,23.0,893.048
2026-09-25,1055,Villa Mercedes,34605961.29,647432.76,6.0,216.264
2026-09-25,1056,Villa Nueva,25217361.59,50984.62,1.0,32.0
2026-09-25,1057,Comodoro Rivadavia,64692699.25,1250641.4,13.0,380.41
2026-09-25,1058,Resistencia,39241277.17,1513973.05,25.0,553.57
2026-09-25,1059,Gonzalez Catán,32312642.84,0.0,0.0,0.0
2026-09-25,1060,Fuerza Aérea (Cba),28368266.11,0.0,0.0,0.0
2026-09-25,1061,Junín,39588520.94,49735.3,1.0,5.0
2026-09-25,1066,1066,2055989.34,0.0,0.0,0.0
2026-09-25,1067,San Martín (Mza),26824840.24,1268080.25,9.0,144.11
2026-09-25,1068,Palmares (Mza),50995342.21,0.0,0.0,0.0
2026-09-25,1069,STS,75000.0,75000.0,2.0,0.0
2026-09-25,1074,Goya (Ctes),14429588.04,0.0,0.0,0.0
2026-09-25,1075,Salta Fuerza Aérea,38300830.73,0.0,0.0,0.0
2026-09-25,1076,Lomas de Zamora,37641801.2,171998.3,2.0,2.0
2026-09-25,1077,Gral Pico (La Pampa),51679321.09,58090.59,1.0,31.49
2026-09-25,1078,Salta Tartagal,43976921.1,73323.2,1.0,21.0
2026-09-25,1080,Santiago del Estero Sur,35491061.6,774561.14,14.0,347.767
2026-09-25,1081,Rawson San Juan,20981717.87,0.0,0.0,0.0
2026-09-25,1082,"Tucumán (Av, Jujuy)",18461646.8,0.0,0.0,0.0
2026-09-25,1084,San Vicente,13374832.9,47673.89,3.0,29.04
2026-09-25,1085,"Corrientes (Av, Maipú)",15367096.25,0.0,0.0,0.0
2026-09-25,1086,Formosa II,25599582.78,0.0,0.0,0.0
2026-09-25,1087,Pilar,51076151.96,2467188.94,31.0,721.147
2026-09-25,1088,"Tuc, Concepción",32733144.11,50032.1,1.0,13.0
2026-09-25,1092,San Juan Norte,27148610.02,0.0,0.0,0.0
2026-09-25,1093,Comodoro Rivadavia Norte,48926854.56,0.0,0.0,0.0
2026-09-25,1096,Caseros,34585827.97,0.0,0.0,0.0
2026-09-25,1097,Donato Alvarez (Cba),35972766.42,0.0,0.0,0.0
2026-09-25,1098,"R,S, Peña, Chaco",20986450.02,0.0,0.0,0.0
2026-09-25,1099,Posadas II,37359827.03,0.0,0.0,0.0
2026-09-25,1100,Santa Rosa (La Pampa) II,41325611.5,0.0,0.0,0.0
2026-09-25,1102,1102,2085380.64,0.0,0.0,0.0
2026-09-25,1103,1103,2083983.78,0.0,0.0,0.0
2026-09-25,1106,"Tuc, Ejército Del Norte",15106621.36,503997.2,1.0,4.0
2026-09-25,1108,Puerto Madryn,46718417.1,163640.25,4.0,53.992
2026-09-25,1109,1109,3141119.17,0.0,0.0,0.0
2026-09-25,1110,Claypole,21255533.46,289999.0,1.0,1.0
2026-09-25,1111,San Pedro de Jujuy,32022068.36,0.0,0.0,0.0
2026-09-25,1114,Clorinda,24065630.8,0.0,0.0,0.0
2026-09-25,1115,General Roca,34439785.39,302496.1,5.0,70.436
2026-09-25,1116,Moron,25525326.37,0.0,0.0,0.0
2026-09-25,1119,Moreno Derqui,21250363.99,0.0,0.0,0.0
2026-09-25,2997,Constituyentes,165558869.96,15683052.95,166.0,4204.065
2026-09-25,2998,San Justo,85667978.77,5240553.65,85.0,1739.076
2026-09-25,2999,Avellaneda,100279228.03,5513151.62,71.0,1985.182
2026-09-25,3601,La Plata,109964564.89,4741477.4,65.0,1527.669
2026-09-25,3602,Bahía Blanca,76561894.19,2999758.95,42.0,983.566
2026-09-25,3603,Santa Fe,64156397.53,3008713.72,45.0,1024.892
2026-09-25,3604,Paraná,57644268.46,2876845.91,32.0,1032.235
2026-09-25,3605,Córdoba Oeste,128955701.1,9491240.74,106.0,3077.426
2026-09-25,3606,Córdoba Este,74898846.47,0.0,0.0,0.0
2026-09-25,3608,Neuquén,118618411.37,3379055.35,38.0,909.832
2026-09-25,3613,Mendoza,83740743.81,6022339.86,83.0,1904.512
2026-09-25,4001,Campana,18057015.75,0.0,0.0,0.0
2026-09-26,1002,Rio IV,76729949.13,3196245.36,32.0,833.571
2026-09-26,1003,San Luis,76603358.7,2229240.76,26.0,650.329
2026-09-26,1004,San Fernando,80770560.26,1874476.45,23.0,582.239
2026-09-26,1005,Las Heras,65564074.84,0.0,0.0,0.0
2026-09-26,1006,San Juan,70356450.08,2148422.98,20.0,817.729
2026-09-26,1007,La Rioja,104368982.65,186249.55,3.0,131.0
2026-09-26,1008,Corrientes,93824180.41,970408.19,14.0,242.809
2026-09-26,1010,Córdoba Sur,48324088.85,0.0,0.0,0.0
2026-09-26,1011,Salta,69926080.09,1144235.16,11.0,177.799
2026-09-26,1012,Santiago,71192670.78,0.0,0.0,0.0
2026-09-26,1013,Tigre,63778793.96,0.0,0.0,0.0
2026-09-26,1014,Lujan,55243374.45,0.0,0.0,0.0
2026-09-26,1015,Maipú,51218552.31,0.0,0.0,0.0
2026-09-26,1016,Avellaneda 2,91887298.1,0.0,0.0,0.0
2026-09-26,1017,La Tablada,74119330.83,0.0,0.0,0.0
2026-09-26,1018,Quilmes,55443672.94,73276.1,1.0,28.0
2026-09-26,1020,Tucumán,62190330.35,1462965.1,16.0,262.378
2026-09-26,1021,Neuquén 2,66690520.7,359999.0,1.0,1.0
2026-09-26,1022,Bariloche,96036259.86,145930.41,3.0,31.014
2026-09-26,1023,La Pampa,71462080.58,0.0,0.0,0.0
2026-09-26,1024,Formosa,71967145.1,2023652.88,22.0,744.109
2026-09-26,1026,Catamarca,85478008.09,272446.01,2.0,22.922
2026-09-26,1027,Mataderos,20956152.73,0.0,0.0,0.0
2026-09-26,1028,Alte Brown,52586312.1,0.0,0.0,0.0
2026-09-26,1029,Moreno,41480223.62,0.0,0.0,0.0
2026-09-26,1030,José C Paz,20404575.53,0.0,0.0,0.0
2026-09-26,1031,Jujuy,93327610.08,171391.57,3.0,48.056
2026-09-26,1032,Malvinas Arg,59633104.88,0.0,0.0,0.0
2026-09-26,1033,Rio Salí,55658472.22,39902.8,2.0,12.0
2026-09-26,1035,3 de Febrero,40391591.58,0.0,0.0,0.0
2026-09-26,1036,Moreno Shopping,15644177.17,0.0,0.0,0.0
2026-09-26,1038,Cipolletti,80156105.95,2351213.68,11.0,205.396
2026-09-26,1039,Paraná 2,66812491.76,0.0,0.0,0.0
2026-09-26,1042,Trelew,63019940.79,0.0,0.0,0.0
2026-09-26,1043,Laferrere,58348611.65,0.0,0.0,0.0
2026-09-26,1044,"Hurlingham (AV, Villegas)",18500570.69,0.0,0.0,0.0
2026-09-26,1045,"Hurlingham (AV, Vergara)",17775650.28,0.0,0.0,0.0
2026-09-26,1046,Pergamino,23438639.67,0.0,0.0,0.0
2026-09-26,1050,Lanús,47314286.28,0.0,0.0,0.0
2026-09-26,1051,Posadas,63498364.62,0.0,0.0,0.0
2026-09-26,1052,Oran,50696726.33,60465.6,1.0,24.0
2026-09-26,1053,Viedma,52970659.28,0.0,0.0,0.0
2026-09-26,1054,Olavarría,55590065.99,219077.25,6.0,66.6
2026-09-26,1055,Villa Mercedes,49727109.95,213129.85,4.0,93.313
2026-09-26,1056,Villa Nueva,36076100.65,0.0,0.0,0.0
2026-09-26,1057,Comodoro Rivadavia,85329545.97,2510858.25,29.0,833.769
2026-09-26,1058,Resistencia,60509063.0,1825639.37,30.0,712.47
2026-09-26,1059,Gonzalez Catán,53701371.67,0.0,0.0,0.0
2026-09-26,1060,Fuerza Aérea (Cba),37413345.49,0.0,0.0,0.0
2026-09-26,1061,Junín,58520408.15,107067.2,2.0,13.946
2026-09-26,1066,1066,2451411.62,0.0,0.0,0.0
2026-09-26,1067,San Martín (Mza),35518347.56,84734.76,1.0,49.965
2026-09-26,1068,Palmares (Mza),79613472.0,0.0,0.0,0.0
2026-09-26,1074,Goya (Ctes),23747645.92,85925.94,1.0,20.35
2026-09-26,1075,Salta Fuerza Aérea,58952111.86,0.0,0.0,0.0
2026-09-26,1076,Lomas de Zamora,53837572.56,0.0,0.0,0.0
2026-09-26,1077,Gral Pico (La Pampa),81535944.86,287468.41,3.0,60.092
2026-09-26,1078,Salta Tartagal,55789965.85,90203.98,1.0,42.0
2026-09-26,1080,Santiago del Estero Sur,61608606.49,3818263.68,31.0,726.129
2026-09-26,1081,Rawson San Juan,36959993.87,0.0,0.0,0.0
2026-09-26,1082,"Tucumán (Av, Jujuy)",26421233.3,399999.0,1.0,1.0
2026-09-26,1084,San Vicente,20492574.04,306409.82,3.0,56.934
2026-09-26,1085,"Corrientes (Av, Maipú)",22753787.98,0.0,0.0,0.0
2026-09-26,1086,Formosa II,43836330.74,0.0,0.0,0.0
2026-09-26,1087,Pilar,79164313.1,3120059.56,29.0,1068.779
2026-09-26,1088,"Tuc, Concepción",55926260.81,0.0,0.0,0.0
2026-09-26,1092,San Juan Norte,46701620.11,0.0,0.0,0.0
2026-09-26,1093,Comodoro Rivadavia Norte,66011076.52,87999.45,1.0,1.0
2026-09-26,1096,Caseros,47948267.62,0.0,0.0,0.0
2026-09-26,1097,Donato Alvarez (Cba),40362010.6,0.0,0.0,0.0
2026-09-26,1098,"R,S, Peña, Chaco",44218328.56,86446.57,2.0,50.009
2026-09-26,1099,Posadas II,50980198.87,0.0,0.0,0.0
2026-09-26,1100,Santa Rosa (La Pampa) II,54750613.51,0.0,0.0,0.0
2026-09-26,1102,1102,2669645.38,0.0,0.0,0.0
2026-09-26,1103,1103,576774.52,0.0,0.0,0.0
2026-09-26,1106,"Tuc, Ejército Del Norte",29884952.56,0.0,0.0,0.0
2026-09-26,1108,Puerto Madryn,64268912.96,111781.08,3.0,30.319
2026-09-26,1109,1109,3669179.48,0.0,0.0,0.0
2026-09-26,1110,Claypole,28962646.97,0.0,0.0,0.0
2026-09-26,1111,San Pedro de Jujuy,40809044.59,0.0,0.0,0.0
2026-09-26,1114,Clorinda,35742274.57,17517.6,1.0,4.0
2026-09-26,1115,General Roca,56914328.1,295940.05,6.0,66.66
2026-09-26,1116,Moron,38092466.51,0.0,0.0,0.0
2026-09-26,1119,Moreno Derqui,37539126.54,0.0,0.0,0.0
2026-09-26,2997,Constituyentes,255591111.04,6801590.11,79.0,2172.05
2026-09-26,2998,San Justo,128202315.73,5881049.47,65.0,1929.38
2026-09-26,2999,Avellaneda,148217635.64,5714674.4,65.0,1531.044
2026-09-26,3601,La Plata,128519213.15,4922656.14,51.0,1575.735
2026-09-26,3602,Bahía Blanca,112776355.87,3141635.12,38.0,869.242
2026-09-26,3603,Santa Fe,118694293.29,5204439.02,40.0,1241.163
2026-09-26,3604,Paraná,80550663.24,1057901.91,12.0,375.514
2026-09-26,3605,Córdoba Oeste,161634891.71,3278005.31,30.0,810.258
2026-09-26,3606,Córdoba Este,108173591.51,0.0,0.0,0.0
2026-09-26,3608,Neuquén,163735375.39,1692603.33,16.0,548.071
2026-09-26,3613,Mendoza,105913294.76,2838097.05,32.0,979.868
2026-09-26,4001,Campana,23229459.16,0.0,0.0,0.0
2026-09-27,1002,Rio IV,87736235.43,924138.23,11.0,373.614
2026-09-27,1003,San Luis,61322758.12,0.0,0.0,0.0
2026-09-27,1004,San Fernando,81199363.58,1001931.06,9.0,472.822
2026-09-27,1005,Las Heras,79579701.66,0.0,0.0,0.0
2026-09-27,1006,San Juan,77411675.84,0.0,0.0,0.0
2026-09-27,1008,Corrientes,105321611.89,0.0,0.0,0.0
2026-09-27,1010,Córdoba Sur,52566794.07,0.0,0.0,0.0
2026-09-27,1011,Salta,73933573.1,0.0,0.0,0.0
2026-09-27,1012,Santiago,74544373.79,276055.5,4.0,61.853
2026-09-27,1013,Tigre,55224150.42,0.0,0.0,0.0
2026-09-27,1014,Lujan,65360804.78,82015.31,1.0,28.7
2026-09-27,1015,Maipú,70088542.4,0.0,0.0,0.0
2026-09-27,1016,Avellaneda 2,89362482.25,0.0,0.0,0.0
2026-09-27,1017,La Tablada,62357066.89,0.0,0.0,0.0
2026-09-27,1018,Quilmes,34116496.02,0.0,0.0,0.0
2026-09-27,1020,Tucumán,70994577.1,0.0,0.0,0.0
2026-09-27,1021,Neuquén 2,50112346.59,0.0,0.0,0.0
2026-09-27,1022,Bariloche,98264721.91,177821.02,4.0,42.0
2026-09-27,1024,Formosa,68946200.58,0.0,0.0,0.0
2026-09-27,1026,Catamarca,76762219.24,0.0,0.0,0.0
2026-09-27,1027,Mataderos,17124584.79,0.0,0.0,0.0
2026-09-27,1028,Alte Brown,44190802.03,0.0,0.0,0.0
2026-09-27,1029,Moreno,42934790.82,0.0,0.0,0.0
2026-09-27,1030,José C Paz,17717074.38,0.0,0.0,0.0
2026-09-27,1031,Jujuy,63444971.78,0.0,0.0,0.0
2026-09-27,1032,Malvinas Arg,59038817.76,0.0,0.0,0.0
2026-09-27,1033,Rio Salí,59203144.46,15357.45,1.0,5.0
2026-09-27,1035,3 de Febrero,39636915.9,0.0,0.0,0.0
2026-09-27,1036,Moreno Shopping,4845837.35,0.0,0.0,0.0
2026-09-27,1039,Paraná 2,76968693.27,0.0,0.0,0.0
2026-09-27,1042,Trelew,47954281.61,0.0,0.0,0.0
2026-09-27,1043,Laferrere,55973477.47,0.0,0.0,0.0
2026-09-27,1044,"Hurlingham (AV, Villegas)",16829099.16,0.0,0.0,0.0
2026-09-27,1045,"Hurlingham (AV, Vergara)",12934804.51,0.0,0.0,0.0
2026-09-27,1046,Pergamino,16928168.21,0.0,0.0,0.0
2026-09-27,1050,Lanús,46565210.39,0.0,0.0,0.0
2026-09-27,1051,Posadas,69968962.4,31575.0,3.0,32.0
2026-09-27,1052,Oran,63866844.78,0.0,0.0,0.0
2026-09-27,1053,Viedma,57038368.62,29918.35,1.0,19.0
2026-09-27,1054,Olavarría,75256250.93,0.0,0.0,0.0
2026-09-27,1055,Villa Mercedes,52893687.98,0.0,0.0,0.0
2026-09-27,1056,Villa Nueva,43067231.98,0.0,0.0,0.0
2026-09-27,1057,Comodoro Rivadavia,81612118.16,0.0,0.0,0.0
2026-09-27,1058,Resistencia,56468889.07,0.0,0.0,0.0
2026-09-27,1059,Gonzalez Catán,56688192.38,0.0,0.0,0.0
2026-09-27,1060,Fuerza Aérea (Cba),34501004.52,0.0,0.0,0.0
2026-09-27,1061,Junín,75011149.38,119426.04,1.0,30.0
2026-09-27,1066,1066,3746580.04,0.0,0.0,0.0
2026-09-27,1067,San Martín (Mza),44175391.35,156223.2,4.0,68.0
2026-09-27,1068,Palmares (Mza),77133180.85,0.0,0.0,0.0
2026-09-27,1074,Goya (Ctes),29728345.29,86382.84,1.0,30.0
2026-09-27,1075,Salta Fuerza Aérea,63877630.19,0.0,0.0,0.0
2026-09-27,1076,Lomas de Zamora,52299689.81,0.0,0.0,0.0
2026-09-27,1078,Salta Tartagal,68969053.78,0.0,0.0,0.0
2026-09-27,1080,Santiago del Estero Sur,64059691.12,0.0,0.0,0.0
2026-09-27,1081,Rawson San Juan,44349528.04,0.0,0.0,0.0
2026-09-27,1082,"Tucumán (Av, Jujuy)",31779265.58,0.0,0.0,0.0
2026-09-27,1084,San Vicente,17170030.61,0.0,0.0,0.0
2026-09-27,1085,"Corrientes (Av, Maipú)",34175100.23,0.0,0.0,0.0
2026-09-27,1086,Formosa II,50754834.83,0.0,0.0,0.0
2026-09-27,1087,Pilar,64598621.21,0.0,0.0,0.0
2026-09-27,1088,"Tuc, Concepción",54835316.86,64432.25,2.0,13.0
2026-09-27,1092,San Juan Norte,50886743.59,0.0,0.0,0.0
2026-09-27,1093,Comodoro Rivadavia Norte,55284487.91,0.0,0.0,0.0
2026-09-27,1096,Caseros,52163764.73,0.0,0.0,0.0
2026-09-27,1097,Donato Alvarez (Cba),42557000.93,977998.49,2.0,2.0
2026-09-27,1099,Posadas II,50281291.04,0.0,0.0,0.0
2026-09-27,1102,1102,3681163.25,0.0,0.0,0.0
2026-09-27,1106,"Tuc, Ejército Del Norte",34436505.45,0.0,0.0,0.0
2026-09-27,1108,Puerto Madryn,64927192.98,49842.38,1.0,20.517
2026-09-27,1109,1109,4729766.95,0.0,0.0,0.0
2026-09-27,1110,Claypole,36028612.18,0.0,0.0,0.0
2026-09-27,1111,San Pedro de Jujuy,31617428.56,0.0,0.0,0.0
2026-09-27,1114,Clorinda,26884510.6,480997.2,2.0,3.0
2026-09-27,1115,General Roca,49764300.76,0.0,0.0,0.0
2026-09-27,1116,Moron,44883692.55,0.0,0.0,0.0
2026-09-27,1119,Moreno Derqui,37519284.17,0.0,0.0,0.0
2026-09-27,2997,Constituyentes,220001421.96,1029193.25,15.0,375.8
2026-09-27,2998,San Justo,115697961.9,0.0,0.0,0.0
2026-09-27,2999,Avellaneda,135342473.86,0.0,0.0,0.0
2026-09-27,3601,La Plata,127670543.29,-63924.3,2.0,-23.554
2026-09-27,3602,Bahía Blanca,102449145.06,0.0,0.0,0.0
2026-09-27,3603,Santa Fe,157255911.04,0.0,0.0,0.0
2026-09-27,3604,Paraná,117326744.47,0.0,0.0,0.0
2026-09-27,3605,Córdoba Oeste,163077406.29,0.0,0.0,0.0
2026-09-27,3606,Córdoba Este,114451491.32,0.0,0.0,0.0
2026-09-27,3608,Neuquén,147868879.7,386997.54,3.0,3.0
2026-09-27,3613,Mendoza,112171297.01,0.0,0.0,0.0
2026-09-27,4001,Campana,21666273.25,0.0,0.0,0.0
2026-09-28,1023,La Pampa,43655946.19,213945.44,2.0,76.759
2026-09-28,1069,STS,-763499.19,-763499.19,1.0,-1.0
2026-09-28,1077,Gral Pico (La Pampa),40607819.2,0.0,0.0,0.0
2026-09-28,1100,Santa Rosa (La Pampa) II,30543010.19,0.0,0.0,0.0
2026-09-28,2997,Constituyentes,428421.04,0.0,0.0,0.0
2026-09-29,1002,Rio IV,65817886.99,7409972.61,71.0,2305.361
2026-09-29,1003,San Luis,80052902.78,5558579.61,69.0,2170.06
2026-09-29,1004,San Fernando,103261274.96,7994934.93,71.0,2529.535
2026-09-29,1005,Las Heras,67698907.33,0.0,0.0,0.0
2026-09-29,1006,San Juan,69413032.41,6400555.82,71.0,2052.325
2026-09-29,1007,La Rioja,147364750.64,1205487.0,14.0,442.511
2026-09-29,1008,Corrientes,105817616.68,4304953.08,55.0,1265.514
2026-09-29,1010,Córdoba Sur,63072004.7,0.0,0.0,0.0
2026-09-29,1011,Salta,59934623.84,2418545.07,34.0,648.013
2026-09-29,1012,Santiago,95634303.29,1512142.8,21.0,437.352
2026-09-29,1013,Tigre,51678361.5,0.0,0.0,0.0
2026-09-29,1014,Lujan,47541694.48,0.0,0.0,0.0
2026-09-29,1015,Maipú,62453379.26,0.0,0.0,0.0
2026-09-29,1016,Avellaneda 2,66020919.77,0.0,0.0,0.0
2026-09-29,1017,La Tablada,80898992.5,0.0,0.0,0.0
2026-09-29,1018,Quilmes,34701884.84,626086.96,8.0,268.25
2026-09-29,1020,Tucumán,85024889.14,9104857.08,97.0,3223.65
2026-09-29,1021,Neuquén 2,73291903.78,0.0,0.0,0.0
2026-09-29,1022,Bariloche,74902200.65,1076207.03,11.0,248.026
2026-09-29,1023,La Pampa,37331461.93,156208.2,2.0,38.714
2026-09-29,1024,Formosa,118012087.91,5319782.5,67.0,1911.469
2026-09-29,1026,Catamarca,71103053.53,291994.54,3.0,84.974
2026-09-29,1027,Mataderos,15875810.28,0.0,0.0,0.0
2026-09-29,1028,Alte Brown,47841388.98,0.0,0.0,0.0
2026-09-29,1029,Moreno,34083767.87,0.0,0.0,0.0
2026-09-29,1030,José C Paz,16763936.68,0.0,0.0,0.0
2026-09-29,1031,Jujuy,83121487.26,2030430.44,22.0,603.994
2026-09-29,1032,Malvinas Arg,47979521.96,0.0,0.0,0.0
2026-09-29,1033,Rio Salí,54476621.18,2116843.04,9.0,96.0
2026-09-29,1035,3 de Febrero,35300332.38,34399.2,1.0,1.0
2026-09-29,1036,Moreno Shopping,15118601.76,0.0,0.0,0.0
2026-09-29,1038,Cipolletti,76082263.39,1682029.55,22.0,603.112
2026-09-29,1039,Paraná 2,85358909.13,0.0,0.0,0.0
2026-09-29,1041,1041,-725.75,0.0,0.0,0.0
2026-09-29,1042,Trelew,41708499.62,535189.33,8.0,212.38
2026-09-29,1043,Laferrere,34353190.51,0.0,0.0,0.0
2026-09-29,1044,"Hurlingham (AV, Villegas)",14797429.86,0.0,0.0,0.0
2026-09-29,1045,"Hurlingham (AV, Vergara)",16267151.25,0.0,0.0,0.0
2026-09-29,1046,Pergamino,22751248.75,100756.45,1.0,47.0
2026-09-29,1050,Lanús,38044445.29,0.0,0.0,0.0
2026-09-29,1051,Posadas,67630311.85,2048314.59,23.0,933.169
2026-09-29,1052,Oran,51719837.69,200448.6,2.0,76.0
2026-09-29,1053,Viedma,42009562.28,17194.0,1.0,6.0
2026-09-29,1054,Olavarría,49371904.15,4616689.26,45.0,1448.277
2026-09-29,1055,Villa Mercedes,59329225.06,3559364.91,25.0,762.808
2026-09-29,1056,Villa Nueva,32436686.36,1625480.72,18.0,552.057
2026-09-29,1057,Comodoro Rivadavia,84033019.73,6364151.26,78.0,2172.065
2026-09-29,1058,Resistencia,53993472.38,4227378.95,46.0,1579.027
2026-09-29,1059,Gonzalez Catán,40345184.46,0.0,0.0,0.0
2026-09-29,1060,Fuerza Aérea (Cba),47274291.85,0.0,0.0,0.0
2026-09-29,1061,Junín,50178936.49,520994.62,6.0,138.245
2026-09-29,1066,1066,2040404.67,0.0,0.0,0.0
2026-09-29,1067,San Martín (Mza),44443717.54,2955017.21,38.0,1013.356
2026-09-29,1068,Palmares (Mza),81380909.97,0.0,0.0,0.0
2026-09-29,1074,Goya (Ctes),20560737.98,0.0,0.0,0.0
2026-09-29,1075,Salta Fuerza Aérea,49454356.99,0.0,0.0,0.0
2026-09-29,1076,Lomas de Zamora,45752749.97,0.0,0.0,0.0
2026-09-29,1077,Gral Pico (La Pampa),43310419.11,238789.05,1.0,94.0
2026-09-29,1078,Salta Tartagal,57542611.62,145380.3,2.0,28.0
2026-09-29,1080,Santiago del Estero Sur,55154683.82,2862052.09,30.0,1119.088
2026-09-29,1081,Rawson San Juan,39606679.67,0.0,0.0,0.0
2026-09-29,1082,"Tucumán (Av, Jujuy)",26532212.21,0.0,0.0,0.0
2026-09-29,1084,San Vicente,15170349.76,563229.19,6.0,225.0
2026-09-29,1085,"Corrientes (Av, Maipú)",31439385.01,0.0,0.0,0.0
2026-09-29,1086,Formosa II,81331688.53,0.0,0.0,0.0
2026-09-29,1087,Pilar,75640277.15,11553431.03,105.0,3716.139
2026-09-29,1088,"Tuc, Concepción",65883775.76,1082811.3,3.0,110.0
2026-09-29,1092,San Juan Norte,44856134.96,128997.0,1.0,1.0
2026-09-29,1093,Comodoro Rivadavia Norte,63937939.72,0.0,0.0,0.0
2026-09-29,1096,Caseros,34862046.34,0.0,0.0,0.0
2026-09-29,1097,Donato Alvarez (Cba),48930991.4,0.0,0.0,0.0
2026-09-29,1098,"R,S, Peña, Chaco",30894488.65,15062.45,1.0,8.0
2026-09-29,1099,Posadas II,50517887.32,0.0,0.0,0.0
2026-09-29,1100,Santa Rosa (La Pampa) II,29702071.55,0.0,0.0,0.0
2026-09-29,1102,1102,2845061.3,0.0,0.0,0.0
2026-09-29,1103,1103,3792537.83,0.0,0.0,0.0
2026-09-29,1106,"Tuc, Ejército Del Norte",27925162.55,0.0,0.0,0.0
2026-09-29,1108,Puerto Madryn,62731589.22,1614806.58,15.0,466.031
2026-09-29,1109,1109,3193974.33,0.0,0.0,0.0
2026-09-29,1110,Claypole,29215447.14,0.0,0.0,0.0
2026-09-29,1111,San Pedro de Jujuy,36823721.69,0.0,0.0,0.0
2026-09-29,1114,Clorinda,38184854.18,0.0,0.0,0.0
2026-09-29,1115,General Roca,40828883.51,1380483.76,15.0,267.559
2026-09-29,1116,Moron,28323056.63,0.0,0.0,0.0
2026-09-29,1119,Moreno Derqui,30248993.08,89997.0,1.0,1.0
2026-09-29,2997,Constituyentes,194156932.66,30881374.96,278.0,10076.437
2026-09-29,2998,San Justo,104260411.17,17019072.51,166.0,5890.339
2026-09-29,2999,Avellaneda,107882561.28,23374672.85,220.0,8463.794
2026-09-29,3601,La Plata,143146752.24,23255774.69,212.0,6994.004
2026-09-29,3602,Bahía Blanca,106081447.59,10354804.9,97.0,2780.868
2026-09-29,3603,Santa Fe,115946169.18,14818816.87,137.0,4911.243
2026-09-29,3604,Paraná,114779993.14,8917988.75,75.0,3041.965
2026-09-29,3605,Córdoba Oeste,194475147.4,28309062.76,252.0,8977.723
2026-09-29,3606,Córdoba Este,102528850.8,0.0,0.0,0.0
2026-09-29,3608,Neuquén,136093566.77,6800097.48,53.0,2068.714
2026-09-29,3613,Mendoza,106320922.3,13440017.87,151.0,4938.141
2026-09-29,4001,Campana,25085910.34,1040586.76,12.0,411.517
2026-09-30,1002,Rio IV,59530927.59,4410281.06,38.0,1423.632
2026-09-30,1003,San Luis,106673282.12,7406891.71,67.0,2619.625
2026-09-30,1004,San Fernando,86509763.93,5483226.34,47.0,1743.29
2026-09-30,1005,Las Heras,88613496.44,0.0,0.0,0.0
2026-09-30,1006,San Juan,87896770.5,3675425.76,47.0,1271.789
2026-09-30,1007,La Rioja,116688276.27,566579.0,7.0,191.395
2026-09-30,1008,Corrientes,100936851.79,5083788.36,56.0,1679.074
2026-09-30,1010,Córdoba Sur,74548526.86,0.0,0.0,0.0
2026-09-30,1011,Salta,76947500.76,2882933.77,35.0,821.731
2026-09-30,1012,Santiago,88289604.76,679201.0,11.0,291.035
2026-09-30,1013,Tigre,61537088.91,0.0,0.0,0.0
2026-09-30,1014,Lujan,36079044.99,0.0,0.0,0.0
2026-09-30,1015,Maipú,53654958.29,0.0,0.0,0.0
2026-09-30,1016,Avellaneda 2,65516003.39,0.0,0.0,0.0
2026-09-30,1017,La Tablada,103992129.97,0.0,0.0,0.0
2026-09-30,1018,Quilmes,63194416.56,278480.4,4.0,125.0
2026-09-30,1020,Tucumán,82813185.35,12620559.09,67.0,2818.832
2026-09-30,1021,Neuquén 2,79436247.99,0.0,0.0,0.0
2026-09-30,1022,Bariloche,65177878.56,299554.0,3.0,68.454
2026-09-30,1023,La Pampa,59344314.84,0.0,0.0,0.0
2026-09-30,1024,Formosa,125662749.12,4928215.62,65.0,1905.614
2026-09-30,1026,Catamarca,74188558.73,479371.25,2.0,10.762
2026-09-30,1027,Mataderos,18856061.77,0.0,0.0,0.0
2026-09-30,1028,Alte Brown,51989000.28,0.0,0.0,0.0
2026-09-30,1029,Moreno,32136377.1,0.0,0.0,0.0
2026-09-30,1030,José C Paz,20609291.0,0.0,0.0,0.0
2026-09-30,1031,Jujuy,78973020.42,2586052.17,27.0,856.879
2026-09-30,1032,Malvinas Arg,53938038.75,0.0,0.0,0.0
2026-09-30,1033,Rio Salí,59029552.41,1207537.33,4.0,118.341
2026-09-30,1035,3 de Febrero,34379390.65,0.0,0.0,0.0
2026-09-30,1036,Moreno Shopping,17546695.76,0.0,0.0,0.0
2026-09-30,1038,Cipolletti,76495404.8,3458680.74,37.0,852.049
2026-09-30,1039,Paraná 2,70478171.34,269999.0,1.0,1.0
2026-09-30,1042,Trelew,45911192.61,1342491.95,8.0,154.553
2026-09-30,1043,Laferrere,37565870.94,0.0,0.0,0.0
2026-09-30,1044,"Hurlingham (AV, Villegas)",15165203.79,0.0,0.0,0.0
2026-09-30,1045,"Hurlingham (AV, Vergara)",15926691.34,0.0,0.0,0.0
2026-09-30,1046,Pergamino,22243475.83,0.0,0.0,0.0
2026-09-30,1050,Lanús,44887256.38,0.0,0.0,0.0
2026-09-30,1051,Posadas,87355695.84,1183505.63,8.0,638.668
2026-09-30,1052,Oran,47470969.07,85036.81,2.0,8.0
2026-09-30,1053,Viedma,52349108.88,0.0,0.0,0.0
2026-09-30,1054,Olavarría,62874504.63,3852400.54,36.0,1483.165
2026-09-30,1055,Villa Mercedes,61852285.5,2745487.9,27.0,888.77
2026-09-30,1056,Villa Nueva,41531222.45,1817284.99,12.0,266.098
2026-09-30,1057,Comodoro Rivadavia,83723077.62,2549149.56,26.0,986.125
2026-09-30,1058,Resistencia,61545866.4,2303491.72,33.0,929.828
2026-09-30,1059,Gonzalez Catán,38084673.79,0.0,0.0,0.0
2026-09-30,1060,Fuerza Aérea (Cba),42888216.37,0.0,0.0,0.0
2026-09-30,1061,Junín,78188207.29,962304.12,6.0,333.528
2026-09-30,1066,1066,3190612.34,0.0,0.0,0.0
2026-09-30,1067,San Martín (Mza),52223687.98,1912113.4,25.0,1027.106
2026-09-30,1068,Palmares (Mza),93227293.52,0.0,0.0,0.0
2026-09-30,1074,Goya (Ctes),31810060.1,0.0,0.0,0.0
2026-09-30,1075,Salta Fuerza Aérea,55837471.39,0.0,0.0,0.0
2026-09-30,1076,Lomas de Zamora,54380174.84,0.0,0.0,0.0
2026-09-30,1077,Gral Pico (La Pampa),63399466.11,272001.94,3.0,114.48
2026-09-30,1078,Salta Tartagal,59113007.97,0.0,0.0,0.0
2026-09-30,1080,Santiago del Estero Sur,55295311.71,3745214.8,37.0,1482.061
2026-09-30,1081,Rawson San Juan,54451097.34,175998.9,2.0,2.0
2026-09-30,1082,"Tucumán (Av, Jujuy)",29605610.07,0.0,0.0,0.0
2026-09-30,1084,San Vicente,14843720.0,244925.64,2.0,124.85
2026-09-30,1085,"Corrientes (Av, Maipú)",29264918.06,0.0,0.0,0.0
2026-09-30,1086,Formosa II,80977342.7,0.0,0.0,0.0
2026-09-30,1087,Pilar,60852285.93,6244164.66,50.0,1945.993
2026-09-30,1088,"Tuc, Concepción",59422623.67,226108.47,4.0,88.0
2026-09-30,1092,San Juan Norte,73458554.1,0.0,0.0,0.0
2026-09-30,1093,Comodoro Rivadavia Norte,55789729.12,0.0,0.0,0.0
2026-09-30,1096,Caseros,45404294.21,0.0,0.0,0.0
2026-09-30,1097,Donato Alvarez (Cba),50418833.72,0.0,0.0,0.0
2026-09-30,1098,"R,S, Peña, Chaco",26063410.48,0.0,0.0,0.0
2026-09-30,1099,Posadas II,64516952.68,0.0,0.0,0.0
2026-09-30,1100,Santa Rosa (La Pampa) II,48692094.41,0.0,0.0,0.0
2026-09-30,1102,1102,2706270.1,0.0,0.0,0.0
2026-09-30,1103,1103,3909430.83,0.0,0.0,0.0
2026-09-30,1106,"Tuc, Ejército Del Norte",29433290.69,0.0,0.0,0.0
2026-09-30,1108,Puerto Madryn,56306645.28,784650.09,8.0,202.38
2026-09-30,1109,1109,4577225.93,0.0,0.0,0.0
2026-09-30,1110,Claypole,28998809.27,0.0,0.0,0.0
2026-09-30,1111,San Pedro de Jujuy,39001626.47,611616.35,2.0,17.0
2026-09-30,1114,Clorinda,49824439.13,0.0,0.0,0.0
2026-09-30,1115,General Roca,43029121.35,439723.11,6.0,161.984
2026-09-30,1116,Moron,40033976.23,0.0,0.0,0.0
2026-09-30,1119,Moreno Derqui,26316948.27,179998.5,1.0,2.0
2026-09-30,2997,Constituyentes,-526472312.13,23153245.71,240.0,7969.396
2026-09-30,2998,San Justo,98363509.98,15020996.66,144.0,5711.881
2026-09-30,2999,Avellaneda,114263533.22,11845327.37,126.0,3897.04
2026-09-30,3601,La Plata,141882092.31,14033942.68,155.0,4737.495
2026-09-30,3602,Bahía Blanca,121278685.95,10089950.12,88.0,3444.284
2026-09-30,3603,Santa Fe,129351013.21,9255969.06,86.0,3518.025
2026-09-30,3604,Paraná,81742244.52,6590741.9,59.0,2397.505
2026-09-30,3605,Córdoba Oeste,185864146.12,23076401.62,207.0,7661.645
2026-09-30,3606,Córdoba Este,117775579.28,0.0,0.0,0.0
2026-09-30,3608,Neuquén,146584251.69,2874181.64,20.0,859.453
2026-09-30,3613,Mendoza,117305235.75,14161605.86,142.0,5134.263
2026-09-30,4001,Campana,26568149.62,246045.62,3.0,129.0
2026-10-01,1002,Rio IV,64800411.9,7935349.14,66.0,3030.097
2026-10-01,1003,San Luis,73504714.95,4843779.64,63.0,2280.614
2026-10-01,1004,San Fernando,74938881.5,4982459.29,62.0,1643.202
2026-10-01,1005,Las Heras,44673449.15,0.0,0.0,0.0
2026-10-01,1006,San Juan,65166811.1,6374424.01,62.0,2655.85
2026-10-01,1007,La Rioja,88345057.41,285200.21,8.0,148.666
2026-10-01,1008,Corrientes,77224607.21,3409834.73,43.0,1510.957
2026-10-01,1010,Córdoba Sur,47457406.6,0.0,0.0,0.0
2026-10-01,1011,Salta,46635212.45,1998872.37,31.0,623.764
2026-10-01,1012,Santiago,82019064.58,681133.56,11.0,282.524
2026-10-01,1013,Tigre,60627250.43,0.0,0.0,0.0
2026-10-01,1014,Lujan,55225418.33,0.0,0.0,0.0
2026-10-01,1015,Maipú,41166470.4,0.0,0.0,0.0
2026-10-01,1016,Avellaneda 2,69889574.19,0.0,0.0,0.0
2026-10-01,1017,La Tablada,51581658.08,879999.19,1.0,1.0
2026-10-01,1018,Quilmes,47090440.76,498094.99,8.0,214.14
2026-10-01,1020,Tucumán,62014974.58,6198245.16,58.0,2084.84
2026-10-01,1021,Neuquén 2,74206590.98,0.0,0.0,0.0
2026-10-01,1022,Bariloche,62920562.69,121060.55,1.0,31.031
2026-10-01,1023,La Pampa,59053980.79,153722.06,2.0,36.0
2026-10-01,1024,Formosa,86053869.0,4711370.66,63.0,1828.51
2026-10-01,1026,Catamarca,51902383.96,1278126.28,6.0,407.134
2026-10-01,1027,Mataderos,15067874.03,0.0,0.0,0.0
2026-10-01,1028,Alte Brown,47967032.18,0.0,0.0,0.0
2026-10-01,1029,Moreno,35697645.68,0.0,0.0,0.0
2026-10-01,1030,José C Paz,20125637.67,0.0,0.0,0.0
2026-10-01,1031,Jujuy,58842570.85,954401.07,19.0,371.31
2026-10-01,1032,Malvinas Arg,50019745.0,0.0,0.0,0.0
2026-10-01,1033,Rio Salí,36806380.27,141013.89,4.0,80.204
2026-10-01,1035,3 de Febrero,35032891.56,0.0,0.0,0.0
2026-10-01,1036,Moreno Shopping,18663040.92,0.0,0.0,0.0
2026-10-01,1038,Cipolletti,70633309.87,2293243.81,32.0,927.275
2026-10-01,1039,Paraná 2,54807650.35,0.0,0.0,0.0
2026-10-01,1042,Trelew,30882768.52,742022.75,4.0,59.0
2026-10-01,1043,Laferrere,37764906.0,0.0,0.0,0.0
2026-10-01,1044,"Hurlingham (AV, Villegas)",17558081.16,0.0,0.0,0.0
2026-10-01,1045,"Hurlingham (AV, Vergara)",15885178.08,0.0,0.0,0.0
2026-10-01,1046,Pergamino,23116651.28,0.0,0.0,0.0
2026-10-01,1050,Lanús,37659388.35,0.0,0.0,0.0
2026-10-01,1051,Posadas,59478640.21,1625878.52,9.0,368.001
2026-10-01,1052,Oran,34183907.11,185785.03,3.0,67.256
2026-10-01,1053,Viedma,55045800.22,499999.0,1.0,1.0
2026-10-01,1054,Olavarría,62972578.54,3052853.42,48.0,1302.568
2026-10-01,1055,Villa Mercedes,44873843.74,1393750.05,30.0,832.982
2026-10-01,1056,Villa Nueva,27025123.1,366115.94,5.0,165.497
2026-10-01,1057,Comodoro Rivadavia,78971041.26,8691805.06,69.0,3340.638
2026-10-01,1058,Resistencia,37957516.7,2320900.02,30.0,902.996
2026-10-01,1059,Gonzalez Catán,38530630.37,0.0,0.0,0.0
2026-10-01,1060,Fuerza Aérea (Cba),28740626.98,0.0,0.0,0.0
2026-10-01,1061,Junín,63644984.0,776315.84,8.0,454.285
2026-10-01,1066,1066,2810182.45,0.0,0.0,0.0
2026-10-01,1067,San Martín (Mza),35529026.26,931663.41,16.0,411.208
2026-10-01,1068,Palmares (Mza),58397645.65,0.0,0.0,0.0
2026-10-01,1074,Goya (Ctes),17655771.15,419161.0,4.0,171.0
2026-10-01,1075,Salta Fuerza Aérea,32744188.4,0.0,0.0,0.0
2026-10-01,1076,Lomas de Zamora,47888461.81,0.0,0.0,0.0
2026-10-01,1077,Gral Pico (La Pampa),50882252.22,81694.45,1.0,20.0
2026-10-01,1078,Salta Tartagal,51112938.41,210665.94,2.0,75.0
2026-10-01,1080,Santiago del Estero Sur,42000069.47,2470966.77,25.0,760.171
2026-10-01,1081,Rawson San Juan,28225697.1,0.0,0.0,0.0
2026-10-01,1082,"Tucumán (Av, Jujuy)",15754554.53,0.0,0.0,0.0
2026-10-01,1084,San Vicente,13078741.08,145900.81,2.0,89.0
2026-10-01,1085,"Corrientes (Av, Maipú)",18964370.67,380999.0,1.0,1.0
2026-10-01,1086,Formosa II,58108283.55,0.0,0.0,0.0
2026-10-01,1087,Pilar,55784321.33,7243045.59,74.0,2868.435
2026-10-01,1088,"Tuc, Concepción",40032244.38,1125973.33,12.0,523.0
2026-10-01,1092,San Juan Norte,36618952.36,0.0,0.0,0.0
2026-10-01,1093,Comodoro Rivadavia Norte,51390721.13,0.0,0.0,0.0
2026-10-01,1096,Caseros,39470160.28,0.0,0.0,0.0
2026-10-01,1097,Donato Alvarez (Cba),31726222.71,0.0,0.0,0.0
2026-10-01,1098,"R,S, Peña, Chaco",22932863.8,33964.05,1.0,24.0
2026-10-01,1099,Posadas II,36125506.06,0.0,0.0,0.0
2026-10-01,1100,Santa Rosa (La Pampa) II,39026472.95,0.0,0.0,0.0
2026-10-01,1102,1102,3064102.4,0.0,0.0,0.0
2026-10-01,1103,1103,3712621.37,0.0,0.0,0.0
2026-10-01,1106,"Tuc, Ejército Del Norte",22656015.26,0.0,0.0,0.0
2026-10-01,1107,1107,2998.8,0.0,0.0,0.0
2026-10-01,1108,Puerto Madryn,47228948.77,2035386.38,14.0,279.557
2026-10-01,1109,1109,3446191.16,0.0,0.0,0.0
2026-10-01,1110,Claypole,30607881.41,0.0,0.0,0.0
2026-10-01,1111,San Pedro de Jujuy,28141788.82,0.0,0.0,0.0
2026-10-01,1114,Clorinda,29429090.27,0.0,0.0,0.0
2026-10-01,1115,General Roca,41784767.26,985455.28,11.0,384.18
2026-10-01,1116,Moron,33197537.65,0.0,0.0,0.0
2026-10-01,1119,Moreno Derqui,30097082.27,0.0,0.0,0.0
2026-10-01,2997,Constituyentes,186795508.5,20479722.46,209.0,6944.398
2026-10-01,2998,San Justo,107099438.41,13024501.71,132.0,4984.994
2026-10-01,2999,Avellaneda,112063105.54,13412254.05,134.0,5292.835
2026-10-01,3601,La Plata,145903001.24,14587939.97,166.0,5274.712
2026-10-01,3602,Bahía Blanca,115413440.15,10550188.36,104.0,3782.071
2026-10-01,3603,Santa Fe,90256423.42,11459807.3,104.0,4393.049
2026-10-01,3604,Paraná,71383026.23,5533628.5,57.0,2490.262
2026-10-01,3605,Córdoba Oeste,162048221.64,25777684.43,200.0,8883.808
2026-10-01,3606,Córdoba Este,75659600.01,0.0,0.0,0.0
2026-10-01,3608,Neuquén,144472639.14,6940622.5,64.0,2555.775
2026-10-01,3613,Mendoza,97099287.85,20714075.86,200.0,7814.556
2026-10-01,4001,Campana,24821130.63,158877.94,3.0,71.0
2026-10-02,1002,Rio IV,71649690.11,4247554.88,36.0,1343.82
2026-10-02,1003,San Luis,97713067.37,4106829.05,38.0,1463.443
2026-10-02,1004,San Fernando,97885830.43,7351848.44,53.0,2209.602
2026-10-02,1005,Las Heras,60034497.02,0.0,0.0,0.0
2026-10-02,1006,San Juan,67662689.19,3903052.63,37.0,868.171
2026-10-02,1007,La Rioja,120759806.33,1104229.95,5.0,125.075
2026-10-02,1008,Corrientes,84725815.93,4147738.65,44.0,1681.09
2026-10-02,1010,Córdoba Sur,46926815.26,0.0,0.0,0.0
2026-10-02,1011,Salta,62336669.89,849895.09,18.0,282.012
2026-10-02,1012,Santiago,67903159.06,1269775.29,9.0,125.0
2026-10-02,1013,Tigre,60600702.52,0.0,0.0,0.0
2026-10-02,1014,Lujan,61438982.8,0.0,0.0,0.0
2026-10-02,1015,Maipú,56122343.96,0.0,0.0,0.0
2026-10-02,1016,Avellaneda 2,63977037.72,0.0,0.0,0.0
2026-10-02,1017,La Tablada,57813739.85,0.0,0.0,0.0
2026-10-02,1018,Quilmes,40914880.17,271103.46,5.0,111.588
2026-10-02,1020,Tucumán,59966855.79,5795174.85,53.0,1700.431
2026-10-02,1021,Neuquén 2,87872854.41,0.0,0.0,0.0
2026-10-02,1022,Bariloche,86363845.56,327168.02,4.0,144.723
2026-10-02,1023,La Pampa,65989807.56,61190.61,1.0,4.166
2026-10-02,1024,Formosa,79943176.41,4245584.09,62.0,1882.509
2026-10-02,1026,Catamarca,58886340.19,117484.05,1.0,58.0
2026-10-02,1027,Mataderos,16876318.97,0.0,0.0,0.0
2026-10-02,1028,Alte Brown,50758777.76,0.0,0.0,0.0
2026-10-02,1029,Moreno,34733017.03,0.0,0.0,0.0
2026-10-02,1030,José C Paz,16864329.01,0.0,0.0,0.0
2026-10-02,1031,Jujuy,73367368.97,1166521.04,21.0,405.77
2026-10-02,1032,Malvinas Arg,54137881.86,0.0,0.0,0.0
2026-10-02,1033,Rio Salí,51086167.74,201188.37,5.0,89.0
2026-10-02,1035,3 de Febrero,34258983.63,0.0,0.0,0.0
2026-10-02,1036,Moreno Shopping,20361731.98,0.0,0.0,0.0
2026-10-02,1038,Cipolletti,86053321.09,2222627.64,21.0,732.224
2026-10-02,1039,Paraná 2,72498897.93,179994.0,1.0,1.0
2026-10-02,1042,Trelew,46649180.97,181226.98,6.0,37.748
2026-10-02,1043,Laferrere,41759972.66,0.0,0.0,0.0
2026-10-02,1044,"Hurlingham (AV, Villegas)",16443576.26,0.0,0.0,0.0
2026-10-02,1045,"Hurlingham (AV, Vergara)",15500129.97,0.0,0.0,0.0
2026-10-02,1046,Pergamino,21562892.61,0.0,0.0,0.0
2026-10-02,1050,Lanús,41208674.89,0.0,0.0,0.0
2026-10-02,1051,Posadas,75844923.44,1423146.38,7.0,180.048
2026-10-02,1052,Oran,50272861.72,66745.8,1.0,7.0
2026-10-02,1053,Viedma,62404086.41,0.0,0.0,0.0
2026-10-02,1054,Olavarría,54594631.66,3430482.92,40.0,1189.134
2026-10-02,1055,Villa Mercedes,52367273.18,3622584.63,18.0,381.223
2026-10-02,1056,Villa Nueva,34502308.72,304749.68,4.0,47.0
2026-10-02,1057,Comodoro Rivadavia,89117157.9,3478422.49,37.0,1299.146
2026-10-02,1058,Resistencia,48876856.14,1112990.06,19.0,348.1
2026-10-02,1059,Gonzalez Catán,43739634.85,0.0,0.0,0.0
2026-10-02,1060,Fuerza Aérea (Cba),38846609.66,0.0,0.0,0.0
2026-10-02,1061,Junín,59661035.1,2367670.13,11.0,234.03
2026-10-02,1066,1066,2336714.15,0.0,0.0,0.0
2026-10-02,1067,San Martín (Mza),38636733.73,1023857.1,5.0,23.0
2026-10-02,1068,Palmares (Mza),67877468.89,0.0,0.0,0.0
2026-10-02,1074,Goya (Ctes),23425032.09,0.0,0.0,0.0
2026-10-02,1075,Salta Fuerza Aérea,50195805.09,0.0,0.0,0.0
2026-10-02,1076,Lomas de Zamora,45635503.57,0.0,0.0,0.0
2026-10-02,1077,Gral Pico (La Pampa),73122073.99,225096.19,2.0,65.436
2026-10-02,1078,Salta Tartagal,55839206.72,25913.26,1.0,17.163
2026-10-02,1080,Santiago del Estero Sur,41058223.94,1419165.42,26.0,500.015
2026-10-02,1081,Rawson San Juan,32896909.59,-87999.45,1.0,-1.0
2026-10-02,1082,"Tucumán (Av, Jujuy)",22588748.62,469999.0,1.0,1.0
2026-10-02,1084,San Vicente,16544663.64,43367.9,1.0,21.0
2026-10-02,1085,"Corrientes (Av, Maipú)",17928805.16,0.0,0.0,0.0
2026-10-02,1086,Formosa II,56580198.88,0.0,0.0,0.0
2026-10-02,1087,Pilar,74672000.09,5855640.73,60.0,2393.539
2026-10-02,1088,"Tuc, Concepción",43298657.97,306594.09,2.0,58.164
2026-10-02,1092,San Juan Norte,53979561.58,560997.48,1.0,3.0
2026-10-02,1093,Comodoro Rivadavia Norte,64823465.81,0.0,0.0,0.0
2026-10-02,1096,Caseros,39772325.45,0.0,0.0,0.0
2026-10-02,1097,Donato Alvarez (Cba),37905173.08,0.0,0.0,0.0
2026-10-02,1098,"R,S, Peña, Chaco",31353479.29,957197.84,4.0,64.207
2026-10-02,1099,Posadas II,48069266.59,0.0,0.0,0.0
2026-10-02,1100,Santa Rosa (La Pampa) II,50188205.21,0.0,0.0,0.0
2026-10-02,1102,1102,3226580.13,0.0,0.0,0.0
2026-10-02,1103,1103,2435851.02,0.0,0.0,0.0
2026-10-02,1106,"Tuc, Ejército Del Norte",22968203.78,0.0,0.0,0.0
2026-10-02,1108,Puerto Madryn,60242705.37,22611.05,1.0,10.597
2026-10-02,1109,1109,4398869.72,0.0,0.0,0.0
2026-10-02,1110,Claypole,30498194.9,0.0,0.0,0.0
2026-10-02,1111,San Pedro de Jujuy,41514629.77,2199987.2,2.0,2.0
2026-10-02,1114,Clorinda,31380304.68,0.0,0.0,0.0
2026-10-02,1115,General Roca,52171989.53,492935.58,9.0,127.178
2026-10-02,1116,Moron,41034059.24,0.0,0.0,0.0
2026-10-02,1119,Moreno Derqui,33859995.03,0.0,0.0,0.0
2026-10-02,2997,Constituyentes,229058798.86,20423635.37,231.0,7205.38
2026-10-02,2998,San Justo,107246220.54,15103913.83,170.0,6671.809
2026-10-02,2999,Avellaneda,116113644.84,13971495.2,163.0,5058.757
2026-10-02,3601,La Plata,141060507.61,12300737.64,126.0,4400.849
2026-10-02,3602,Bahía Blanca,113598022.52,8066974.77,90.0,2483.052
2026-10-02,3603,Santa Fe,100425179.03,6847051.65,78.0,2588.816
2026-10-02,3604,Paraná,83091966.09,6190735.69,69.0,2233.212
2026-10-02,3605,Córdoba Oeste,184765498.13,18764954.46,166.0,6498.392
2026-10-02,3606,Córdoba Este,90240340.56,0.0,0.0,0.0
2026-10-02,3608,Neuquén,169053025.63,5436091.57,42.0,1727.253
2026-10-02,3613,Mendoza,107094064.84,12664309.32,137.0,3785.974
2026-10-02,4001,Campana,25925001.44,177624.1,4.0,95.0
2026-10-03,1002,Rio IV,117022483.81,2778675.66,23.0,775.302
2026-10-03,1003,San Luis,123148648.3,2888958.22,34.0,1277.948
2026-10-03,1004,San Fernando,128519593.1,3860110.11,32.0,1091.8
2026-10-03,1005,Las Heras,78192430.78,0.0,0.0,0.0
2026-10-03,1006,San Juan,99010834.64,5135827.63,40.0,1457.423
2026-10-03,1007,La Rioja,158357424.62,318449.36,5.0,70.0
2026-10-03,1008,Corrientes,105266296.97,3645312.74,31.0,651.743
2026-10-03,1010,Córdoba Sur,67101639.58,0.0,0.0,0.0
2026-10-03,1011,Salta,80485252.29,1751121.0,19.0,593.237
2026-10-03,1012,Santiago,83157880.08,334253.41,4.0,85.185
2026-10-03,1013,Tigre,88509004.29,0.0,0.0,0.0
2026-10-03,1014,Lujan,55966259.28,314991.0,1.0,1.0
2026-10-03,1015,Maipú,67153205.77,0.0,0.0,0.0
2026-10-03,1016,Avellaneda 2,138390183.14,0.0,0.0,0.0
2026-10-03,1017,La Tablada,102977617.46,0.0,0.0,0.0
2026-10-03,1018,Quilmes,69293942.19,114370.65,3.0,37.0
2026-10-03,1020,Tucumán,71033912.32,2722164.53,31.0,778.581
2026-10-03,1021,Neuquén 2,94883784.07,0.0,0.0,0.0
2026-10-03,1022,Bariloche,138782677.53,1280315.59,12.0,296.88
2026-10-03,1023,La Pampa,121367462.18,0.0,0.0,0.0
2026-10-03,1024,Formosa,109184581.19,5641979.02,62.0,2085.782
2026-10-03,1026,Catamarca,82025578.69,0.0,0.0,0.0
2026-10-03,1027,Mataderos,23356118.8,0.0,0.0,0.0
2026-10-03,1028,Alte Brown,71622323.28,38849.25,1.0,1.0
2026-10-03,1029,Moreno,65690813.5,0.0,0.0,0.0
2026-10-03,1030,José C Paz,27032072.77,0.0,0.0,0.0
2026-10-03,1031,Jujuy,118383356.8,920704.65,10.0,186.115
2026-10-03,1032,Malvinas Arg,88353724.75,0.0,0.0,0.0
2026-10-03,1033,Rio Salí,50694639.44,126352.21,1.0,45.0
2026-10-03,1035,3 de Febrero,57281261.17,91413.75,2.0,7.204
2026-10-03,1036,Moreno Shopping,23441428.15,0.0,0.0,0.0
2026-10-03,1038,Cipolletti,113063444.08,1372332.63,17.0,456.149
2026-10-03,1039,Paraná 2,93331073.58,1119999.25,1.0,1.0
2026-10-03,1042,Trelew,82474426.77,335784.57,2.0,89.806
2026-10-03,1043,Laferrere,75446146.0,0.0,0.0,0.0
2026-10-03,1044,"Hurlingham (AV, Villegas)",21249287.76,0.0,0.0,0.0
2026-10-03,1045,"Hurlingham (AV, Vergara)",19956082.99,159999.2,1.0,1.0
2026-10-03,1046,Pergamino,36343293.28,0.0,0.0,0.0
2026-10-03,1050,Lanús,54172345.64,594999.31,1.0,1.0
2026-10-03,1051,Posadas,82293298.16,27640.4,1.0,6.0
2026-10-03,1052,Oran,63713535.57,1587996.19,3.0,4.0
2026-10-03,1053,Viedma,72907562.59,51242.02,2.0,21.0
2026-10-03,1054,Olavarría,97988399.97,2193814.04,23.0,873.898
2026-10-03,1055,Villa Mercedes,70775870.6,1392103.49,14.0,317.02
2026-10-03,1056,Villa Nueva,47277557.1,686508.39,2.0,26.0
2026-10-03,1057,Comodoro Rivadavia,139674044.01,4284403.64,38.0,1361.369
2026-10-03,1058,Resistencia,66549019.19,6833029.15,78.0,2027.986
2026-10-03,1059,Gonzalez Catán,73163430.25,0.0,0.0,0.0
2026-10-03,1060,Fuerza Aérea (Cba),45941503.62,0.0,0.0,0.0
2026-10-03,1061,Junín,103501054.84,216399.1,6.0,73.0
2026-10-03,1066,1066,2051651.18,0.0,0.0,0.0
2026-10-03,1067,San Martín (Mza),41708740.45,122608.54,3.0,58.097
2026-10-03,1068,Palmares (Mza),83018412.5,0.0,0.0,0.0
2026-10-03,1074,Goya (Ctes),27625436.47,140497.15,2.0,29.442
2026-10-03,1075,Salta Fuerza Aérea,72517027.52,269999.09,1.0,1.0
2026-10-03,1076,Lomas de Zamora,70181635.8,25799.25,1.0,1.0
2026-10-03,1077,Gral Pico (La Pampa),129933190.87,2817730.85,6.0,64.173
2026-10-03,1078,Salta Tartagal,79154904.9,631999.2,1.0,1.0
2026-10-03,1080,Santiago del Estero Sur,58283979.16,4461558.98,26.0,1033.353
2026-10-03,1081,Rawson San Juan,54254723.32,0.0,0.0,0.0
2026-10-03,1082,"Tucumán (Av, Jujuy)",26379268.49,0.0,0.0,0.0
2026-10-03,1084,San Vicente,24173965.79,420518.41,3.0,100.334
2026-10-03,1085,"Corrientes (Av, Maipú)",24419111.24,0.0,0.0,0.0
2026-10-03,1086,Formosa II,72160689.1,0.0,0.0,0.0
2026-10-03,1087,Pilar,109331542.63,4322736.96,41.0,1354.611
2026-10-03,1088,"Tuc, Concepción",49617386.69,1375141.1,3.0,26.0
2026-10-03,1092,San Juan Norte,63880097.31,0.0,0.0,0.0
2026-10-03,1093,Comodoro Rivadavia Norte,98158981.13,0.0,0.0,0.0
2026-10-03,1096,Caseros,78817118.45,0.0,0.0,0.0
2026-10-03,1097,Donato Alvarez (Cba),61704554.34,0.0,0.0,0.0
2026-10-03,1098,"R,S, Peña, Chaco",48783819.68,0.0,0.0,0.0
2026-10-03,1099,Posadas II,62811915.5,0.0,0.0,0.0
2026-10-03,1100,Santa Rosa (La Pampa) II,80819039.56,0.0,0.0,0.0
2026-10-03,1102,1102,2729253.36,0.0,0.0,0.0
2026-10-03,1103,1103,674576.11,0.0,0.0,0.0
2026-10-03,1106,"Tuc, Ejército Del Norte",29420053.67,0.0,0.0,0.0
2026-10-03,1108,Puerto Madryn,76619212.65,539997.0,1.0,4.0
2026-10-03,1109,1109,4867406.8,0.0,0.0,0.0
2026-10-03,1110,Claypole,49707128.17,0.0,0.0,0.0
2026-10-03,1111,San Pedro de Jujuy,47685017.81,0.0,0.0,0.0
2026-10-03,1114,Clorinda,34808096.56,0.0,0.0,0.0
2026-10-03,1115,General Roca,68054935.32,903872.64,11.0,322.637
2026-10-03,1116,Moron,59694482.35,0.0,0.0,0.0
2026-10-03,1119,Moreno Derqui,48102459.92,0.0,0.0,0.0
2026-10-03,2997,Constituyentes,353739521.47,25107902.46,187.0,6137.513
2026-10-03,2998,San Justo,194319692.4,13141775.5,126.0,3929.686
2026-10-03,2999,Avellaneda,203213620.56,12796960.52,124.0,4485.768
2026-10-03,3601,La Plata,228107555.48,16481393.56,116.0,4986.837
2026-10-03,3602,Bahía Blanca,181050733.09,8790635.59,67.0,1798.678
2026-10-03,3603,Santa Fe,196180236.13,6542335.44,55.0,2315.592
2026-10-03,3604,Paraná,141846980.34,9012860.04,59.0,2804.308
2026-10-03,3605,Córdoba Oeste,233984670.04,17459201.6,150.0,4908.293
2026-10-03,3606,Córdoba Este,135889890.14,0.0,0.0,0.0
2026-10-03,3608,Neuquén,233744805.13,5450659.02,46.0,1759.589
2026-10-03,3613,Mendoza,129217578.8,5192261.37,57.0,1662.87
2026-10-03,4001,Campana,33060838.35,143820.39,2.0,21.222
2026-10-04,1002,Rio IV,118726877.58,1521118.2,15.0,349.0
2026-10-04,1003,San Luis,111150122.16,0.0,0.0,0.0
2026-10-04,1004,San Fernando,94763689.63,629660.06,13.0,301.532
2026-10-04,1005,Las Heras,83541223.54,0.0,0.0,0.0
2026-10-04,1006,San Juan,93414161.1,0.0,0.0,0.0
2026-10-04,1008,Corrientes,138201218.75,0.0,0.0,0.0
2026-10-04,1010,Córdoba Sur,57417149.24,0.0,0.0,0.0
2026-10-04,1011,Salta,73691626.82,0.0,0.0,0.0
2026-10-04,1012,Santiago,73364071.07,0.0,0.0,0.0
2026-10-04,1013,Tigre,72802202.32,0.0,0.0,0.0
2026-10-04,1014,Lujan,72259010.53,0.0,0.0,0.0
2026-10-04,1015,Maipú,68405062.51,0.0,0.0,0.0
2026-10-04,1016,Avellaneda 2,118779902.66,0.0,0.0,0.0
2026-10-04,1017,La Tablada,101771190.23,699999.0,1.0,1.0
2026-10-04,1018,Quilmes,48471306.42,104105.05,2.0,77.0
2026-10-04,1020,Tucumán,79583941.84,0.0,0.0,0.0
2026-10-04,1021,Neuquén 2,64513349.06,0.0,0.0,0.0
2026-10-04,1022,Bariloche,117796011.15,91668.5,2.0,5.648
2026-10-04,1024,Formosa,117266827.05,559301.42,2.0,156.0
2026-10-04,1026,Catamarca,76798351.09,0.0,0.0,0.0
2026-10-04,1027,Mataderos,19439096.56,0.0,0.0,0.0
2026-10-04,1028,Alte Brown,55949713.02,0.0,0.0,0.0
2026-10-04,1029,Moreno,56223519.64,0.0,0.0,0.0
2026-10-04,1030,José C Paz,24928004.88,0.0,0.0,0.0
2026-10-04,1031,Jujuy,61364373.06,0.0,0.0,0.0
2026-10-04,1032,Malvinas Arg,70906267.52,0.0,0.0,0.0
2026-10-04,1033,Rio Salí,64174373.59,2014409.35,9.0,43.0
2026-10-04,1035,3 de Febrero,45669484.54,-91413.75,2.0,-7.204
2026-10-04,1036,Moreno Shopping,7386000.8,0.0,0.0,0.0
2026-10-04,1039,Paraná 2,89089111.55,2349998.19,2.0,2.0
2026-10-04,1042,Trelew,67603087.44,350483.85,3.0,26.0
2026-10-04,1043,Laferrere,68039540.9,0.0,0.0,0.0
2026-10-04,1044,"Hurlingham (AV, Villegas)",19329765.57,0.0,0.0,0.0
2026-10-04,1045,"Hurlingham (AV, Vergara)",15181122.61,0.0,0.0,0.0
2026-10-04,1046,Pergamino,19167614.1,17760.0,1.0,8.0
2026-10-04,1050,Lanús,46560201.51,0.0,0.0,0.0
2026-10-04,1051,Posadas,92895827.35,69901.1,2.0,10.0
2026-10-04,1052,Oran,64322688.09,80790.5,2.0,5.39
2026-10-04,1053,Viedma,68194640.86,0.0,0.0,0.0
2026-10-04,1054,Olavarría,71183622.63,0.0,0.0,0.0
2026-10-04,1055,Villa Mercedes,54343883.73,0.0,0.0,0.0
2026-10-04,1056,Villa Nueva,47210907.91,0.0,0.0,0.0
2026-10-04,1057,Comodoro Rivadavia,124576567.9,0.0,0.0,0.0
2026-10-04,1058,Resistencia,74204320.1,0.0,0.0,0.0
2026-10-04,1059,Gonzalez Catán,62440647.06,0.0,0.0,0.0
2026-10-04,1060,Fuerza Aérea (Cba),40216782.48,0.0,0.0,0.0
2026-10-04,1061,Junín,69629398.28,0.0,0.0,0.0
2026-10-04,1066,1066,4325526.81,0.0,0.0,0.0
2026-10-04,1067,San Martín (Mza),47184114.29,141823.2,2.0,48.0
2026-10-04,1068,Palmares (Mza),85312045.35,0.0,0.0,0.0
2026-10-04,1074,Goya (Ctes),31431825.43,0.0,0.0,0.0
2026-10-04,1075,Salta Fuerza Aérea,68761711.21,0.0,0.0,0.0
2026-10-04,1076,Lomas de Zamora,64137821.17,0.0,0.0,0.0
2026-10-04,1078,Salta Tartagal,75919953.51,129382.78,1.0,70.0
2026-10-04,1080,Santiago del Estero Sur,66709045.52,0.0,0.0,0.0
2026-10-04,1081,Rawson San Juan,46783420.54,0.0,0.0,0.0
2026-10-04,1082,"Tucumán (Av, Jujuy)",24744860.95,0.0,0.0,0.0
2026-10-04,1084,San Vicente,18500461.07,348895.52,2.0,109.006
2026-10-04,1085,"Corrientes (Av, Maipú)",39508993.64,0.0,0.0,0.0
2026-10-04,1086,Formosa II,76508520.25,0.0,0.0,0.0
2026-10-04,1087,Pilar,66398052.02,2109104.32,18.0,535.728
2026-10-04,1088,"Tuc, Concepción",52444877.84,319999.2,1.0,1.0
2026-10-04,1092,San Juan Norte,59697635.5,0.0,0.0,0.0
2026-10-04,1093,Comodoro Rivadavia Norte,80092944.29,0.0,0.0,0.0
2026-10-04,1096,Caseros,65828887.61,0.0,0.0,0.0
2026-10-04,1097,Donato Alvarez (Cba),46893210.12,0.0,0.0,0.0
2026-10-04,1099,Posadas II,84441532.87,0.0,0.0,0.0
2026-10-04,1102,1102,3980156.96,0.0,0.0,0.0
2026-10-04,1106,"Tuc, Ejército Del Norte",37548564.67,0.0,0.0,0.0
2026-10-04,1108,Puerto Madryn,74492089.65,294054.4,3.0,42.91
2026-10-04,1109,1109,6719084.02,0.0,0.0,0.0
2026-10-04,1110,Claypole,40149230.22,0.0,0.0,0.0
2026-10-04,1111,San Pedro de Jujuy,29232914.86,1909997.38,3.0,3.0
2026-10-04,1114,Clorinda,38960602.67,0.0,0.0,0.0
2026-10-04,1115,General Roca,58078314.5,0.0,0.0,0.0
2026-10-04,1116,Moron,51795539.83,0.0,0.0,0.0
2026-10-04,1119,Moreno Derqui,46932654.87,0.0,0.0,0.0
2026-10-04,2997,Constituyentes,286785298.66,6220219.37,65.0,2159.874
2026-10-04,2998,San Justo,160993214.17,4549077.72,39.0,1680.746
2026-10-04,2999,Avellaneda,167864342.32,-62311.4,2.0,-12.0
2026-10-04,3601,La Plata,157918268.2,3000653.86,31.0,1032.462
2026-10-04,3602,Bahía Blanca,120776033.84,0.0,0.0,0.0
2026-10-04,3603,Santa Fe,205004352.74,0.0,0.0,0.0
2026-10-04,3604,Paraná,126763000.73,0.0,0.0,0.0
2026-10-04,3605,Córdoba Oeste,186953093.02,4475833.83,36.0,1326.921
2026-10-04,3606,Córdoba Este,137435044.59,0.0,0.0,0.0
2026-10-04,3608,Neuquén,210955920.29,1016637.9,14.0,363.698
2026-10-04,3613,Mendoza,126811359.93,2262668.48,12.0,754.11
2026-10-04,4001,Campana,23687657.7,0.0,0.0,0.0
2026-10-05,1002,Rio IV,67448514.37,2857806.22,21.0,918.489
2026-10-05,1003,San Luis,79190757.9,3174549.67,35.0,953.609
2026-10-05,1004,San Fernando,104224072.16,4987541.6,39.0,1333.298
2026-10-05,1005,Las Heras,72624996.92,0.0,0.0,0.0
2026-10-05,1006,San Juan,68493789.62,1916424.73,23.0,648.417
2026-10-05,1007,La Rioja,88335522.9,523964.79,5.0,156.775
2026-10-05,1008,Corrientes,75976580.46,2310777.97,23.0,483.057
2026-10-05,1010,Córdoba Sur,53028828.31,0.0,0.0,0.0
2026-10-05,1011,Salta,61759936.73,1334112.1,15.0,294.257
2026-10-05,1012,Santiago,68780505.34,455724.46,4.0,33.17
2026-10-05,1013,Tigre,49259715.11,0.0,0.0,0.0
2026-10-05,1014,Lujan,47426307.49,0.0,0.0,0.0
2026-10-05,1015,Maipú,59129754.27,0.0,0.0,0.0
2026-10-05,1016,Avellaneda 2,63293643.79,0.0,0.0,0.0
2026-10-05,1017,La Tablada,52361107.98,0.0,0.0,0.0
2026-10-05,1018,Quilmes,51920440.08,0.0,0.0,0.0
2026-10-05,1020,Tucumán,73455731.04,4606344.36,39.0,1306.294
2026-10-05,1021,Neuquén 2,68191907.09,0.0,0.0,0.0
2026-10-05,1022,Bariloche,60538087.92,371175.74,3.0,131.687
2026-10-05,1023,La Pampa,45750857.53,0.0,0.0,0.0
2026-10-05,1024,Formosa,65278697.59,3467853.76,42.0,1401.099
2026-10-05,1026,Catamarca,46724190.71,0.0,0.0,0.0
2026-10-05,1027,Mataderos,17331507.08,0.0,0.0,0.0
2026-10-05,1028,Alte Brown,41159435.26,0.0,0.0,0.0
2026-10-05,1029,Moreno,34929469.16,0.0,0.0,0.0
2026-10-05,1030,José C Paz,15638475.49,0.0,0.0,0.0
2026-10-05,1031,Jujuy,72247304.69,1497303.52,22.0,439.354
2026-10-05,1032,Malvinas Arg,47667556.6,0.0,0.0,0.0
2026-10-05,1033,Rio Salí,33330247.76,1688857.96,3.0,18.066
2026-10-05,1035,3 de Febrero,31003395.5,0.0,0.0,0.0
2026-10-05,1036,Moreno Shopping,14949155.64,0.0,0.0,0.0
2026-10-05,1038,Cipolletti,69445227.33,1959046.56,21.0,547.01
2026-10-05,1039,Paraná 2,58173783.7,0.0,0.0,0.0
2026-10-05,1042,Trelew,42577555.74,2381555.0,6.0,186.131
2026-10-05,1043,Laferrere,38352554.64,0.0,0.0,0.0
2026-10-05,1044,"Hurlingham (AV, Villegas)",14212862.5,0.0,0.0,0.0
2026-10-05,1045,"Hurlingham (AV, Vergara)",13572968.39,0.0,0.0,0.0
2026-10-05,1046,Pergamino,19906801.18,0.0,0.0,0.0
2026-10-05,1050,Lanús,35914664.01,0.0,0.0,0.0
2026-10-05,1051,Posadas,79750599.3,195462.9,3.0,59.56
2026-10-05,1052,Oran,35392656.88,105600.75,2.0,17.0
2026-10-05,1053,Viedma,34443165.79,0.0,0.0,0.0
2026-10-05,1054,Olavarría,47403736.88,1635846.74,18.0,419.62
2026-10-05,1055,Villa Mercedes,41169094.39,942482.11,13.0,415.806
2026-10-05,1056,Villa Nueva,41305335.46,44134.9,1.0,24.0
2026-10-05,1057,Comodoro Rivadavia,73237128.42,3828738.3,33.0,1167.039
2026-10-05,1058,Resistencia,42966636.37,3679697.71,51.0,1160.0
2026-10-05,1059,Gonzalez Catán,32265253.96,0.0,0.0,0.0
2026-10-05,1060,Fuerza Aérea (Cba),35547999.46,0.0,0.0,0.0
2026-10-05,1061,Junín,56910439.8,738526.35,5.0,66.0
2026-10-05,1066,1066,2178929.01,0.0,0.0,0.0
2026-10-05,1067,San Martín (Mza),32151783.53,187200.61,3.0,60.0
2026-10-05,1068,Palmares (Mza),91753051.22,0.0,0.0,0.0
2026-10-05,1074,Goya (Ctes),15393467.22,69000.0,1.0,30.0
2026-10-05,1075,Salta Fuerza Aérea,47437845.33,0.0,0.0,0.0
2026-10-05,1076,Lomas de Zamora,43087893.05,0.0,0.0,0.0
2026-10-05,1077,Gral Pico (La Pampa),52028513.02,635540.43,3.0,120.591
2026-10-05,1078,Salta Tartagal,43903735.11,784999.12,1.0,1.0
2026-10-05,1080,Santiago del Estero Sur,38886774.64,1623368.54,19.0,491.27
2026-10-05,1081,Rawson San Juan,34380699.44,0.0,0.0,0.0
2026-10-05,1082,"Tucumán (Av, Jujuy)",15100898.42,0.0,0.0,0.0
2026-10-05,1084,San Vicente,12358456.99,0.0,0.0,0.0
2026-10-05,1085,"Corrientes (Av, Maipú)",19827623.5,0.0,0.0,0.0
2026-10-05,1086,Formosa II,36928255.65,0.0,0.0,0.0
2026-10-05,1087,Pilar,71187131.27,4748492.82,42.0,1407.285
2026-10-05,1088,"Tuc, Concepción",37897777.57,0.0,0.0,0.0
2026-10-05,1092,San Juan Norte,43702376.33,1199999.25,1.0,1.0
2026-10-05,1093,Comodoro Rivadavia Norte,59219789.72,0.0,0.0,0.0
2026-10-05,1096,Caseros,44977363.57,0.0,0.0,0.0
2026-10-05,1097,Donato Alvarez (Cba),33183236.73,0.0,0.0,0.0
2026-10-05,1098,"R,S, Peña, Chaco",22248946.97,0.0,0.0,0.0
2026-10-05,1099,Posadas II,34732898.23,204999.0,1.0,1.0
2026-10-05,1100,Santa Rosa (La Pampa) II,37049536.36,0.0,0.0,0.0
2026-10-05,1102,1102,2484491.86,0.0,0.0,0.0
2026-10-05,1103,1103,3431028.75,0.0,0.0,0.0
2026-10-05,1106,"Tuc, Ejército Del Norte",18822712.5,0.0,0.0,0.0
2026-10-05,1108,Puerto Madryn,44955894.31,192953.0,3.0,61.702
2026-10-05,1109,1109,2920548.05,0.0,0.0,0.0
2026-10-05,1110,Claypole,21798931.74,0.0,0.0,0.0
2026-10-05,1111,San Pedro de Jujuy,23865124.76,0.0,0.0,0.0
2026-10-05,1114,Clorinda,23682976.84,0.0,0.0,0.0
2026-10-05,1115,General Roca,39932253.32,775691.04,10.0,266.73
2026-10-05,1116,Moron,31502965.7,0.0,0.0,0.0
2026-10-05,1119,Moreno Derqui,20544057.14,0.0,0.0,0.0
2026-10-05,2997,Constituyentes,241889697.61,22493405.2,195.0,6577.813
2026-10-05,2998,San Justo,100340877.77,12071621.35,107.0,4094.0
2026-10-05,2999,Avellaneda,109477974.1,10933837.64,97.0,3419.323
2026-10-05,3601,La Plata,136002132.87,11599242.38,86.0,3823.411
2026-10-05,3602,Bahía Blanca,120412076.77,7361323.99,55.0,1803.644
2026-10-05,3603,Santa Fe,115237654.79,4938615.14,48.0,1528.447
2026-10-05,3604,Paraná,69573379.04,8806264.48,48.0,1784.588
2026-10-05,3605,Córdoba Oeste,173556013.98,15394914.59,114.0,4216.292
2026-10-05,3606,Córdoba Este,86054597.59,0.0,0.0,0.0
2026-10-05,3608,Neuquén,125246388.63,4237502.97,26.0,1175.903
2026-10-05,3613,Mendoza,121393592.07,9000407.88,79.0,2833.389
2026-10-05,4001,Campana,20166128.89,31242.75,1.0,13.0
2026-10-06,1002,Rio IV,50410420.78,4037599.99,38.0,1380.795
2026-10-06,1003,San Luis,64336988.14,3935511.86,27.0,649.048
2026-10-06,1004,San Fernando,72927198.69,8150903.95,37.0,821.144
2026-10-06,1005,Las Heras,43008303.15,0.0,0.0,0.0
2026-10-06,1006,San Juan,53538827.19,4077619.49,32.0,1232.017
2026-10-06,1007,La Rioja,111888131.57,1261100.64,5.0,122.488
2026-10-06,1008,Corrientes,54099492.89,1127483.89,15.0,313.994
2026-10-06,1010,Córdoba Sur,43971197.94,0.0,0.0,0.0
2026-10-06,1011,Salta,37621298.93,530223.8,8.0,144.352
2026-10-06,1012,Santiago,61883917.65,20239.3,1.0,10.0
2026-10-06,1013,Tigre,55419543.99,0.0,0.0,0.0
2026-10-06,1014,Lujan,35592360.85,0.0,0.0,0.0
2026-10-06,1015,Maipú,39932287.2,0.0,0.0,0.0
2026-10-06,1016,Avellaneda 2,45507287.13,314991.0,1.0,1.0
2026-10-06,1017,La Tablada,37637197.46,0.0,0.0,0.0
2026-10-06,1018,Quilmes,30314022.84,203046.9,2.0,92.0
2026-10-06,1020,Tucumán,46161096.91,4098769.83,30.0,965.408
2026-10-06,1021,Neuquén 2,75664896.95,0.0,0.0,0.0
2026-10-06,1022,Bariloche,65943831.55,793156.99,2.0,33.022
2026-10-06,1023,La Pampa,53026007.85,295353.85,2.0,89.0
2026-10-06,1024,Formosa,73821996.82,2900075.46,40.0,979.385
2026-10-06,1026,Catamarca,35625704.17,1624920.87,5.0,20.0
2026-10-06,1027,Mataderos,13007199.26,3117745.89,4.0,4.0
2026-10-06,1028,Alte Brown,36247961.4,489999.31,1.0,1.0
2026-10-06,1029,Moreno,28490566.39,0.0,0.0,0.0
2026-10-06,1030,José C Paz,15432748.91,319999.2,1.0,1.0
2026-10-06,1031,Jujuy,47875062.85,1185449.19,12.0,186.346
2026-10-06,1032,Malvinas Arg,44377841.66,0.0,0.0,0.0
2026-10-06,1033,Rio Salí,32821142.37,655651.31,3.0,49.0
2026-10-06,1035,3 de Febrero,29103707.33,0.0,0.0,0.0
2026-10-06,1036,Moreno Shopping,14472511.77,0.0,0.0,0.0
2026-10-06,1038,Cipolletti,74832314.89,916911.11,12.0,290.544
2026-10-06,1039,Paraná 2,53058026.89,0.0,0.0,0.0
2026-10-06,1042,Trelew,52609493.73,18854.0,1.0,16.0
2026-10-06,1043,Laferrere,24937237.63,0.0,0.0,0.0
2026-10-06,1044,"Hurlingham (AV, Villegas)",13764338.31,0.0,0.0,0.0
2026-10-06,1045,"Hurlingham (AV, Vergara)",10875499.5,0.0,0.0,0.0
2026-10-06,1046,Pergamino,17238044.36,43176.0,1.0,24.0
2026-10-06,1050,Lanús,32551351.9,0.0,0.0,0.0
2026-10-06,1051,Posadas,49509052.7,525541.65,4.0,55.0
2026-10-06,1052,Oran,30530982.77,0.0,0.0,0.0
2026-10-06,1053,Viedma,38023066.14,0.0,0.0,0.0
2026-10-06,1054,Olavarría,37868955.31,1663459.58,10.0,620.655
2026-10-06,1055,Villa Mercedes,32717086.24,595858.52,8.0,171.869
2026-10-06,1056,Villa Nueva,27253515.43,1355702.5,4.0,84.0
2026-10-06,1057,Comodoro Rivadavia,81382103.57,3950757.14,34.0,1437.902
2026-10-06,1058,Resistencia,35141905.75,1214334.83,16.0,410.85
2026-10-06,1059,Gonzalez Catán,34480199.81,0.0,0.0,0.0
2026-10-06,1060,Fuerza Aérea (Cba),31026244.57,0.0,0.0,0.0
2026-10-06,1061,Junín,38579091.6,458105.0,3.0,155.0
2026-10-06,1066,1066,1979372.28,0.0,0.0,0.0
2026-10-06,1067,San Martín (Mza),21524402.47,548214.89,3.0,56.108
2026-10-06,1068,Palmares (Mza),52677844.45,0.0,0.0,0.0
2026-10-06,1074,Goya (Ctes),11511718.25,38881.65,1.0,24.0
2026-10-06,1075,Salta Fuerza Aérea,32238018.92,0.0,0.0,0.0
2026-10-06,1076,Lomas de Zamora,32328748.42,0.0,0.0,0.0
2026-10-06,1077,Gral Pico (La Pampa),40537685.51,460955.6,2.0,126.57
2026-10-06,1078,Salta Tartagal,43610338.55,897928.71,2.0,61.67
2026-10-06,1080,Santiago del Estero Sur,33429174.39,1144784.99,9.0,24.775
2026-10-06,1081,Rawson San Juan,26695515.92,0.0,0.0,0.0
2026-10-06,1082,"Tucumán (Av, Jujuy)",15236742.57,0.0,0.0,0.0
2026-10-06,1084,San Vicente,9701924.07,0.0,0.0,0.0
2026-10-06,1085,"Corrientes (Av, Maipú)",20321687.25,0.0,0.0,0.0
2026-10-06,1086,Formosa II,43197544.86,0.0,0.0,0.0
2026-10-06,1087,Pilar,51872715.55,8835634.48,71.0,2425.871
2026-10-06,1088,"Tuc, Concepción",35715444.24,479997.0,1.0,4.0
2026-10-06,1092,San Juan Norte,30594195.45,0.0,0.0,0.0
2026-10-06,1093,Comodoro Rivadavia Norte,59427320.24,0.0,0.0,0.0
2026-10-06,1096,Caseros,24398905.81,0.0,0.0,0.0
2026-10-06,1097,Donato Alvarez (Cba),34526443.38,0.0,0.0,0.0
2026-10-06,1098,"R,S, Peña, Chaco",19971034.35,125768.0,1.0,52.0
2026-10-06,1099,Posadas II,35007208.35,0.0,0.0,0.0
2026-10-06,1100,Santa Rosa (La Pampa) II,37055820.09,0.0,0.0,0.0
2026-10-06,1102,1102,1821095.11,0.0,0.0,0.0
2026-10-06,1103,1103,3454048.05,0.0,0.0,0.0
2026-10-06,1106,"Tuc, Ejército Del Norte",16675516.3,0.0,0.0,0.0
2026-10-06,1107,1107,422.34,0.0,0.0,0.0
2026-10-06,1108,Puerto Madryn,48579450.03,226370.06,5.0,84.615
2026-10-06,1109,1109,3696540.12,0.0,0.0,0.0
2026-10-06,1110,Claypole,19570512.28,0.0,0.0,0.0
2026-10-06,1111,San Pedro de Jujuy,30473974.13,0.0,0.0,0.0
2026-10-06,1114,Clorinda,21484144.99,27005.1,1.0,7.0
2026-10-06,1115,General Roca,38488870.74,286749.61,4.0,78.92
2026-10-06,1116,Moron,24007517.0,0.0,0.0,0.0
2026-10-06,1119,Moreno Derqui,24614165.76,0.0,0.0,0.0
2026-10-06,2997,Constituyentes,135674142.87,25669118.32,216.0,6969.091
2026-10-06,2998,San Justo,73164915.22,12198563.32,101.0,3270.986
2026-10-06,2999,Avellaneda,80207291.76,14453907.32,108.0,3506.717
2026-10-06,3601,La Plata,94632721.71,9077094.31,88.0,2724.44
2026-10-06,3602,Bahía Blanca,81787646.68,8037951.16,64.0,1984.676
2026-10-06,3603,Santa Fe,73310439.21,8646556.04,65.0,2279.388
2026-10-06,3604,Paraná,56820330.44,3823177.01,38.0,1124.467
2026-10-06,3605,Córdoba Oeste,145168461.69,21799593.03,171.0,5666.123
2026-10-06,3606,Córdoba Este,77667026.48,0.0,0.0,0.0
2026-10-06,3608,Neuquén,133287212.75,4770642.89,34.0,1245.928
2026-10-06,3613,Mendoza,80870583.85,10107365.9,81.0,2936.997
2026-10-06,4001,Campana,22369374.36,0.0,0.0,0.0
2026-10-07,1002,Rio IV,52358862.17,3488117.08,26.0,690.756
2026-10-07,1003,San Luis,65817781.31,1924408.44,26.0,701.48
2026-10-07,1004,San Fernando,63350460.91,3503002.48,26.0,771.437
2026-10-07,1005,Las Heras,51854354.97,0.0,0.0,0.0
2026-10-07,1006,San Juan,55173287.24,1981289.07,18.0,779.533
2026-10-07,1007,La Rioja,83547987.69,416429.74,7.0,169.106
2026-10-07,1008,Corrientes,50836660.89,697355.15,15.0,333.813
2026-10-07,1010,Córdoba Sur,44887186.28,0.0,0.0,0.0
2026-10-07,1011,Salta,42048113.66,2075084.72,24.0,515.485
2026-10-07,1012,Santiago,51950503.58,350221.07,5.0,85.295
2026-10-07,1013,Tigre,44796860.98,0.0,0.0,0.0
2026-10-07,1014,Lujan,35103360.4,0.0,0.0,0.0
2026-10-07,1015,Maipú,41177329.82,0.0,0.0,0.0
2026-10-07,1016,Avellaneda 2,41392807.45,0.0,0.0,0.0
2026-10-07,1017,La Tablada,35022112.55,0.0,0.0,0.0
2026-10-07,1018,Quilmes,32644204.02,242600.4,5.0,116.0
2026-10-07,1020,Tucumán,50603061.31,3265346.69,23.0,533.686
2026-10-07,1021,Neuquén 2,61380830.64,0.0,0.0,0.0
2026-10-07,1022,Bariloche,74053660.69,42971.45,1.0,22.0
2026-10-07,1023,La Pampa,40445460.09,0.0,0.0,0.0
2026-10-07,1024,Formosa,64244686.4,3212989.05,34.0,1026.763
2026-10-07,1026,Catamarca,55483052.97,0.0,0.0,0.0
2026-10-07,1027,Mataderos,12262598.62,0.0,0.0,0.0
2026-10-07,1028,Alte Brown,29304859.44,0.0,0.0,0.0
2026-10-07,1029,Moreno,30373323.32,186998.3,1.0,2.0
2026-10-07,1030,José C Paz,14146504.77,0.0,0.0,0.0
2026-10-07,1031,Jujuy,69846081.26,950274.89,11.0,275.652
2026-10-07,1032,Malvinas Arg,46549042.49,511699.3,1.0,1.0
2026-10-07,1033,Rio Salí,33628107.51,28074.0,1.0,8.0
2026-10-07,1035,3 de Febrero,24304542.89,0.0,0.0,0.0
2026-10-07,1036,Moreno Shopping,10055619.0,0.0,0.0,0.0
2026-10-07,1038,Cipolletti,78507847.22,712969.32,12.0,251.742
2026-10-07,1039,Paraná 2,57035908.24,0.0,0.0,0.0
2026-10-07,1042,Trelew,50293755.37,39664.0,1.0,16.0
2026-10-07,1043,Laferrere,28045304.04,0.0,0.0,0.0
2026-10-07,1044,"Hurlingham (AV, Villegas)",9755098.74,0.0,0.0,0.0
2026-10-07,1045,"Hurlingham (AV, Vergara)",9038327.3,0.0,0.0,0.0
2026-10-07,1046,Pergamino,14891466.82,0.0,0.0,0.0
2026-10-07,1050,Lanús,27536410.41,0.0,0.0,0.0
2026-10-07,1051,Posadas,48968579.48,218282.03,3.0,110.252
2026-10-07,1052,Oran,29442958.16,0.0,0.0,0.0
2026-10-07,1053,Viedma,35685773.88,0.0,0.0,0.0
2026-10-07,1054,Olavarría,43454684.92,934571.48,7.0,312.579
2026-10-07,1055,Villa Mercedes,40091776.23,1259193.81,11.0,217.0
2026-10-07,1056,Villa Nueva,27364627.58,0.0,0.0,0.0
2026-10-07,1057,Comodoro Rivadavia,82931311.67,3388535.53,13.0,755.883
2026-10-07,1058,Resistencia,30182701.07,397730.42,6.0,160.705
2026-10-07,1059,Gonzalez Catán,40172631.95,0.0,0.0,0.0
2026-10-07,1060,Fuerza Aérea (Cba),27891631.85,0.0,0.0,0.0
2026-10-07,1061,Junín,48440735.05,0.0,0.0,0.0
2026-10-07,1066,1066,2031472.68,0.0,0.0,0.0
2026-10-07,1067,San Martín (Mza),23325224.96,0.0,0.0,0.0
2026-10-07,1068,Palmares (Mza),60699852.27,0.0,0.0,0.0
2026-10-07,1074,Goya (Ctes),17569378.87,269056.02,2.0,60.527
2026-10-07,1075,Salta Fuerza Aérea,34274837.49,0.0,0.0,0.0
2026-10-07,1076,Lomas de Zamora,35992588.22,0.0,0.0,0.0
2026-10-07,1077,Gral Pico (La Pampa),41266255.82,317266.57,1.0,72.0
2026-10-07,1078,Salta Tartagal,34117918.64,131216.57,1.0,41.206
2026-10-07,1080,Santiago del Estero Sur,32857257.81,3472023.03,30.0,863.093
2026-10-07,1081,Rawson San Juan,28343669.04,0.0,0.0,0.0
2026-10-07,1082,"Tucumán (Av, Jujuy)",16632322.86,0.0,0.0,0.0
2026-10-07,1084,San Vicente,10909094.33,0.0,0.0,0.0
2026-10-07,1085,"Corrientes (Av, Maipú)",15555153.09,0.0,0.0,0.0
2026-10-07,1086,Formosa II,30923635.96,0.0,0.0,0.0
2026-10-07,1087,Pilar,47396579.23,4742631.41,37.0,1248.061
2026-10-07,1088,"Tuc, Concepción",34813038.02,38578.3,1.0,16.0
2026-10-07,1092,San Juan Norte,26545050.36,0.0,0.0,0.0
2026-10-07,1093,Comodoro Rivadavia Norte,63371973.13,0.0,0.0,0.0
2026-10-07,1096,Caseros,28683912.69,0.0,0.0,0.0
2026-10-07,1097,Donato Alvarez (Cba),30294431.62,0.0,0.0,0.0
2026-10-07,1098,"R,S, Peña, Chaco",16928327.76,0.0,0.0,0.0
2026-10-07,1099,Posadas II,35851773.5,559999.0,1.0,1.0
2026-10-07,1100,Santa Rosa (La Pampa) II,34505598.07,0.0,0.0,0.0
2026-10-07,1102,1102,1807058.54,0.0,0.0,0.0
2026-10-07,1103,1103,3936754.57,0.0,0.0,0.0
2026-10-07,1106,"Tuc, Ejército Del Norte",17569278.0,87999.45,1.0,1.0
2026-10-07,1108,Puerto Madryn,53555251.87,74571.0,1.0,52.0
2026-10-07,1109,1109,3297125.27,0.0,0.0,0.0
2026-10-07,1110,Claypole,18821211.64,0.0,0.0,0.0
2026-10-07,1111,San Pedro de Jujuy,29438058.1,0.0,0.0,0.0
2026-10-07,1114,Clorinda,20028992.72,0.0,0.0,0.0
2026-10-07,1115,General Roca,40318396.61,1484026.54,10.0,163.42
2026-10-07,1116,Moron,25098293.7,0.0,0.0,0.0
2026-10-07,1119,Moreno Derqui,23122967.07,0.0,0.0,0.0
2026-10-07,2997,Constituyentes,136823125.78,13795904.6,129.0,3456.895
2026-10-07,2998,San Justo,74537688.83,8284585.39,77.0,2517.772
2026-10-07,2999,Avellaneda,66538495.78,6062963.47,57.0,1706.623
2026-10-07,3601,La Plata,88887429.6,8840263.62,58.0,1902.115
2026-10-07,3602,Bahía Blanca,84688824.42,2637424.54,29.0,797.112
2026-10-07,3603,Santa Fe,69951194.47,3172958.35,24.0,615.015
2026-10-07,3604,Paraná,64823462.74,1944348.29,23.0,596.687
2026-10-07,3605,Córdoba Oeste,124593277.56,12593159.88,113.0,3938.81
2026-10-07,3606,Córdoba Este,66616490.81,0.0,0.0,0.0
2026-10-07,3608,Neuquén,135571894.24,2902866.15,25.0,828.667
2026-10-07,3613,Mendoza,84904599.8,7588088.43,69.0,1907.583
2026-10-07,4001,Campana,21591601.85,380032.43,3.0,134.182
